observation_date,CPIAUCSL,CPILFESL,DCOILWTICO,DGS1,DGS10,DGS2,DGS30,DGS3MO,DGS5,FEDFUNDS,GDPC1,HOUST,ICSA,INDPRO,RSAFS,UMCSENT,UNRATE,VIXCLS,INFLATION_YOY,CORE_INFLATION_YOY,GDP_GROWTH_YOY,INDPRO_GROWTH_YOY,RSAFS_GROWTH_YOY,HOUST_GROWTH_YOY,DGS3MO_CHANGE,DGS1_CHANGE,DGS2_CHANGE,DGS5_CHANGE,DGS10_CHANGE,DGS30_CHANGE,SPREAD_10Y_2Y,SPREAD_10Y_3M,SPREAD_30Y_10Y,SPREAD_5Y_2Y,SPREAD_2Y_3M,SPREAD_10Y_2Y_LAG1,SPREAD_10Y_2Y_LAG3,FEDFUNDS_CHANGE,UNRATE_CHANGE,VIX_CHANGE,WTI_CHANGE,UMCSENT_CHANGE,CURVE_LEVEL,CURVE_SLOPE,CURVE_CURVATURE,DGS2_FEDFUNDS_SPREAD,DGS10_FEDFUNDS_SPREAD,VIX_LOG,WTI_LOG_RETURN,INFLATION_YOY_LAG1,INFLATION_YOY_LAG3,INFLATION_YOY_LAG6,INFLATION_YOY_LAG12,CORE_INFLATION_YOY_LAG1,CORE_INFLATION_YOY_LAG3,CORE_INFLATION_YOY_LAG6,CORE_INFLATION_YOY_LAG12,GDP_GROWTH_YOY_LAG1,GDP_GROWTH_YOY_LAG3,GDP_GROWTH_YOY_LAG6,GDP_GROWTH_YOY_LAG12,FEDFUNDS_LAG1,FEDFUNDS_LAG3,FEDFUNDS_LAG6,FEDFUNDS_LAG12,UNRATE_LAG1,UNRATE_LAG3,UNRATE_LAG6,UNRATE_LAG12,VIX_LOG_LAG1,VIX_LOG_LAG3,VIX_LOG_LAG6,VIX_LOG_LAG12
1994-02-01,146.3,154.5,14.5,4.03,6.15,4.67,6.67,3.47,5.6,3.05,10939.116,1272.0,359200.0,66.7351,179615.0,93.2,6.6,14.87,2.450980392156854,2.931379080612939,3.430706936043171,3.3086266095749384,5.967551622418887,5.123966942148761,0.4200000000000004,0.5000000000000004,0.5499999999999998,0.5800000000000001,0.4500000000000002,0.4399999999999995,1.4800000000000004,2.68,0.5199999999999996,0.9299999999999997,1.1999999999999997,1.58,1.6100000000000003,0.08999999999999986,0.09999999999999964,4.239999999999998,-0.7400000000000002,-1.0999999999999943,5.098333333333334,2.68,-0.14000000000000057,1.62,3.1000000000000005,2.6993457604720636,-0.049774900831971565,2.8109627547435068,2.752293577981657,2.8469750889679624,3.2537960954446943,3.141711229946531,3.0913978494623517,3.1842818428184483,3.4458993797381154,2.6077107599381977,2.6077107599381977,2.2865117406066116,3.3199058070509935,2.96,2.99,3.06,3.02,6.5,6.8,6.9,7.3,2.363680192353857,2.6217658325051976,2.47232786758114,2.5771819258971713
1994-03-01,146.7,154.8,14.78,4.5,6.77,5.21,7.11,3.56,6.23,3.25,10939.116,1337.0,348500.0,66.774,183101.0,91.5,6.6,20.45,2.515723270440251,2.788844621513964,3.430706936043171,2.8734118125557373,8.446458185264149,10.495867768595035,0.08999999999999986,0.46999999999999975,0.54,0.6300000000000008,0.6199999999999992,0.4400000000000004,1.5599999999999996,3.2099999999999995,0.34000000000000075,1.0200000000000005,1.65,1.4800000000000004,1.58,0.20000000000000018,0.0,5.58,0.27999999999999936,-1.7000000000000028,5.5633333333333335,3.2099999999999995,0.04499999999999993,1.96,3.5199999999999996,3.017982882488811,0.01912626609352699,2.450980392156854,2.7445460942997935,2.840909090909083,3.2467532467532534,2.931379080612939,3.1501340482573914,3.313049357674114,3.576341127922955,3.430706936043171,2.6077107599381977,2.2865117406066116,3.3199058070509935,3.05,3.02,3.03,3.03,6.6,6.6,6.8,7.1,2.6993457604720636,2.4561641809223462,2.5641798306825083,2.528125768907977
1994-04-01,147.1,155.3,16.92,5.07,7.06,5.73,7.31,3.97,6.64,3.34,10939.116,1564.0,335750.0,67.4552,186721.0,92.6,6.5,13.77,2.6517794836008246,2.984084880636595,3.430706936043171,4.013742016462052,11.354230030653255,44.41366574330563,0.41000000000000014,0.5700000000000003,0.5200000000000005,0.40999999999999925,0.29000000000000004,0.1999999999999993,1.3299999999999992,3.0899999999999994,0.25,0.9099999999999993,1.7600000000000002,1.5599999999999996,1.58,0.08999999999999986,-0.09999999999999964,-6.68,2.1400000000000023,1.0999999999999943,5.963333333333334,3.0899999999999994,0.21500000000000075,2.3900000000000006,3.7199999999999998,2.6224923127405635,0.13522143865802164,2.515723270440251,2.8109627547435068,2.7639971651311157,3.0194104960460155,2.788844621513964,3.141711229946531,3.241053342336264,3.358464701850594,3.430706936043171,2.6077107599381977,2.2865117406066116,3.3199058070509935,3.25,2.96,3.09,3.07,6.6,6.5,6.7,7.0,3.017982882488811,2.363680192353857,2.4388627112865935,2.519308076505333
1994-05-01,147.2,155.5,18.3,5.38,7.17,6.01,7.44,4.31,6.77,3.56,11087.361,1465.0,344000.0,67.8541,186423.0,92.8,6.4,13.03,2.364394993045882,2.7080581241743618,4.225610689832271,4.342604424720231,8.321228108912159,16.454689984101755,0.3399999999999994,0.3099999999999996,0.27999999999999936,0.1299999999999999,0.11000000000000032,0.13000000000000078,1.1600000000000001,2.8600000000000003,0.27000000000000046,0.7599999999999998,1.7000000000000002,1.3299999999999992,1.4800000000000004,0.2200000000000002,-0.09999999999999964,-0.7400000000000002,1.379999999999999,0.20000000000000284,6.18,2.8600000000000003,0.2699999999999996,2.4499999999999997,3.61,2.567254391136754,0.078404705669298,2.6517794836008246,2.450980392156854,2.752293577981657,3.1563845050215145,2.984084880636595,2.931379080612939,3.0913978494623517,3.4859876965140035,3.430706936043171,3.430706936043171,2.6077107599381977,2.806668207145946,3.34,3.05,2.99,2.96,6.5,6.6,6.8,7.1,2.6224923127405635,2.6993457604720636,2.6217658325051976,2.6004649904222727
1994-06-01,147.5,155.9,19.37,5.51,7.34,6.19,7.63,4.26,6.97,4.01,11087.361,1526.0,359000.0,68.1663,185616.0,91.2,6.1,14.97,2.288488210818307,2.7009222661396493,4.225610689832271,5.220887873549018,7.31729879740981,21.111111111111104,-0.04999999999999982,0.1299999999999999,0.1800000000000006,0.20000000000000018,0.16999999999999993,0.1899999999999995,1.1499999999999995,3.08,0.29000000000000004,0.7799999999999994,1.9300000000000006,1.1600000000000001,1.5599999999999996,0.44999999999999973,-0.3000000000000007,1.9400000000000013,1.0700000000000003,-1.5999999999999943,6.316666666666666,3.08,0.39000000000000057,2.1800000000000006,3.33,2.706048198431537,0.05682441757152933,2.364394993045882,2.515723270440251,2.7445460942997935,3.2211882605583497,2.7080581241743618,2.788844621513964,3.1501340482573914,3.4059945504087086,4.225610689832271,3.430706936043171,2.6077107599381977,2.806668207145946,3.56,3.25,3.02,3.0,6.4,6.6,6.6,7.1,2.567254391136754,3.017982882488811,2.4561641809223462,2.421256622711544
1994-07-01,147.9,156.4,20.3,5.37,7.12,5.99,7.39,4.39,6.73,4.25,11087.361,1409.0,340000.0,68.6265,187800.0,89.0,6.1,11.13,2.494802494802495,2.827087442472065,4.225610689832271,5.692891278467149,8.543619738986695,10.078125000000004,0.1299999999999999,-0.13999999999999968,-0.20000000000000018,-0.23999999999999932,-0.21999999999999975,-0.2400000000000002,1.13,2.7300000000000004,0.2699999999999996,0.7400000000000002,1.6000000000000005,1.1499999999999995,1.3299999999999992,0.2400000000000002,0.0,-3.84,0.9299999999999997,-2.200000000000003,6.165,2.7300000000000004,0.23500000000000032,1.7400000000000002,2.87,2.4096441652874536,0.04689540862883716,2.288488210818307,2.6517794836008246,2.8109627547435068,2.9978586723768963,2.7009222661396493,2.984084880636595,3.141711229946531,3.3990482664853827,4.225610689832271,3.430706936043171,2.6077107599381977,2.806668207145946,4.01,3.34,2.96,3.04,6.1,6.5,6.5,7.0,2.706048198431537,2.6224923127405635,2.363680192353857,2.462149662665384
1994-08-01,148.4,156.7,17.6,5.56,7.19,6.17,7.46,4.68,6.81,4.26,11152.176,1439.0,342200.0,68.7178,188062.0,91.7,6.1,11.97,2.69896193771626,2.8890347997373444,4.337048254936149,5.548865528406344,6.961586149628607,14.752791068580539,0.29000000000000004,0.1899999999999995,0.17999999999999972,0.07999999999999918,0.07000000000000028,0.07000000000000028,1.0200000000000005,2.5100000000000007,0.2699999999999996,0.6399999999999997,1.4900000000000002,1.13,1.1600000000000001,0.009999999999999787,0.0,0.8399999999999999,-2.6999999999999993,2.700000000000003,6.3116666666666665,2.5100000000000007,0.23499999999999943,1.9100000000000001,2.9300000000000006,2.482403519569882,-0.1427219840036355,2.494802494802495,2.364394993045882,2.450980392156854,2.8469750889679624,2.827087442472065,2.7080581241743618,2.931379080612939,3.1842818428184483,4.225610689832271,4.225610689832271,3.430706936043171,2.2865117406066116,4.25,3.56,3.05,3.06,6.1,6.4,6.6,6.9,2.4096441652874536,2.567254391136754,2.6993457604720636,2.47232786758114
1994-09-01,149.0,157.1,18.36,5.96,7.62,6.62,7.82,4.8,7.28,4.47,11152.176,1450.0,336250.0,69.1785,190771.0,91.5,6.0,14.28,2.900552486187835,2.814136125654443,4.337048254936149,6.384761951629092,8.86705129741545,11.538461538461542,0.1200000000000001,0.40000000000000036,0.4500000000000002,0.47000000000000064,0.4299999999999997,0.3600000000000003,1.0,2.8200000000000003,0.20000000000000018,0.6600000000000001,1.8200000000000003,1.0200000000000005,1.1499999999999995,0.20999999999999996,-0.09999999999999964,2.3099999999999987,0.759999999999998,-0.20000000000000284,6.683333333333334,2.8200000000000003,0.41000000000000014,2.1500000000000004,3.1500000000000004,2.658859956911438,0.04227548314823812,2.69896193771626,2.288488210818307,2.515723270440251,2.840909090909083,2.8890347997373444,2.7009222661396493,2.788844621513964,3.313049357674114,4.337048254936149,4.225610689832271,3.430706936043171,2.2865117406066116,4.26,4.01,3.25,3.03,6.1,6.1,6.6,6.8,2.482403519569882,2.706048198431537,3.017982882488811,2.5641798306825083
1994-10-01,149.3,157.5,18.16,6.18,7.81,6.84,7.97,5.2,7.48,4.73,11152.176,1474.0,330250.0,69.3961,192585.0,92.7,5.9,14.56,2.965517241379323,3.00850228907783,4.337048254936149,6.156180732641192,9.046589055988408,9.75428145941921,0.40000000000000036,0.21999999999999975,0.21999999999999975,0.20000000000000018,0.1899999999999995,0.14999999999999947,0.9699999999999998,2.6099999999999994,0.16000000000000014,0.6400000000000006,1.6399999999999997,1.0,1.13,0.2600000000000007,-0.09999999999999964,0.28000000000000114,-0.1999999999999993,1.2000000000000028,6.913333333333333,2.6099999999999994,0.33499999999999996,2.1099999999999994,3.079999999999999,2.67827804276854,-0.010953012019197093,2.900552486187835,2.494802494802495,2.6517794836008246,2.7639971651311157,2.814136125654443,2.827087442472065,2.984084880636595,3.241053342336264,4.337048254936149,4.225610689832271,3.430706936043171,2.2865117406066116,4.47,4.25,3.34,3.09,6.0,6.1,6.5,6.7,2.658859956911438,2.4096441652874536,2.6224923127405635,2.4388627112865935
1994-11-01,149.4,157.8,18.06,6.91,7.91,7.4,7.99,5.72,7.79,4.76,11279.932,1450.0,333400.0,69.9544,193914.0,91.6,5.8,15.95,2.609890109890123,2.8683181225554133,4.116167021429895,6.231501771426062,9.19318872896817,4.166666666666674,0.5199999999999996,0.7300000000000004,0.5600000000000005,0.3099999999999996,0.10000000000000053,0.020000000000000462,0.5099999999999998,2.1900000000000004,0.08000000000000007,0.3899999999999997,1.6800000000000006,0.9699999999999998,1.0200000000000005,0.02999999999999936,-0.10000000000000053,1.3899999999999988,-0.10000000000000142,-1.1000000000000085,7.286666666666668,2.1900000000000004,0.5850000000000009,2.6400000000000006,3.1500000000000004,2.7694588292308535,-0.005521825184307973,2.965517241379323,2.69896193771626,2.364394993045882,2.752293577981657,3.00850228907783,2.8890347997373444,2.7080581241743618,3.0913978494623517,4.337048254936149,4.337048254936149,4.225610689832271,2.6077107599381977,4.73,4.26,3.56,2.99,5.9,6.1,6.4,6.8,2.67827804276854,2.482403519569882,2.567254391136754,2.6217658325051976
1994-12-01,149.8,158.2,17.77,7.2,7.84,7.69,7.89,5.68,7.83,5.29,11279.932,1511.0,328000.0,70.4326,194425.0,95.1,5.6,13.2,2.602739726027403,2.7940220922676895,4.116167021429895,6.4711768991924545,8.15930306300694,9.811046511627897,-0.040000000000000036,0.29000000000000004,0.29000000000000004,0.040000000000000036,-0.07000000000000028,-0.10000000000000053,0.14999999999999947,2.16,0.04999999999999982,0.13999999999999968,2.0100000000000007,0.5099999999999998,1.0,0.5300000000000002,-0.20000000000000018,-2.75,-0.28999999999999915,3.5,7.3549999999999995,2.16,0.9300000000000006,2.4000000000000004,2.55,2.580216829592325,-0.016187905822279296,2.609890109890123,2.900552486187835,2.288488210818307,2.7445460942997935,2.8683181225554133,2.814136125654443,2.7009222661396493,3.1501340482573914,4.116167021429895,4.337048254936149,4.225610689832271,2.6077107599381977,4.76,4.47,4.01,3.02,5.8,6.0,6.1,6.6,2.7694588292308535,2.658859956911438,2.706048198431537,2.4561641809223462
1995-01-01,150.1,158.3,18.48,6.84,7.6,7.26,7.71,6.0,7.54,5.45,11279.932,1455.0,323200.0,71.1523,194939.0,97.6,5.5,11.96,2.597402597402576,2.5923525599481634,4.116167021429895,6.925835091579047,7.655306858408295,-5.088062622309197,0.3200000000000003,-0.3600000000000003,-0.4300000000000006,-0.29000000000000004,-0.2400000000000002,-0.17999999999999972,0.33999999999999986,1.5999999999999996,0.11000000000000032,0.28000000000000025,1.2599999999999998,0.14999999999999947,0.9699999999999998,0.16000000000000014,-0.09999999999999964,-1.2399999999999984,0.7100000000000009,2.5,7.158333333333334,1.5999999999999996,0.45999999999999996,1.8099999999999996,2.1499999999999995,2.481567748522486,0.03917742404697819,2.602739726027403,2.965517241379323,2.494802494802495,2.8109627547435068,2.7940220922676895,3.00850228907783,2.827087442472065,3.141711229946531,4.116167021429895,4.337048254936149,4.225610689832271,2.6077107599381977,5.29,4.73,4.25,2.96,5.6,5.9,6.1,6.5,2.580216829592325,2.67827804276854,2.4096441652874536,2.363680192353857
1995-02-01,150.5,159.0,18.52,6.44,7.22,6.79,7.46,5.94,7.06,5.53,11319.951,1407.0,333500.0,71.2734,195908.0,95.1,5.6,11.75,2.8708133971291794,2.9126213592232997,3.481405627292,6.800469318244806,9.07106867466525,10.61320754716981,-0.05999999999999961,-0.39999999999999947,-0.46999999999999975,-0.4800000000000004,-0.3799999999999999,-0.25,0.4299999999999997,1.2799999999999994,0.2400000000000002,0.2699999999999996,0.8499999999999996,0.33999999999999986,0.5099999999999998,0.08000000000000007,0.09999999999999964,-0.21000000000000085,0.03999999999999915,-2.5,6.818333333333334,1.2799999999999994,0.20999999999999996,1.2599999999999998,1.6899999999999995,2.463853240590168,0.0021621630044950956,2.597402597402576,2.609890109890123,2.69896193771626,2.450980392156854,2.5923525599481634,2.8683181225554133,2.8890347997373444,2.931379080612939,4.116167021429895,4.116167021429895,4.337048254936149,3.430706936043171,5.45,4.76,4.26,3.05,5.5,5.8,6.1,6.6,2.481567748522486,2.7694588292308535,2.482403519569882,2.6993457604720636
1995-03-01,150.9,159.4,19.18,6.49,7.2,6.8,7.44,5.88,7.08,5.92,11319.951,1316.0,337750.0,71.193,193068.0,90.3,5.4,13.37,2.862985685071595,2.9715762273901714,3.481405627292,6.617845269116707,5.44344378239332,-1.5706806282722474,-0.0600000000000005,0.04999999999999982,0.009999999999999787,0.020000000000000462,-0.019999999999999574,-0.019999999999999574,0.40000000000000036,1.3200000000000003,0.2400000000000002,0.28000000000000025,0.9199999999999999,0.4299999999999997,0.14999999999999947,0.3899999999999997,-0.1999999999999993,1.6199999999999992,0.6600000000000001,-4.799999999999997,6.815,1.3200000000000003,0.2599999999999998,0.8799999999999999,1.2800000000000002,2.5930133911138515,0.03501684023725888,2.8708133971291794,2.602739726027403,2.900552486187835,2.515723270440251,2.9126213592232997,2.7940220922676895,2.814136125654443,2.788844621513964,3.481405627292,4.116167021429895,4.337048254936149,3.430706936043171,5.53,5.29,4.47,3.25,5.6,5.6,6.0,6.6,2.463853240590168,2.580216829592325,2.658859956911438,3.017982882488811
1995-04-01,151.2,159.9,20.36,6.32,7.07,6.6,7.34,5.87,6.88,5.98,11319.951,1249.0,340250.0,71.3113,195179.0,92.5,5.4,11.75,2.7872195785180187,2.962009014810052,3.481405627292,5.7165348260771465,4.529752946910093,-20.140664961636833,-0.009999999999999787,-0.16999999999999993,-0.20000000000000018,-0.20000000000000018,-0.1299999999999999,-0.10000000000000053,0.47000000000000064,1.2000000000000002,0.2699999999999996,0.28000000000000025,0.7299999999999995,0.40000000000000036,0.33999999999999986,0.0600000000000005,0.0,-1.6199999999999992,1.1799999999999997,2.200000000000003,6.68,1.2000000000000002,0.129999999999999,0.6199999999999992,1.0899999999999999,2.463853240590168,0.059704122227029865,2.862985685071595,2.597402597402576,2.965517241379323,2.6517794836008246,2.9715762273901714,2.5923525599481634,3.00850228907783,2.984084880636595,3.481405627292,4.116167021429895,4.337048254936149,3.430706936043171,5.92,5.45,4.73,3.34,5.4,5.5,5.9,6.5,2.5930133911138515,2.481567748522486,2.67827804276854,2.6224923127405635
1995-05-01,151.8,160.4,18.88,5.8,6.3,5.89,6.67,5.81,6.08,6.05,11353.721,1267.0,350200.0,71.1882,195310.0,89.8,5.8,12.85,3.125000000000022,3.1511254019292556,2.4023751008017014,4.913630863868201,4.767115645601661,-13.515358361774743,-0.0600000000000005,-0.5200000000000005,-0.71,-0.7999999999999998,-0.7700000000000005,-0.6699999999999999,0.41000000000000014,0.4900000000000002,0.3700000000000001,0.1900000000000004,0.08000000000000007,0.47000000000000064,0.4299999999999997,0.0699999999999994,0.39999999999999947,1.0999999999999996,-1.4800000000000004,-2.700000000000003,6.091666666666666,0.4900000000000002,-0.16500000000000004,-0.16000000000000014,0.25,2.553343811341229,-0.07546903096496736,2.7872195785180187,2.8708133971291794,2.609890109890123,2.364394993045882,2.962009014810052,2.9126213592232997,2.8683181225554133,2.7080581241743618,3.481405627292,3.481405627292,4.116167021429895,4.225610689832271,5.98,5.53,4.76,3.56,5.4,5.6,5.8,6.4,2.463853240590168,2.463853240590168,2.7694588292308535,2.567254391136754
1995-06-01,152.1,160.7,17.38,5.65,6.21,5.79,6.63,5.6,5.98,6.01,11353.721,1314.0,370250.0,71.5378,198060.0,92.7,5.6,11.38,3.1186440677966054,3.078896728672209,2.4023751008017014,4.945992374531105,6.704163434186716,-13.892529488859761,-0.20999999999999996,-0.14999999999999947,-0.09999999999999964,-0.09999999999999964,-0.08999999999999986,-0.040000000000000036,0.41999999999999993,0.6100000000000003,0.41999999999999993,0.1900000000000004,0.1900000000000004,0.41000000000000014,0.40000000000000036,-0.040000000000000036,-0.20000000000000018,-1.4699999999999989,-1.5,2.9000000000000057,5.976666666666667,0.6100000000000003,-0.11499999999999932,-0.21999999999999975,0.20000000000000018,2.431857428698185,-0.0827830408801086,3.125000000000022,2.862985685071595,2.602739726027403,2.288488210818307,3.1511254019292556,2.9715762273901714,2.7940220922676895,2.7009222661396493,2.4023751008017014,3.481405627292,4.116167021429895,4.225610689832271,6.05,5.92,5.29,4.01,5.8,5.4,5.6,6.1,2.553343811341229,2.5930133911138515,2.580216829592325,2.706048198431537
1995-07-01,152.4,161.1,17.62,5.67,6.45,5.88,6.86,5.6,6.16,6.0,11353.721,1281.0,366250.0,71.7749,200383.0,94.4,5.6,13.49,3.0425963488843744,3.0051150895140655,2.4023751008017014,4.587732144288292,6.7002129925452625,-9.08445706174592,0.0,0.019999999999999574,0.08999999999999986,0.17999999999999972,0.2400000000000002,0.23000000000000043,0.5700000000000003,0.8500000000000005,0.41000000000000014,0.28000000000000025,0.28000000000000025,0.41999999999999993,0.47000000000000064,-0.009999999999999787,0.0,2.1099999999999994,0.240000000000002,1.7000000000000028,6.103333333333333,0.8500000000000005,-0.14500000000000046,-0.1200000000000001,0.4500000000000002,2.6019486702196644,0.013714500670787484,3.1186440677966054,2.7872195785180187,2.597402597402576,2.494802494802495,3.078896728672209,2.962009014810052,2.5923525599481634,2.827087442472065,2.4023751008017014,3.481405627292,4.116167021429895,4.225610689832271,6.01,5.98,5.45,4.25,5.6,5.4,5.5,6.1,2.431857428698185,2.463853240590168,2.481567748522486,2.4096441652874536
1995-08-01,152.6,161.4,17.89,5.65,6.28,5.85,6.65,5.45,6.07,5.85,11450.31,1461.0,371400.0,71.4748,199110.0,96.2,5.7,11.52,2.8301886792452713,2.999361837906833,2.6733258155179795,4.012060921624383,5.874658357350238,1.5288394718554477,-0.14999999999999947,-0.019999999999999574,-0.03000000000000025,-0.08999999999999986,-0.16999999999999993,-0.20999999999999996,0.4300000000000006,0.8300000000000001,0.3700000000000001,0.22000000000000064,0.39999999999999947,0.5700000000000003,0.41000000000000014,-0.15000000000000036,0.10000000000000053,-1.9700000000000006,0.2699999999999996,1.7999999999999972,5.991666666666667,0.8300000000000001,-0.015000000000000568,0.0,0.4300000000000006,2.444084655267745,0.015207277012594273,3.0425963488843744,3.125000000000022,2.8708133971291794,2.69896193771626,3.0051150895140655,3.1511254019292556,2.9126213592232997,2.8890347997373444,2.4023751008017014,2.4023751008017014,3.481405627292,4.337048254936149,6.0,6.05,5.53,4.26,5.6,5.8,5.6,6.1,2.6019486702196644,2.553343811341229,2.463853240590168,2.482403519569882
1995-09-01,152.9,161.8,17.54,5.65,6.17,5.83,6.49,5.4,6.01,5.74,11450.31,1416.0,356250.0,72.4223,201078.0,88.9,5.7,12.74,2.6174496644295386,2.991725015913449,2.6733258155179795,4.689029105863818,5.402812796494216,-2.344827586206899,-0.04999999999999982,0.0,-0.019999999999999574,-0.0600000000000005,-0.11000000000000032,-0.16000000000000014,0.33999999999999986,0.7699999999999996,0.3200000000000003,0.17999999999999972,0.4299999999999997,0.4300000000000006,0.41999999999999993,-0.10999999999999943,0.0,1.2200000000000006,-0.3500000000000014,-7.299999999999997,5.925000000000001,0.7699999999999996,0.04499999999999993,0.08999999999999986,0.4299999999999997,2.5447466501440172,-0.0197579105765909,2.8301886792452713,3.1186440677966054,2.862985685071595,2.900552486187835,2.999361837906833,3.078896728672209,2.9715762273901714,2.814136125654443,2.6733258155179795,2.4023751008017014,3.481405627292,4.337048254936149,5.85,6.01,5.92,4.47,5.7,5.6,5.4,6.0,2.444084655267745,2.431857428698185,2.5930133911138515,2.658859956911438
1995-10-01,153.1,162.2,17.67,5.55,6.03,5.61,6.34,5.48,5.81,5.8,11450.31,1369.0,362000.0,72.7144,201337.0,90.2,5.6,13.83,2.54521098459477,2.984126984126978,2.6733258155179795,4.7816808149161005,4.544486849962359,-7.1234735413839845,0.08000000000000007,-0.10000000000000053,-0.21999999999999975,-0.20000000000000018,-0.13999999999999968,-0.15000000000000036,0.41999999999999993,0.5499999999999998,0.3099999999999996,0.1999999999999993,0.1299999999999999,0.33999999999999986,0.5700000000000003,0.05999999999999961,-0.10000000000000053,1.0899999999999999,0.13000000000000256,1.2999999999999972,5.803333333333334,0.5499999999999998,-0.14500000000000046,-0.1899999999999995,0.23000000000000043,2.626840145676667,0.007384299387568198,2.6174496644295386,3.0425963488843744,2.7872195785180187,2.965517241379323,2.991725015913449,3.0051150895140655,2.962009014810052,3.00850228907783,2.6733258155179795,2.4023751008017014,3.481405627292,4.337048254936149,5.74,6.0,5.98,4.73,5.7,5.6,5.4,5.9,2.5447466501440172,2.6019486702196644,2.463853240590168,2.67827804276854
1995-11-01,153.5,162.7,18.27,5.36,5.76,5.36,6.14,5.48,5.53,5.76,11528.067,1369.0,371500.0,72.5866,200597.0,88.2,5.5,11.58,2.7443105756358666,3.1051964512040398,2.1997916299495213,3.7627368685886786,3.4463731344823056,-5.586206896551726,0.0,-0.1899999999999995,-0.25,-0.27999999999999936,-0.27000000000000046,-0.20000000000000018,0.39999999999999947,0.27999999999999936,0.3799999999999999,0.16999999999999993,-0.1200000000000001,0.41999999999999993,0.4300000000000006,-0.040000000000000036,-0.09999999999999964,-2.25,0.5999999999999979,-2.0,5.605,0.27999999999999936,-0.2599999999999998,-0.39999999999999947,0.0,2.449279472144849,0.0333920840583102,2.54521098459477,2.8301886792452713,3.125000000000022,2.609890109890123,2.984126984126978,2.999361837906833,3.1511254019292556,2.8683181225554133,2.6733258155179795,2.6733258155179795,2.4023751008017014,4.116167021429895,5.8,5.85,6.05,4.76,5.6,5.7,5.8,5.8,2.626840145676667,2.444084655267745,2.553343811341229,2.7694588292308535
1995-12-01,153.7,163.0,19.54,5.18,5.58,5.18,5.96,5.1,5.38,5.8,11528.067,1452.0,377000.0,72.7779,203545.0,91.0,5.6,12.52,2.603471295060067,3.034134007585343,2.1997916299495213,3.3298500978240275,4.690754789764684,-3.9046988749172784,-0.3800000000000008,-0.1800000000000006,-0.1800000000000006,-0.15000000000000036,-0.17999999999999972,-0.17999999999999972,0.40000000000000036,0.4800000000000004,0.3799999999999999,0.20000000000000018,0.08000000000000007,0.39999999999999947,0.33999999999999986,0.040000000000000036,0.09999999999999964,0.9399999999999995,1.2699999999999996,2.799999999999997,5.396666666666667,0.4800000000000004,-0.16000000000000014,-0.6200000000000001,-0.21999999999999975,2.5273273656719524,0.06720327622472129,2.7443105756358666,2.6174496644295386,3.1186440677966054,2.602739726027403,3.1051964512040398,2.991725015913449,3.078896728672209,2.7940220922676895,2.1997916299495213,2.6733258155179795,2.4023751008017014,4.116167021429895,5.76,5.74,6.01,5.29,5.5,5.7,5.6,5.6,2.449279472144849,2.5447466501440172,2.431857428698185,2.580216829592325
1996-01-01,153.9,163.1,17.76,4.9,5.6,4.93,6.03,5.05,5.25,5.6,11528.067,1431.0,365000.0,73.0305,204032.0,89.3,5.6,12.53,2.5316455696202667,3.032217308907126,2.1997916299495213,2.6396897921781903,4.664536085647297,-1.6494845360824795,-0.04999999999999982,-0.27999999999999936,-0.25,-0.1299999999999999,0.019999999999999574,0.07000000000000028,0.6699999999999999,0.5499999999999998,0.4300000000000006,0.3200000000000003,-0.1200000000000001,0.40000000000000036,0.41999999999999993,-0.20000000000000018,0.0,0.009999999999999787,-1.7799999999999976,-1.7000000000000028,5.293333333333333,0.5499999999999998,-0.3949999999999996,-0.6699999999999999,0.0,2.528125768907977,-0.09551490905061259,2.603471295060067,2.54521098459477,3.0425963488843744,2.597402597402576,3.034134007585343,2.984126984126978,3.0051150895140655,2.5923525599481634,2.1997916299495213,2.6733258155179795,2.4023751008017014,4.116167021429895,5.8,5.8,6.0,5.45,5.6,5.6,5.6,5.5,2.5273273656719524,2.626840145676667,2.6019486702196644,2.481567748522486
1996-02-01,154.7,163.7,19.59,5.23,6.13,5.44,6.48,5.02,5.73,5.56,11614.418,1467.0,374000.0,72.6125,203793.0,88.5,5.6,17.04,2.7906976744185963,2.955974842767284,2.6013098466592277,1.8788215519394358,4.024848398227743,4.264392324093813,-0.03000000000000025,0.33000000000000007,0.5100000000000007,0.4800000000000004,0.5300000000000002,0.4500000000000002,0.6899999999999995,1.1100000000000003,0.35000000000000053,0.29000000000000004,0.4200000000000008,0.6699999999999999,0.39999999999999947,-0.040000000000000036,0.0,4.51,1.8299999999999983,-0.7999999999999972,5.671666666666667,1.1100000000000003,-0.1349999999999989,-0.11999999999999922,0.5700000000000003,2.8355635214011694,0.09807049439242521,2.5316455696202667,2.7443105756358666,2.8301886792452713,2.8708133971291794,3.032217308907126,3.1051964512040398,2.999361837906833,2.9126213592232997,2.1997916299495213,2.1997916299495213,2.6733258155179795,3.481405627292,5.6,5.76,5.85,5.53,5.6,5.5,5.7,5.6,2.528125768907977,2.449279472144849,2.444084655267745,2.463853240590168
1996-03-01,155.0,164.0,21.43,5.41,6.34,5.79,6.67,5.13,6.1,5.22,11614.418,1491.0,377250.0,73.6752,206875.0,93.7,5.5,18.88,2.717031146454607,2.8858218318695172,2.6013098466592277,3.4865787366735512,7.151366357967137,13.297872340425542,0.11000000000000032,0.17999999999999972,0.34999999999999964,0.3699999999999992,0.20999999999999996,0.1899999999999995,0.5499999999999998,1.21,0.33000000000000007,0.3099999999999996,0.6600000000000001,0.6899999999999995,0.40000000000000036,-0.33999999999999986,-0.09999999999999964,1.8399999999999999,1.8399999999999999,5.200000000000003,5.906666666666666,1.21,0.055000000000000604,0.5700000000000003,1.12,2.9381031607173544,0.08977257752903636,2.7906976744185963,2.603471295060067,2.6174496644295386,2.862985685071595,2.955974842767284,3.034134007585343,2.991725015913449,2.9715762273901714,2.6013098466592277,2.1997916299495213,2.6733258155179795,3.481405627292,5.56,5.8,5.74,5.92,5.6,5.6,5.7,5.4,2.8355635214011694,2.5273273656719524,2.5447466501440172,2.5930133911138515
1996-04-01,155.5,164.4,20.95,5.62,6.66,6.03,6.89,5.14,6.4,5.31,11614.418,1424.0,386400.0,73.585,207650.0,92.7,5.5,15.83,2.8439153439153486,2.814258911819878,2.6013098466592277,3.188414739319012,6.389519364275875,14.011208967173738,0.009999999999999787,0.20999999999999996,0.2400000000000002,0.3000000000000007,0.3200000000000003,0.21999999999999975,0.6299999999999999,1.5200000000000005,0.22999999999999954,0.3700000000000001,0.8900000000000006,0.5499999999999998,0.6699999999999999,0.08999999999999986,0.0,-3.049999999999999,-0.4800000000000004,-1.0,6.123333333333332,1.5200000000000005,0.1299999999999999,0.7200000000000006,1.3500000000000005,2.761906873892921,-0.022653163117338903,2.717031146454607,2.5316455696202667,2.54521098459477,2.7872195785180187,2.8858218318695172,3.032217308907126,2.984126984126978,2.962009014810052,2.6013098466592277,2.1997916299495213,2.6733258155179795,3.481405627292,5.22,5.6,5.8,5.98,5.5,5.6,5.6,5.4,2.9381031607173544,2.528125768907977,2.626840145676667,2.463853240590168
1996-05-01,156.1,164.6,19.77,5.77,6.85,6.27,7.0,5.18,6.64,5.22,11808.14,1516.0,359250.0,74.3172,209294.0,89.4,5.6,16.07,2.832674571805005,2.6184538653366562,4.002379484223728,4.395391371041835,7.159899646715484,19.65272296764009,0.040000000000000036,0.14999999999999947,0.23999999999999932,0.23999999999999932,0.1899999999999995,0.11000000000000032,0.5800000000000001,1.67,0.15000000000000036,0.3700000000000001,1.0899999999999999,0.6299999999999999,0.6899999999999995,-0.08999999999999986,0.09999999999999964,0.2400000000000002,-1.1799999999999997,-3.299999999999997,6.285,1.67,0.2549999999999999,1.0499999999999998,1.63,2.776954179749421,-0.057973009185621184,2.8439153439153486,2.7906976744185963,2.7443105756358666,3.125000000000022,2.814258911819878,2.955974842767284,3.1051964512040398,3.1511254019292556,2.6013098466592277,2.6013098466592277,2.1997916299495213,2.4023751008017014,5.31,5.56,5.76,6.05,5.5,5.6,5.5,5.8,2.761906873892921,2.8355635214011694,2.449279472144849,2.553343811341229
1996-06-01,156.4,165.0,20.92,5.7,6.73,6.11,6.9,5.18,6.47,5.24,11808.14,1504.0,344500.0,74.8726,211157.0,92.4,5.6,13.68,2.827087442472065,2.675793403858129,4.002379484223728,4.661591494286932,6.612642633545396,14.459665144596645,0.0,-0.0699999999999994,-0.15999999999999925,-0.16999999999999993,-0.11999999999999922,-0.09999999999999964,0.6200000000000001,1.5500000000000007,0.16999999999999993,0.35999999999999943,0.9300000000000006,0.5800000000000001,0.5499999999999998,0.020000000000000462,0.0,-2.3900000000000006,1.1500000000000021,3.0,6.181666666666666,1.5500000000000007,0.15500000000000025,0.8700000000000001,1.4900000000000002,2.615934912194404,0.05654000201419669,2.832674571805005,2.717031146454607,2.603471295060067,3.1186440677966054,2.6184538653366562,2.8858218318695172,3.034134007585343,3.078896728672209,4.002379484223728,2.6013098466592277,2.1997916299495213,2.4023751008017014,5.22,5.22,5.8,6.01,5.6,5.5,5.6,5.6,2.776954179749421,2.9381031607173544,2.5273273656719524,2.431857428698185
1996-07-01,156.7,165.4,20.46,5.85,6.8,6.22,6.98,5.32,6.57,5.27,11808.14,1467.0,342200.0,75.4433,209474.0,94.7,5.3,19.46,2.8215223097112663,2.669149596523912,4.002379484223728,5.110978907668273,4.5368120050104155,14.519906323185005,0.14000000000000057,0.14999999999999947,0.10999999999999943,0.10000000000000053,0.0699999999999994,0.08000000000000007,0.5800000000000001,1.4799999999999995,0.1800000000000006,0.35000000000000053,0.8999999999999995,0.6200000000000001,0.6299999999999999,0.02999999999999936,-0.2999999999999998,5.780000000000001,-0.46000000000000085,2.299999999999997,6.29,1.4799999999999995,0.15999999999999925,0.9500000000000002,1.5300000000000002,2.968361076757859,-0.022233878673241756,2.827087442472065,2.8439153439153486,2.5316455696202667,3.0425963488843744,2.675793403858129,2.814258911819878,3.032217308907126,3.0051150895140655,4.002379484223728,2.6013098466592277,2.1997916299495213,2.4023751008017014,5.24,5.31,5.6,6.0,5.6,5.5,5.6,5.6,2.615934912194404,2.761906873892921,2.528125768907977,2.6019486702196644
1996-08-01,157.0,165.7,22.25,5.91,6.96,6.34,7.13,5.29,6.73,5.4,11914.063,1472.0,337000.0,75.4549,210827.0,95.3,5.5,17.01,2.8833551769331667,2.664188351920682,4.0501348871777365,5.568536043472649,5.884686856511467,0.7529089664613187,-0.03000000000000025,0.0600000000000005,0.1200000000000001,0.16000000000000014,0.16000000000000014,0.14999999999999947,0.6200000000000001,1.67,0.16999999999999993,0.39000000000000057,1.0499999999999998,0.5800000000000001,0.5800000000000001,0.13000000000000078,0.20000000000000018,-2.4499999999999993,1.7899999999999991,0.5999999999999943,6.3933333333333335,1.67,0.21499999999999986,0.9399999999999995,1.5599999999999996,2.8338014064077703,0.08387024808876872,2.8215223097112663,2.832674571805005,2.7906976744185963,2.8301886792452713,2.669149596523912,2.6184538653366562,2.955974842767284,2.999361837906833,4.002379484223728,4.002379484223728,2.6013098466592277,2.6733258155179795,5.27,5.22,5.56,5.85,5.3,5.6,5.6,5.7,2.968361076757859,2.776954179749421,2.8355635214011694,2.444084655267745
1996-09-01,157.2,166.0,24.2,5.71,6.72,6.1,6.93,5.14,6.46,5.22,11914.063,1557.0,331800.0,75.8411,210846.0,94.7,5.1,16.95,2.8122956180510084,2.595797280593315,4.0501348871777365,4.720645436557502,4.857816369766965,9.957627118644075,-0.15000000000000036,-0.20000000000000018,-0.2400000000000002,-0.27000000000000046,-0.2400000000000002,-0.20000000000000018,0.6200000000000001,1.58,0.20999999999999996,0.3600000000000003,0.96,0.6200000000000001,0.6200000000000001,-0.1800000000000006,-0.40000000000000036,-0.060000000000002274,1.9499999999999993,-0.5999999999999943,6.176666666666667,1.58,0.16999999999999993,0.8799999999999999,1.5,2.830267833826459,0.0840106245503914,2.8833551769331667,2.827087442472065,2.717031146454607,2.6174496644295386,2.664188351920682,2.675793403858129,2.8858218318695172,2.991725015913449,4.0501348871777365,4.002379484223728,2.6013098466592277,2.6733258155179795,5.4,5.24,5.22,5.74,5.5,5.6,5.5,5.7,2.8338014064077703,2.615934912194404,2.9381031607173544,2.5447466501440172
1996-10-01,157.7,166.5,23.25,5.44,6.37,5.77,6.66,5.17,6.1,5.3,11914.063,1475.0,342750.0,76.3158,213233.0,96.5,5.2,18.11,3.0045721750489918,2.6510480887792953,4.0501348871777365,4.952801645891314,5.908501666360388,7.74287801314828,0.03000000000000025,-0.2699999999999996,-0.33000000000000007,-0.3600000000000003,-0.34999999999999964,-0.2699999999999996,0.6000000000000005,1.2000000000000002,0.29000000000000004,0.33000000000000007,0.5999999999999996,0.6200000000000001,0.5800000000000001,0.08000000000000007,0.10000000000000053,1.1600000000000001,-0.9499999999999993,1.7999999999999972,5.918333333333333,1.2000000000000002,0.0,0.46999999999999975,1.0700000000000003,2.896464271895322,-0.04004750112927532,2.8122956180510084,2.8215223097112663,2.8439153439153486,2.54521098459477,2.595797280593315,2.669149596523912,2.814258911819878,2.984126984126978,4.0501348871777365,4.002379484223728,2.6013098466592277,2.6733258155179795,5.22,5.27,5.31,5.8,5.1,5.3,5.5,5.6,2.830267833826459,2.968361076757859,2.761906873892921,2.626840145676667
1996-11-01,158.2,166.8,23.7,5.38,6.06,5.59,6.36,5.13,5.84,5.24,12037.775,1392.0,339000.0,76.3384,215526.0,99.2,5.2,17.14,3.0618892508143203,2.5199754148740094,4.421452442981133,5.168722601692299,7.442284779931896,1.6800584368152016,-0.040000000000000036,-0.0600000000000005,-0.17999999999999972,-0.2599999999999998,-0.3100000000000005,-0.2999999999999998,0.46999999999999975,0.9299999999999997,0.3000000000000007,0.25,0.45999999999999996,0.6000000000000005,0.6200000000000001,-0.05999999999999961,0.0,-0.9699999999999989,0.4499999999999993,2.700000000000003,5.726666666666667,0.9299999999999997,-0.004999999999999893,0.34999999999999964,0.8199999999999994,2.8414149131696336,0.019169916107720123,3.0045721750489918,2.8833551769331667,2.832674571805005,2.7443105756358666,2.6510480887792953,2.664188351920682,2.6184538653366562,3.1051964512040398,4.0501348871777365,4.0501348871777365,4.002379484223728,2.1997916299495213,5.3,5.4,5.22,5.76,5.2,5.5,5.6,5.5,2.896464271895322,2.8338014064077703,2.776954179749421,2.449279472144849
1996-12-01,158.7,167.2,25.9,5.51,6.43,5.88,6.65,5.21,6.21,5.31,12037.775,1489.0,336400.0,77.0397,215167.0,96.9,5.4,20.92,3.2530904359141077,2.5766871165644023,4.421452442981133,5.855898562613082,5.709793903068117,2.5482093663911742,0.08000000000000007,0.1299999999999999,0.29000000000000004,0.3700000000000001,0.3700000000000001,0.29000000000000004,0.5499999999999998,1.2199999999999998,0.22000000000000064,0.33000000000000007,0.6699999999999999,0.46999999999999975,0.6200000000000001,0.0699999999999994,0.20000000000000018,3.780000000000001,2.1999999999999993,-2.299999999999997,5.9816666666666665,1.2199999999999998,0.05999999999999961,0.5700000000000003,1.12,3.040705639196722,0.08876792056440655,3.0618892508143203,2.8122956180510084,2.827087442472065,2.603471295060067,2.5199754148740094,2.595797280593315,2.675793403858129,3.034134007585343,4.421452442981133,4.0501348871777365,4.002379484223728,2.1997916299495213,5.24,5.22,5.24,5.8,5.2,5.1,5.6,5.6,2.8414149131696336,2.830267833826459,2.615934912194404,2.5273273656719524
1997-01-01,159.1,167.4,24.15,5.58,6.53,5.94,6.8,5.15,6.26,5.29,12037.775,1370.0,353500.0,77.5333,215690.0,97.4,5.4,19.47,3.378817413905133,2.636419374616805,4.421452442981133,6.165643121709419,5.713809598494346,-4.262753319357094,-0.05999999999999961,0.07000000000000028,0.0600000000000005,0.04999999999999982,0.10000000000000053,0.14999999999999947,0.5899999999999999,1.38,0.2699999999999996,0.3199999999999994,0.79,0.5499999999999998,0.6000000000000005,-0.019999999999999574,0.0,-1.4500000000000028,-1.75,0.5,6.043333333333333,1.38,0.10000000000000053,0.6500000000000004,1.2400000000000002,2.968874819384108,-0.06995858860691034,3.2530904359141077,3.0045721750489918,2.8215223097112663,2.5316455696202667,2.5766871165644023,2.6510480887792953,2.669149596523912,3.032217308907126,4.421452442981133,4.0501348871777365,4.002379484223728,2.1997916299495213,5.31,5.3,5.27,5.6,5.4,5.2,5.3,5.6,3.040705639196722,2.896464271895322,2.968361076757859,2.528125768907977
1997-02-01,159.4,167.8,20.3,5.67,6.56,6.09,6.8,5.22,6.39,5.25,12115.472,1355.0,339000.0,77.6562,218124.0,99.7,5.3,21.1,3.0381383322559907,2.504581551618834,4.314068944306992,6.946049233947327,7.0321355493073945,-7.634628493524199,0.0699999999999994,0.08999999999999986,0.14999999999999947,0.1299999999999999,0.02999999999999936,0.0,0.46999999999999975,1.3399999999999999,0.2400000000000002,0.2999999999999998,0.8700000000000001,0.5899999999999999,0.46999999999999975,-0.040000000000000036,-0.10000000000000053,1.6300000000000026,-3.849999999999998,2.299999999999997,6.121666666666666,1.3399999999999999,0.20000000000000018,0.8399999999999999,1.3099999999999996,3.0492730404820207,-0.17366349405083997,3.378817413905133,3.0618892508143203,2.8833551769331667,2.7906976744185963,2.636419374616805,2.5199754148740094,2.664188351920682,2.955974842767284,4.421452442981133,4.421452442981133,4.0501348871777365,2.6013098466592277,5.29,5.24,5.4,5.56,5.4,5.2,5.5,5.6,2.968874819384108,2.8414149131696336,2.8338014064077703,2.8355635214011694
1997-03-01,159.7,168.1,20.35,6.02,6.92,6.45,7.1,5.35,6.77,5.19,12115.472,1486.0,320750.0,78.5833,219587.0,100.0,5.2,22.14,3.0322580645161246,2.499999999999991,4.314068944306992,6.661807501031536,6.144773413897275,-0.3353454057679395,0.1299999999999999,0.34999999999999964,0.3600000000000003,0.3799999999999999,0.3600000000000003,0.2999999999999998,0.46999999999999975,1.5700000000000003,0.17999999999999972,0.3199999999999994,1.1000000000000005,0.46999999999999975,0.5499999999999998,-0.05999999999999961,-0.09999999999999964,1.0399999999999991,0.05000000000000071,0.29999999999999716,6.435,1.5700000000000003,0.3150000000000004,1.2599999999999998,1.7299999999999995,3.0973859272804907,0.002460025840862399,3.0381383322559907,3.2530904359141077,2.8122956180510084,2.717031146454607,2.504581551618834,2.5766871165644023,2.595797280593315,2.8858218318695172,4.314068944306992,4.421452442981133,4.0501348871777365,2.6013098466592277,5.25,5.31,5.22,5.22,5.3,5.4,5.1,5.5,3.0492730404820207,3.040705639196722,2.830267833826459,2.9381031607173544
1997-04-01,159.8,168.4,20.2,5.9,6.72,6.29,6.95,5.28,6.57,5.39,12115.472,1457.0,319400.0,79.082,221189.0,101.4,5.2,20.06,2.7652733118971096,2.4330900243308973,4.314068944306992,7.470272474009643,6.520105947507826,2.31741573033708,-0.0699999999999994,-0.11999999999999922,-0.16000000000000014,-0.1999999999999993,-0.20000000000000018,-0.14999999999999947,0.4299999999999997,1.4399999999999995,0.23000000000000043,0.28000000000000025,1.0099999999999998,0.46999999999999975,0.5899999999999999,0.1999999999999993,0.0,-2.080000000000002,-0.15000000000000213,1.4000000000000057,6.285,1.4399999999999995,0.29000000000000004,0.9000000000000004,1.33,2.9987277825337895,-0.007398307481445036,3.0322580645161246,3.378817413905133,3.0045721750489918,2.8439153439153486,2.499999999999991,2.636419374616805,2.6510480887792953,2.814258911819878,4.314068944306992,4.421452442981133,4.0501348871777365,2.6013098466592277,5.19,5.29,5.3,5.31,5.2,5.4,5.2,5.5,3.0973859272804907,2.968874819384108,2.896464271895322,2.761906873892921
1997-05-01,159.9,168.9,21.0,5.78,6.67,6.22,6.92,4.96,6.51,5.51,12317.221,1492.0,327000.0,79.1747,217925.0,103.2,5.1,19.19,2.434336963484962,2.6123936816524918,4.31127171595187,6.536171976339267,4.123864038147285,-1.58311345646438,-0.3200000000000003,-0.1200000000000001,-0.07000000000000028,-0.0600000000000005,-0.04999999999999982,-0.03000000000000025,0.4500000000000002,1.71,0.25,0.29000000000000004,1.2599999999999998,0.4299999999999997,0.46999999999999975,0.1200000000000001,-0.10000000000000053,-0.8699999999999974,0.8000000000000007,1.7999999999999972,6.176666666666667,1.71,0.40500000000000025,0.71,1.1600000000000001,2.9543893100196086,0.03883983331626396,2.7652733118971096,3.0381383322559907,3.0618892508143203,2.832674571805005,2.4330900243308973,2.504581551618834,2.5199754148740094,2.6184538653366562,4.314068944306992,4.314068944306992,4.421452442981133,4.002379484223728,5.39,5.25,5.24,5.22,5.2,5.3,5.2,5.6,2.9987277825337895,3.0492730404820207,2.8414149131696336,2.776954179749421
1997-06-01,159.9,169.2,19.82,5.67,6.51,6.08,6.8,5.25,6.4,5.5,12317.221,1442.0,323800.0,79.6133,217771.0,104.5,4.9,21.53,2.237851662404089,2.5454545454545396,4.31127171595187,6.331688761977006,3.1322665125948834,-4.122340425531911,0.29000000000000004,-0.11000000000000032,-0.13999999999999968,-0.10999999999999943,-0.16000000000000014,-0.1200000000000001,0.4299999999999997,1.2599999999999998,0.29000000000000004,0.3200000000000003,0.8300000000000001,0.4500000000000002,0.46999999999999975,-0.009999999999999787,-0.1999999999999993,2.34,-1.1799999999999997,1.2999999999999972,6.118333333333332,1.2599999999999998,0.20000000000000018,0.5800000000000001,1.0099999999999998,3.0694473113762717,-0.057830908821581,2.434336963484962,3.0322580645161246,3.2530904359141077,2.827087442472065,2.6123936816524918,2.499999999999991,2.5766871165644023,2.675793403858129,4.31127171595187,4.314068944306992,4.421452442981133,4.002379484223728,5.51,5.19,5.31,5.24,5.1,5.2,5.4,5.6,2.9543893100196086,3.0973859272804907,3.040705639196722,2.615934912194404
1997-07-01,160.2,169.4,20.19,5.45,6.02,5.74,6.3,5.25,5.9,5.56,12317.221,1494.0,325500.0,79.9792,220233.0,107.1,5.0,21.48,2.233567326100827,2.41837968561065,4.31127171595187,6.012329789391524,5.136198287138272,1.8404907975460016,0.0,-0.21999999999999975,-0.33999999999999986,-0.5,-0.4900000000000002,-0.5,0.27999999999999936,0.7699999999999996,0.28000000000000025,0.16000000000000014,0.4900000000000002,0.4299999999999997,0.4299999999999997,0.05999999999999961,0.09999999999999964,-0.05000000000000071,0.370000000000001,2.5999999999999943,5.776666666666666,0.7699999999999996,0.10500000000000043,0.1800000000000006,0.45999999999999996,3.067122269640664,0.018495903422904206,2.237851662404089,2.7652733118971096,3.378817413905133,2.8215223097112663,2.5454545454545396,2.4330900243308973,2.636419374616805,2.669149596523912,4.31127171595187,4.314068944306992,4.421452442981133,4.002379484223728,5.5,5.39,5.29,5.27,4.9,5.2,5.4,5.3,3.0694473113762717,2.9987277825337895,2.968874819384108,2.968361076757859
1997-08-01,160.4,169.7,19.66,5.59,6.34,5.97,6.61,5.24,6.22,5.52,12471.01,1437.0,320250.0,80.6624,222985.0,104.4,4.9,24.76,2.165605095541401,2.4140012070005934,4.674702492340366,6.901473595485519,5.766813548549288,-2.377717391304346,-0.009999999999999787,0.13999999999999968,0.22999999999999954,0.3199999999999994,0.3200000000000003,0.3100000000000005,0.3700000000000001,1.0999999999999996,0.27000000000000046,0.25,0.7299999999999995,0.27999999999999936,0.4500000000000002,-0.040000000000000036,-0.09999999999999964,3.280000000000001,-0.5300000000000011,-2.6999999999999886,5.995,1.0999999999999996,0.17999999999999972,0.4500000000000002,0.8200000000000003,3.2092294478163956,-0.026601317605725653,2.233567326100827,2.434336963484962,3.0381383322559907,2.8833551769331667,2.41837968561065,2.6123936816524918,2.504581551618834,2.664188351920682,4.31127171595187,4.31127171595187,4.314068944306992,4.0501348871777365,5.56,5.51,5.25,5.4,5.0,5.1,5.3,5.5,3.067122269640664,2.9543893100196086,3.0492730404820207,2.8338014064077703
1997-09-01,160.8,169.8,21.13,5.47,6.12,5.8,6.41,5.06,6.0,5.54,12471.01,1390.0,330200.0,81.4694,223120.0,106.0,4.8,22.91,2.2900763358778775,2.2891566265060392,4.674702492340366,7.421174007233544,5.821310340248331,-10.725754656390496,-0.1800000000000006,-0.1200000000000001,-0.16999999999999993,-0.21999999999999975,-0.21999999999999975,-0.20000000000000018,0.3200000000000003,1.0600000000000005,0.29000000000000004,0.20000000000000018,0.7400000000000002,0.3700000000000001,0.4299999999999997,0.020000000000000462,-0.10000000000000053,-1.8500000000000014,1.4699999999999989,1.5999999999999943,5.81,1.0600000000000005,0.20999999999999996,0.2599999999999998,0.5800000000000001,3.1315734964654043,0.07210771690894474,2.165605095541401,2.237851662404089,3.0322580645161246,2.8122956180510084,2.4140012070005934,2.5454545454545396,2.499999999999991,2.595797280593315,4.674702492340366,4.31127171595187,4.314068944306992,4.0501348871777365,5.52,5.5,5.19,5.22,4.9,4.9,5.2,5.1,3.2092294478163956,3.0694473113762717,3.0973859272804907,2.830267833826459
1997-10-01,161.2,170.2,21.1,5.36,5.84,5.63,6.15,5.21,5.72,5.54,12471.01,1546.0,315250.0,82.2156,224509.0,105.6,4.9,35.09,2.21940393151554,2.2222222222222143,4.674702492340366,7.7307713474798145,5.288112065205675,4.813559322033889,0.15000000000000036,-0.10999999999999943,-0.16999999999999993,-0.28000000000000025,-0.28000000000000025,-0.2599999999999998,0.20999999999999996,0.6299999999999999,0.3100000000000005,0.08999999999999986,0.41999999999999993,0.3200000000000003,0.27999999999999936,0.0,0.10000000000000053,12.180000000000003,-0.029999999999997584,-0.4000000000000057,5.651666666666666,0.6299999999999999,0.10499999999999954,0.08999999999999986,0.2999999999999998,3.5579161895951237,-0.0014207911459444389,2.2900763358778775,2.233567326100827,2.7652733118971096,3.0045721750489918,2.2891566265060392,2.41837968561065,2.4330900243308973,2.6510480887792953,4.674702492340366,4.31127171595187,4.314068944306992,4.0501348871777365,5.54,5.56,5.39,5.3,4.8,5.0,5.2,5.2,3.1315734964654043,3.067122269640664,2.9987277825337895,2.896464271895322
1997-11-01,161.5,170.6,19.13,5.52,5.86,5.76,6.04,5.22,5.83,5.5,12577.495,1520.0,310000.0,82.9446,224300.0,107.2,4.7,27.43,2.0859671302149163,2.278177458033559,4.483552816031211,8.653836077256006,4.070970555756603,9.195402298850585,0.009999999999999787,0.15999999999999925,0.1299999999999999,0.11000000000000032,0.020000000000000462,-0.11000000000000032,0.10000000000000053,0.6400000000000006,0.17999999999999972,0.07000000000000028,0.54,0.20999999999999996,0.3700000000000001,-0.040000000000000036,-0.20000000000000018,-7.660000000000004,-1.9700000000000024,1.6000000000000085,5.704999999999999,0.6400000000000006,0.21999999999999975,0.2599999999999998,0.3600000000000003,3.311637304949512,-0.09801525702985944,2.21940393151554,2.165605095541401,2.434336963484962,3.0618892508143203,2.2222222222222143,2.4140012070005934,2.6123936816524918,2.5199754148740094,4.674702492340366,4.674702492340366,4.31127171595187,4.421452442981133,5.54,5.52,5.51,5.24,4.9,4.9,5.1,5.2,3.5579161895951237,3.2092294478163956,2.9543893100196086,2.8414149131696336
1997-12-01,161.7,170.8,17.65,5.51,5.75,5.66,5.93,5.36,5.71,5.52,12577.495,1510.0,314600.0,83.5978,223718.0,102.1,4.6,24.01,1.8903591682419618,2.1531100478469067,4.483552816031211,8.512624010737335,3.974122425836679,1.410342511752849,0.14000000000000057,-0.009999999999999787,-0.09999999999999964,-0.1200000000000001,-0.11000000000000032,-0.11000000000000032,0.08999999999999986,0.3899999999999997,0.17999999999999972,0.04999999999999982,0.2999999999999998,0.10000000000000053,0.3200000000000003,0.019999999999999574,-0.10000000000000053,-3.419999999999998,-1.4800000000000004,-5.1000000000000085,5.653333333333333,0.3899999999999997,0.10500000000000043,0.14000000000000057,0.23000000000000043,3.178470410233162,-0.0805220000728558,2.0859671302149163,2.2900763358778775,2.237851662404089,3.2530904359141077,2.278177458033559,2.2891566265060392,2.5454545454545396,2.5766871165644023,4.483552816031211,4.674702492340366,4.31127171595187,4.421452442981133,5.5,5.54,5.5,5.31,4.7,4.8,4.9,5.4,3.311637304949512,3.1315734964654043,3.0694473113762717,3.040705639196722
1998-01-01,161.8,171.2,17.21,5.24,5.53,5.32,5.82,5.19,5.39,5.5,12577.495,1566.0,313250.0,83.9538,225236.0,106.6,4.7,21.47,1.6970458830924073,2.270011947431283,4.483552816031211,8.280957988374027,4.425796281700589,14.30656934306569,-0.16999999999999993,-0.2699999999999996,-0.33999999999999986,-0.3200000000000003,-0.21999999999999975,-0.10999999999999943,0.20999999999999996,0.33999999999999986,0.29000000000000004,0.0699999999999994,0.1299999999999999,0.08999999999999986,0.20999999999999996,-0.019999999999999574,0.10000000000000053,-2.5400000000000027,-0.4399999999999977,4.5,5.415,0.33999999999999986,-0.040000000000000036,-0.17999999999999972,0.03000000000000025,3.0666566118906897,-0.025245173155857538,1.8903591682419618,2.21940393151554,2.233567326100827,3.378817413905133,2.1531100478469067,2.2222222222222143,2.41837968561065,2.636419374616805,4.483552816031211,4.674702492340366,4.31127171595187,4.421452442981133,5.52,5.54,5.56,5.29,4.6,4.9,5.0,5.4,3.178470410233162,3.5579161895951237,3.067122269640664,2.968874819384108
1998-02-01,162.0,171.6,15.44,5.41,5.62,5.55,5.92,5.32,5.59,5.56,12703.742,1525.0,321200.0,84.3218,225954.0,110.4,4.6,18.55,1.6311166875784044,2.264600715137055,4.855526883310857,8.58347433946034,3.589701270836776,12.54612546125462,0.1299999999999999,0.16999999999999993,0.22999999999999954,0.20000000000000018,0.08999999999999986,0.09999999999999964,0.07000000000000028,0.2999999999999998,0.2999999999999998,0.040000000000000036,0.22999999999999954,0.20999999999999996,0.10000000000000053,0.05999999999999961,-0.10000000000000053,-2.919999999999998,-1.7700000000000014,3.8000000000000114,5.568333333333334,0.2999999999999998,0.07999999999999918,-0.009999999999999787,0.0600000000000005,2.920469789053444,-0.108529065626818,1.6970458830924073,2.0859671302149163,2.165605095541401,3.0381383322559907,2.270011947431283,2.278177458033559,2.4140012070005934,2.504581551618834,4.483552816031211,4.483552816031211,4.674702492340366,4.314068944306992,5.5,5.5,5.52,5.25,4.7,4.7,4.9,5.3,3.0666566118906897,3.311637304949512,3.2092294478163956,3.0492730404820207
1998-03-01,162.0,171.9,15.75,5.41,5.67,5.6,5.94,5.16,5.64,5.51,12703.742,1584.0,319000.0,84.4583,225746.0,106.5,4.6,24.22,1.440200375704448,2.2605591909577782,4.855526883310857,7.476143150007708,2.8048108494582946,6.594885598923295,-0.16000000000000014,0.0,0.04999999999999982,0.04999999999999982,0.04999999999999982,0.020000000000000462,0.07000000000000028,0.5099999999999998,0.27000000000000046,0.040000000000000036,0.4399999999999995,0.07000000000000028,0.08999999999999986,-0.04999999999999982,0.0,5.669999999999998,0.3100000000000005,-3.9000000000000057,5.57,0.5099999999999998,0.1849999999999996,0.08999999999999986,0.16000000000000014,3.1871787381249463,0.019878820675012027,1.6311166875784044,1.8903591682419618,2.2900763358778775,3.0322580645161246,2.264600715137055,2.1531100478469067,2.2891566265060392,2.499999999999991,4.855526883310857,4.483552816031211,4.674702492340366,4.314068944306992,5.56,5.52,5.54,5.19,4.6,4.6,4.8,5.2,2.920469789053444,3.178470410233162,3.1315734964654043,3.0973859272804907
1998-04-01,162.0,172.2,15.56,5.4,5.68,5.59,5.95,5.0,5.65,5.49,12703.742,1567.0,315000.0,84.488,226889.0,108.7,4.7,21.18,1.3767209011263937,2.25653206650831,4.855526883310857,6.835942439493192,2.57698167630398,7.549759780370624,-0.16000000000000014,-0.009999999999999787,-0.009999999999999787,0.010000000000000675,0.009999999999999787,0.009999999999999787,0.08999999999999986,0.6799999999999997,0.27000000000000046,0.0600000000000005,0.5899999999999999,0.07000000000000028,0.20999999999999996,-0.019999999999999574,0.10000000000000053,-3.039999999999999,-0.1899999999999995,2.200000000000003,5.545000000000001,0.6799999999999997,0.25,0.09999999999999964,0.1899999999999995,3.0530573401732606,-0.012136846521396459,1.440200375704448,1.6970458830924073,2.21940393151554,2.7652733118971096,2.2605591909577782,2.270011947431283,2.2222222222222143,2.4330900243308973,4.855526883310857,4.483552816031211,4.674702492340366,4.314068944306992,5.51,5.5,5.54,5.39,4.6,4.7,4.9,5.2,3.1871787381249463,3.0666566118906897,3.5579161895951237,2.9987277825337895
1998-05-01,162.2,172.5,15.21,5.42,5.56,5.53,5.81,5.03,5.56,5.45,12821.339,1540.0,311000.0,84.7779,230409.0,106.5,4.3,21.32,1.4383989993745905,2.131438721136769,4.09279008633523,7.077008185695677,5.728576345072844,3.217158176943702,0.03000000000000025,0.019999999999999574,-0.05999999999999961,-0.09000000000000075,-0.1200000000000001,-0.14000000000000057,0.02999999999999936,0.5299999999999994,0.25,0.02999999999999936,0.5,0.08999999999999986,0.07000000000000028,-0.040000000000000036,-0.40000000000000036,0.14000000000000057,-0.34999999999999964,-2.200000000000003,5.484999999999999,0.5299999999999994,0.23500000000000032,0.08000000000000007,0.10999999999999943,3.0596455992976437,-0.022750412479044087,1.3767209011263937,1.6311166875784044,2.0859671302149163,2.434336963484962,2.25653206650831,2.264600715137055,2.278177458033559,2.6123936816524918,4.855526883310857,4.855526883310857,4.483552816031211,4.31127171595187,5.49,5.56,5.5,5.51,4.7,4.6,4.7,5.1,3.0530573401732606,2.920469789053444,3.311637304949512,2.9543893100196086
1998-06-01,162.6,172.9,14.3,5.38,5.44,5.49,5.62,5.1,5.47,5.49,12821.339,1536.0,311200.0,85.3367,230995.0,105.6,4.4,19.71,1.6885553470919357,2.1867612293144267,4.09279008633523,7.188999827918208,6.0724338869730055,6.518723994452147,0.0699999999999994,-0.040000000000000036,-0.040000000000000036,-0.08999999999999986,-0.11999999999999922,-0.1899999999999995,-0.04999999999999982,0.34000000000000075,0.17999999999999972,-0.020000000000000462,0.39000000000000057,0.02999999999999936,0.07000000000000028,0.040000000000000036,0.10000000000000053,-1.6099999999999994,-0.9100000000000001,-0.9000000000000057,5.416666666666667,0.34000000000000075,0.22000000000000064,0.0,-0.04999999999999982,2.9811261211646287,-0.0616935690053399,1.4383989993745905,1.440200375704448,1.8903591682419618,2.237851662404089,2.131438721136769,2.2605591909577782,2.1531100478469067,2.5454545454545396,4.09279008633523,4.855526883310857,4.483552816031211,4.31127171595187,5.45,5.51,5.52,5.5,4.3,4.6,4.6,4.9,3.0596455992976437,3.1871787381249463,3.178470410233162,3.0694473113762717
1998-07-01,162.8,173.2,14.27,5.38,5.5,5.49,5.72,5.1,5.52,5.56,12821.339,1641.0,338000.0,84.8248,233207.0,105.2,4.5,24.8,1.6229712858926382,2.2432113341204207,4.09279008633523,6.058575229559682,5.891033587155414,9.839357429718865,0.0,0.0,0.0,0.04999999999999982,0.05999999999999961,0.09999999999999964,0.009999999999999787,0.40000000000000036,0.21999999999999975,0.02999999999999936,0.39000000000000057,-0.04999999999999982,0.08999999999999986,0.0699999999999994,0.09999999999999964,5.09,-0.030000000000001137,-0.3999999999999915,5.451666666666667,0.40000000000000036,0.1900000000000004,-0.0699999999999994,-0.05999999999999961,3.2108436531709366,-0.0021001057771166207,1.6885553470919357,1.3767209011263937,1.6970458830924073,2.233567326100827,2.1867612293144267,2.25653206650831,2.270011947431283,2.41837968561065,4.09279008633523,4.855526883310857,4.483552816031211,4.31127171595187,5.49,5.49,5.5,5.56,4.4,4.7,4.7,5.0,2.9811261211646287,3.0530573401732606,3.0666566118906897,3.067122269640664
1998-08-01,163.2,173.5,13.29,4.95,5.05,4.91,5.3,4.96,4.91,5.54,12982.752,1698.0,333000.0,84.4986,231551.0,104.4,4.5,44.28,1.74563591022443,2.2392457277548683,4.103452727565782,4.755871384932742,3.8415140031840656,18.16283924843425,-0.13999999999999968,-0.4299999999999997,-0.5800000000000001,-0.6099999999999994,-0.4500000000000002,-0.41999999999999993,0.13999999999999968,0.08999999999999986,0.25,0.0,-0.04999999999999982,0.009999999999999787,0.02999999999999936,-0.019999999999999574,0.0,19.48,-0.9800000000000004,-0.7999999999999972,5.013333333333334,0.08999999999999986,-0.09499999999999975,-0.6299999999999999,-0.4900000000000002,3.790533107840436,-0.07114755876359115,1.6229712858926382,1.4383989993745905,1.6311166875784044,2.165605095541401,2.2432113341204207,2.131438721136769,2.264600715137055,2.4140012070005934,4.09279008633523,4.09279008633523,4.855526883310857,4.674702492340366,5.56,5.45,5.56,5.52,4.5,4.3,4.6,4.9,3.2108436531709366,3.0596455992976437,2.920469789053444,3.2092294478163956
1998-09-01,163.4,174.0,16.19,4.41,4.44,4.3,4.98,4.37,4.23,5.55,12982.752,1614.0,312600.0,86.248,229792.0,100.9,4.5,40.95,1.6169154228855787,2.473498233215543,4.103452727565782,5.865515150473688,2.9903191107923943,16.115107913669057,-0.5899999999999999,-0.54,-0.6100000000000003,-0.6799999999999997,-0.6099999999999994,-0.3199999999999994,0.14000000000000057,0.07000000000000028,0.54,-0.0699999999999994,-0.07000000000000028,0.13999999999999968,-0.04999999999999982,0.009999999999999787,0.0,-3.3299999999999983,2.900000000000002,-3.5,4.455000000000001,0.07000000000000028,-0.10500000000000043,-1.25,-1.1099999999999994,3.7123518102990785,0.19738189496438988,1.74563591022443,1.6885553470919357,1.440200375704448,2.2900763358778775,2.2392457277548683,2.1867612293144267,2.2605591909577782,2.2891566265060392,4.103452727565782,4.09279008633523,4.855526883310857,4.674702492340366,5.54,5.49,5.51,5.54,4.5,4.4,4.6,4.8,3.790533107840436,2.9811261211646287,3.1871787381249463,3.1315734964654043
1998-10-01,163.5,174.2,14.48,4.18,4.64,4.12,5.15,4.33,4.24,5.51,12982.752,1582.0,304000.0,86.2021,232308.0,97.4,4.6,28.05,1.4267990074441794,2.3501762632197387,4.103452727565782,4.848836473856544,3.4738028319577285,2.3285899094437346,-0.040000000000000036,-0.23000000000000043,-0.17999999999999972,0.009999999999999787,0.1999999999999993,0.16999999999999993,0.5199999999999996,0.3099999999999996,0.5100000000000007,0.1200000000000001,-0.20999999999999996,0.14000000000000057,0.009999999999999787,-0.040000000000000036,0.09999999999999964,-12.900000000000002,-1.7100000000000009,-3.5,4.4433333333333325,0.3099999999999996,-0.3649999999999993,-1.3899999999999997,-0.8700000000000001,3.3339886319687055,-0.11162538073197349,1.6169154228855787,1.6229712858926382,1.3767209011263937,2.21940393151554,2.473498233215543,2.2432113341204207,2.25653206650831,2.2222222222222143,4.103452727565782,4.09279008633523,4.855526883310857,4.674702492340366,5.55,5.56,5.49,5.54,4.5,4.5,4.7,4.9,3.7123518102990785,3.2108436531709366,3.0530573401732606,3.5579161895951237
1998-11-01,163.9,174.4,11.37,4.53,4.74,4.54,5.08,4.57,4.51,5.07,13191.67,1715.0,310600.0,86.7914,236174.0,102.7,4.5,26.01,1.4860681114551078,2.2274325908558046,4.883126568525764,4.637794383238925,5.293802942487735,12.828947368421062,0.2400000000000002,0.35000000000000053,0.41999999999999993,0.2699999999999996,0.10000000000000053,-0.07000000000000028,0.20000000000000018,0.16999999999999993,0.33999999999999986,-0.03000000000000025,-0.03000000000000025,0.5199999999999996,0.13999999999999968,-0.4399999999999995,-0.09999999999999964,-2.039999999999999,-3.110000000000001,5.299999999999997,4.661666666666666,0.16999999999999993,-0.11500000000000021,-0.5300000000000002,-0.33000000000000007,3.25848107946056,-0.24179007919512574,1.4267990074441794,1.74563591022443,1.4383989993745905,2.0859671302149163,2.3501762632197387,2.2392457277548683,2.131438721136769,2.278177458033559,4.103452727565782,4.103452727565782,4.09279008633523,4.483552816031211,5.51,5.54,5.45,5.5,4.6,4.5,4.3,4.7,3.3339886319687055,3.790533107840436,3.0596455992976437,3.311637304949512
1998-12-01,164.1,174.8,12.14,4.53,4.65,4.54,5.09,4.48,4.56,4.83,13191.67,1660.0,316000.0,86.7256,237592.0,100.5,4.4,24.42,1.4842300556586308,2.3419203747072626,4.883126568525764,3.741486019967022,6.201557317694606,9.933774834437092,-0.08999999999999986,0.0,0.0,0.04999999999999982,-0.08999999999999986,0.009999999999999787,0.11000000000000032,0.16999999999999993,0.4399999999999995,0.019999999999999574,0.05999999999999961,0.20000000000000018,0.14000000000000057,-0.2400000000000002,-0.09999999999999964,-1.5899999999999999,0.7700000000000014,-2.200000000000003,4.641666666666667,0.16999999999999993,-0.025000000000000355,-0.29000000000000004,-0.17999999999999972,3.1954024686825586,0.0655274778689077,1.4860681114551078,1.6169154228855787,1.6885553470919357,1.8903591682419618,2.2274325908558046,2.473498233215543,2.1867612293144267,2.1531100478469067,4.883126568525764,4.103452727565782,4.09279008633523,4.483552816031211,5.07,5.55,5.49,5.52,4.5,4.5,4.4,4.6,3.25848107946056,3.7123518102990785,2.9811261211646287,3.178470410233162
1999-01-01,164.4,175.4,12.81,4.51,4.66,4.58,5.09,4.48,4.55,4.68,13191.67,1792.0,316000.0,87.1185,240140.0,103.9,4.4,26.25,1.606922126081578,2.453271028037385,4.883126568525764,3.7695732652959,6.617059439876405,14.431673052362704,0.0,-0.020000000000000462,0.040000000000000036,-0.009999999999999787,0.009999999999999787,0.0,0.08000000000000007,0.17999999999999972,0.4299999999999997,-0.03000000000000025,0.09999999999999964,0.11000000000000032,0.5199999999999996,-0.15000000000000036,0.0,1.8299999999999983,0.6699999999999999,3.4000000000000057,4.6450000000000005,0.17999999999999972,0.009999999999999787,-0.09999999999999964,-0.019999999999999574,3.2676659890376327,0.05372033027729073,1.4842300556586308,1.4267990074441794,1.6229712858926382,1.6970458830924073,2.3419203747072626,2.3501762632197387,2.2432113341204207,2.270011947431283,4.883126568525764,4.103452727565782,4.09279008633523,4.483552816031211,4.83,5.51,5.56,5.5,4.4,4.6,4.5,4.7,3.1954024686825586,3.3339886319687055,3.2108436531709366,3.0666566118906897
1999-02-01,164.7,175.6,12.31,4.88,5.29,5.13,5.57,4.66,5.21,4.63,13315.597,1748.0,326200.0,87.4949,240269.0,108.1,4.3,27.88,1.6666666666666607,2.331002331002341,4.816336792733988,3.763083805136991,6.335360294573222,14.62295081967213,0.17999999999999972,0.3700000000000001,0.5499999999999998,0.6600000000000001,0.6299999999999999,0.4800000000000004,0.16000000000000014,0.6299999999999999,0.28000000000000025,0.08000000000000007,0.46999999999999975,0.08000000000000007,0.20000000000000018,-0.04999999999999982,-0.10000000000000053,1.629999999999999,-0.5,4.199999999999989,5.123333333333333,0.6299999999999999,0.15500000000000025,0.5,0.6600000000000001,3.327909585892323,-0.03981417571228078,1.606922126081578,1.4860681114551078,1.74563591022443,1.6311166875784044,2.453271028037385,2.2274325908558046,2.2392457277548683,2.264600715137055,4.883126568525764,4.883126568525764,4.103452727565782,4.855526883310857,4.68,5.07,5.54,5.56,4.4,4.5,4.5,4.6,3.2676659890376327,3.25848107946056,3.790533107840436,2.920469789053444
1999-03-01,164.7,175.6,16.66,4.72,5.25,4.99,5.63,4.49,5.12,4.76,13315.597,1670.0,301500.0,88.027,243346.0,105.7,4.4,23.26,1.6666666666666607,2.1524141942990127,4.816336792733988,4.225398806274816,7.796372914691729,5.429292929292928,-0.16999999999999993,-0.16000000000000014,-0.13999999999999968,-0.08999999999999986,-0.040000000000000036,0.05999999999999961,0.2599999999999998,0.7599999999999998,0.3799999999999999,0.1299999999999999,0.5,0.16000000000000014,0.11000000000000032,0.1299999999999999,0.10000000000000053,-4.619999999999997,4.35,-2.3999999999999915,5.033333333333333,0.7599999999999998,0.1200000000000001,0.23000000000000043,0.4900000000000002,3.1467351470905185,0.3025986965423345,1.6666666666666607,1.4842300556586308,1.6169154228855787,1.440200375704448,2.331002331002341,2.3419203747072626,2.473498233215543,2.2605591909577782,4.816336792733988,4.883126568525764,4.103452727565782,4.855526883310857,4.63,4.83,5.55,5.51,4.3,4.4,4.5,4.6,3.327909585892323,3.1954024686825586,3.7123518102990785,3.1871787381249463
1999-04-01,164.8,175.7,18.69,4.78,5.36,5.08,5.68,4.55,5.24,4.81,13315.597,1710.0,302750.0,88.2267,244687.0,104.6,4.2,25.07,1.7283950617283939,2.0325203252032464,4.816336792733988,4.425125461604007,7.844364424895001,9.125717932354815,0.05999999999999961,0.0600000000000005,0.08999999999999986,0.1200000000000001,0.11000000000000032,0.04999999999999982,0.28000000000000025,0.8100000000000005,0.3199999999999994,0.16000000000000014,0.5300000000000002,0.2599999999999998,0.08000000000000007,0.04999999999999982,-0.20000000000000018,1.8099999999999987,2.030000000000001,-1.1000000000000085,5.114999999999999,0.8100000000000005,0.125,0.27000000000000046,0.5500000000000007,3.221671912170202,0.11497798472877485,1.6666666666666607,1.606922126081578,1.4267990074441794,1.3767209011263937,2.1524141942990127,2.453271028037385,2.3501762632197387,2.25653206650831,4.816336792733988,4.883126568525764,4.103452727565782,4.855526883310857,4.76,4.68,5.51,5.49,4.4,4.4,4.6,4.7,3.1467351470905185,3.2676659890376327,3.3339886319687055,3.0530573401732606
1999-05-01,165.9,176.3,16.85,4.97,5.64,5.42,5.84,4.66,5.6,4.74,13426.748,1553.0,308500.0,88.4295,246628.0,106.8,4.3,25.39,2.281134401972884,2.2028985507246412,4.721885912228041,4.307254602909483,7.03922155818566,0.8441558441558472,0.11000000000000032,0.1899999999999995,0.33999999999999986,0.35999999999999943,0.27999999999999936,0.16000000000000014,0.21999999999999975,0.9799999999999995,0.20000000000000018,0.17999999999999972,0.7599999999999998,0.28000000000000025,0.16000000000000014,-0.0699999999999994,0.09999999999999964,0.3200000000000003,-1.8399999999999999,2.200000000000003,5.3549999999999995,0.9799999999999995,0.2699999999999996,0.6799999999999997,0.8999999999999995,3.234355395716587,-0.1036379646691007,1.7283950617283939,1.6666666666666607,1.4860681114551078,1.4383989993745905,2.0325203252032464,2.331002331002341,2.2274325908558046,2.131438721136769,4.816336792733988,4.816336792733988,4.883126568525764,4.09279008633523,4.81,4.63,5.07,5.45,4.2,4.3,4.5,4.3,3.221671912170202,3.327909585892323,3.25848107946056,3.0596455992976437
1999-06-01,166.0,176.5,19.33,5.07,5.81,5.53,5.98,4.78,5.67,4.74,13426.748,1611.0,301600.0,88.9886,248367.0,107.3,4.2,21.09,2.091020910209096,2.0821283979178595,4.721885912228041,4.27940147673862,7.520509101928607,4.8828125,0.1200000000000001,0.10000000000000053,0.11000000000000032,0.07000000000000028,0.16999999999999993,0.14000000000000057,0.27999999999999936,1.0299999999999994,0.17000000000000082,0.13999999999999968,0.75,0.21999999999999975,0.2599999999999998,0.0,-0.09999999999999964,-4.300000000000001,2.479999999999997,0.5,5.473333333333334,1.0299999999999994,0.23500000000000032,0.79,1.0699999999999994,3.0487989944906833,0.13730763642186855,2.281134401972884,1.6666666666666607,1.4842300556586308,1.6885553470919357,2.2028985507246412,2.1524141942990127,2.3419203747072626,2.1867612293144267,4.721885912228041,4.816336792733988,4.883126568525764,4.09279008633523,4.74,4.76,4.83,5.49,4.3,4.4,4.4,4.4,3.234355395716587,3.1467351470905185,3.1954024686825586,2.9811261211646287
1999-07-01,166.0,176.6,20.52,5.13,5.92,5.63,6.11,4.75,5.82,4.76,13426.748,1559.0,294000.0,88.9188,249329.0,106.0,4.3,24.64,1.9656019656019597,1.9630484988452768,4.721885912228041,4.826418688874012,6.913171560030351,-4.99695307739183,-0.03000000000000025,0.05999999999999961,0.09999999999999964,0.15000000000000036,0.11000000000000032,0.1299999999999999,0.29000000000000004,1.17,0.1900000000000004,0.1900000000000004,0.8799999999999999,0.27999999999999936,0.28000000000000025,0.019999999999999574,0.09999999999999964,3.5500000000000007,1.1900000000000013,-1.2999999999999972,5.56,1.17,0.29499999999999993,0.8700000000000001,1.1600000000000001,3.204371138665319,0.05974172708232936,2.091020910209096,1.7283950617283939,1.606922126081578,1.6229712858926382,2.0821283979178595,2.0325203252032464,2.453271028037385,2.2432113341204207,4.721885912228041,4.816336792733988,4.883126568525764,4.09279008633523,4.74,4.81,4.68,5.56,4.2,4.2,4.4,4.5,3.0487989944906833,3.221671912170202,3.2676659890376327,3.2108436531709366
1999-08-01,166.7,177.1,22.15,5.3,5.98,5.73,6.07,4.98,5.88,4.99,13604.771,1669.0,298000.0,89.4333,251263.0,104.5,4.3,24.45,2.1446078431372584,2.074927953890482,4.791118246732284,5.839978413843561,8.513027367620962,-1.7078916372202602,0.23000000000000043,0.16999999999999993,0.10000000000000053,0.05999999999999961,0.0600000000000005,-0.040000000000000036,0.25,1.0,0.08999999999999986,0.14999999999999947,0.75,0.29000000000000004,0.21999999999999975,0.23000000000000043,0.0,-0.19000000000000128,1.629999999999999,-1.5,5.656666666666666,1.0,0.25,0.7400000000000002,0.9900000000000002,3.196630215920881,0.0764374761885759,1.9656019656019597,2.281134401972884,1.6666666666666607,1.74563591022443,1.9630484988452768,2.2028985507246412,2.331002331002341,2.2392457277548683,4.721885912228041,4.721885912228041,4.816336792733988,4.103452727565782,4.76,4.74,4.63,5.54,4.3,4.3,4.3,4.5,3.204371138665319,3.234355395716587,3.327909585892323,3.790533107840436
1999-09-01,167.1,177.3,24.54,5.22,5.9,5.63,6.06,4.88,5.78,5.07,13604.771,1648.0,290750.0,89.7924,253844.0,107.2,4.2,25.41,2.2643818849449104,1.8965517241379404,4.791118246732284,4.109544569149426,10.466856983706997,2.106567534076831,-0.10000000000000053,-0.08000000000000007,-0.10000000000000053,-0.09999999999999964,-0.08000000000000007,-0.010000000000000675,0.27000000000000046,1.0200000000000005,0.15999999999999925,0.15000000000000036,0.75,0.25,0.27999999999999936,0.08000000000000007,-0.09999999999999964,0.9600000000000009,2.3900000000000006,2.700000000000003,5.578333333333334,1.0200000000000005,0.23999999999999932,0.5599999999999996,0.8300000000000001,3.2351427973320726,0.1024669427916208,2.1446078431372584,2.091020910209096,1.6666666666666607,1.6169154228855787,2.074927953890482,2.0821283979178595,2.1524141942990127,2.473498233215543,4.791118246732284,4.721885912228041,4.816336792733988,4.103452727565782,4.99,4.74,4.76,5.55,4.3,4.2,4.4,4.5,3.196630215920881,3.0487989944906833,3.1467351470905185,3.7123518102990785
1999-10-01,167.8,177.8,21.79,5.43,6.02,5.79,6.16,5.12,5.97,5.22,13604.771,1635.0,289500.0,89.4299,255029.0,103.2,4.2,22.2,2.629969418960254,2.066590126291623,4.791118246732284,3.7444563415508503,9.780549959536478,3.3501896333754777,0.2400000000000002,0.20999999999999996,0.16000000000000014,0.1899999999999995,0.11999999999999922,0.10000000000000053,0.22999999999999954,0.8999999999999995,0.14000000000000057,0.17999999999999972,0.6699999999999999,0.27000000000000046,0.29000000000000004,0.14999999999999947,0.0,-3.210000000000001,-2.75,-4.0,5.748333333333332,0.8999999999999995,0.21999999999999975,0.5700000000000003,0.7999999999999998,3.100092288878234,-0.11885329032623686,2.2643818849449104,1.9656019656019597,1.7283950617283939,1.4267990074441794,1.8965517241379404,1.9630484988452768,2.0325203252032464,2.3501762632197387,4.791118246732284,4.721885912228041,4.816336792733988,4.103452727565782,5.07,4.76,4.81,5.51,4.2,4.3,4.2,4.6,3.2351427973320726,3.204371138665319,3.221671912170202,3.3339886319687055
1999-11-01,168.1,178.1,24.87,5.7,6.18,6.01,6.29,5.3,6.11,5.2,13827.98,1608.0,290400.0,90.523,254816.0,107.2,4.1,24.18,2.56253813300793,2.1215596330275144,4.8235742707329665,4.29950432876991,7.893332881688919,-6.239067055393588,0.17999999999999972,0.27000000000000046,0.21999999999999975,0.14000000000000057,0.16000000000000014,0.1299999999999999,0.16999999999999993,0.8799999999999999,0.11000000000000032,0.10000000000000053,0.71,0.22999999999999954,0.25,-0.019999999999999574,-0.10000000000000053,1.9800000000000004,3.080000000000002,4.0,5.931666666666666,0.8799999999999999,0.2699999999999996,0.8099999999999996,0.9799999999999995,3.1855258451866466,0.1322111088587849,2.629969418960254,2.1446078431372584,2.281134401972884,1.4860681114551078,2.066590126291623,2.074927953890482,2.2028985507246412,2.2274325908558046,4.791118246732284,4.791118246732284,4.721885912228041,4.883126568525764,5.22,4.99,4.74,5.07,4.2,4.3,4.3,4.5,3.100092288878234,3.196630215920881,3.234355395716587,3.25848107946056
1999-12-01,168.4,178.4,25.76,5.98,6.45,6.24,6.48,5.33,6.36,5.42,13827.98,1648.0,281750.0,90.9618,258133.0,105.4,4.1,24.64,2.6203534430225606,2.0594965675057253,4.8235742707329665,4.884601547870515,8.645493114246271,-0.7228915662650603,0.03000000000000025,0.28000000000000025,0.23000000000000043,0.25,0.27000000000000046,0.1900000000000004,0.20999999999999996,1.12,0.03000000000000025,0.1200000000000001,0.9100000000000001,0.16999999999999993,0.27000000000000046,0.21999999999999975,0.0,0.46000000000000085,0.8900000000000006,-1.7999999999999972,6.140000000000001,1.12,0.34999999999999964,0.8200000000000003,1.0300000000000002,3.204371138665319,0.03516064342083961,2.56253813300793,2.2643818849449104,2.091020910209096,1.4842300556586308,2.1215596330275144,1.8965517241379404,2.0821283979178595,2.3419203747072626,4.8235742707329665,4.791118246732284,4.721885912228041,4.883126568525764,5.2,5.07,4.74,4.83,4.1,4.2,4.2,4.4,3.1855258451866466,3.2351427973320726,3.0487989944906833,3.1954024686825586
2000-01-01,168.8,178.7,27.65,6.3,6.68,6.61,6.49,5.76,6.71,5.3,13827.98,1708.0,278500.0,91.6634,263311.0,112.0,4.0,24.95,2.676399026763998,1.8814139110604255,4.8235742707329665,5.216917187508963,9.648954776380435,-4.6875,0.4299999999999997,0.3199999999999994,0.3700000000000001,0.34999999999999964,0.22999999999999954,0.009999999999999787,0.0699999999999994,0.9199999999999999,-0.1899999999999995,0.09999999999999964,0.8500000000000005,0.20999999999999996,0.22999999999999954,-0.1200000000000001,-0.09999999999999964,0.3099999999999987,1.889999999999997,6.599999999999994,6.425000000000001,0.9199999999999999,0.39000000000000057,1.3100000000000005,1.38,3.2168738221975275,0.07080282673219078,2.6203534430225606,2.629969418960254,1.9656019656019597,1.606922126081578,2.0594965675057253,2.066590126291623,1.9630484988452768,2.453271028037385,4.8235742707329665,4.791118246732284,4.721885912228041,4.883126568525764,5.42,5.22,4.76,4.68,4.1,4.2,4.3,4.4,3.204371138665319,3.100092288878234,3.204371138665319,3.2676659890376327
2000-02-01,169.3,179.3,30.57,6.2,6.42,6.53,6.15,5.78,6.61,5.45,13878.147,1636.0,288400.0,91.538,261545.0,111.3,4.0,23.37,2.792956891317555,2.1070615034168627,4.224744861233032,4.620955049951481,8.855074936841634,-6.407322654462244,0.020000000000000462,-0.09999999999999964,-0.08000000000000007,-0.09999999999999964,-0.2599999999999998,-0.33999999999999986,-0.11000000000000032,0.6399999999999997,-0.2699999999999996,0.08000000000000007,0.75,0.0699999999999994,0.16999999999999993,0.15000000000000036,0.0,-1.5799999999999983,2.9200000000000017,-0.7000000000000028,6.281666666666666,0.6399999999999997,0.4300000000000006,1.08,0.9699999999999998,3.1514531485507664,0.10039340793439946,2.676399026763998,2.56253813300793,2.1446078431372584,1.6666666666666607,1.8814139110604255,2.1215596330275144,2.074927953890482,2.331002331002341,4.8235742707329665,4.8235742707329665,4.791118246732284,4.816336792733988,5.3,5.2,4.99,4.63,4.0,4.1,4.3,4.3,3.2168738221975275,3.1855258451866466,3.196630215920881,3.327909585892323
2000-03-01,170.0,179.4,26.86,6.28,6.03,6.5,5.84,5.88,6.32,5.73,13878.147,1737.0,293750.0,91.8239,265686.0,107.1,4.1,24.11,3.2179720704310855,2.1640091116173155,4.224744861233032,4.313335681097841,9.180344036885746,4.011976047904198,0.09999999999999964,0.08000000000000007,-0.03000000000000025,-0.29000000000000004,-0.3899999999999997,-0.3100000000000005,-0.46999999999999975,0.15000000000000036,-0.1900000000000004,-0.17999999999999972,0.6200000000000001,-0.11000000000000032,0.20999999999999996,0.28000000000000025,0.09999999999999964,0.7399999999999984,-3.710000000000001,-4.200000000000003,6.141666666666667,0.15000000000000036,0.5449999999999999,0.7699999999999996,0.2999999999999998,3.1826266921930797,-0.1293809448076517,2.792956891317555,2.6203534430225606,2.2643818849449104,1.6666666666666607,2.1070615034168627,2.0594965675057253,1.8965517241379404,2.1524141942990127,4.224744861233032,4.8235742707329665,4.791118246732284,4.816336792733988,5.45,5.42,5.07,4.76,4.0,4.1,4.2,4.4,3.1514531485507664,3.204371138665319,3.2351427973320726,3.1467351470905185
2000-04-01,171.0,180.0,25.71,6.24,6.23,6.68,5.97,5.82,6.56,5.85,13878.147,1604.0,274750.0,92.1504,269019.0,109.2,4.0,26.2,3.762135922330101,2.4473534433693933,4.224744861233032,4.447293166354416,9.944132708317156,-6.1988304093567255,-0.05999999999999961,-0.040000000000000036,0.17999999999999972,0.23999999999999932,0.20000000000000018,0.1299999999999999,-0.4499999999999993,0.41000000000000014,-0.2600000000000007,-0.1200000000000001,0.8599999999999994,-0.46999999999999975,0.0699999999999994,0.11999999999999922,-0.09999999999999964,2.09,-1.1499999999999986,2.1000000000000085,6.25,0.41000000000000014,0.6549999999999994,0.8300000000000001,0.3800000000000008,3.265759410767051,-0.043758169817293385,3.2179720704310855,2.676399026763998,2.629969418960254,1.7283950617283939,2.1640091116173155,1.8814139110604255,2.066590126291623,2.0325203252032464,4.224744861233032,4.8235742707329665,4.791118246732284,4.816336792733988,5.73,5.3,5.22,4.81,4.1,4.0,4.2,4.2,3.1826266921930797,3.2168738221975275,3.100092288878234,3.221671912170202
2000-05-01,170.9,180.3,29.03,6.37,6.29,6.69,6.02,5.63,6.54,6.02,14130.908,1626.0,271600.0,92.6989,264067.0,110.7,3.8,23.65,3.013863773357439,2.2688598979013097,5.2444568111355006,4.828026846244748,7.070973287704563,4.70057952350289,-0.1900000000000004,0.1299999999999999,0.010000000000000675,-0.019999999999999574,0.05999999999999961,0.04999999999999982,-0.40000000000000036,0.6600000000000001,-0.27000000000000046,-0.15000000000000036,1.0600000000000005,-0.4499999999999993,-0.11000000000000032,0.16999999999999993,-0.20000000000000018,-2.5500000000000007,3.3200000000000003,1.5,6.256666666666667,0.6600000000000001,0.7300000000000004,0.6700000000000008,0.27000000000000046,3.1633631149379418,0.12144975675874034,3.762135922330101,2.792956891317555,2.56253813300793,2.281134401972884,2.4473534433693933,2.1070615034168627,2.1215596330275144,2.2028985507246412,4.224744861233032,4.224744861233032,4.8235742707329665,4.721885912228041,5.85,5.45,5.2,4.74,4.0,4.0,4.1,4.3,3.265759410767051,3.1514531485507664,3.1855258451866466,3.234355395716587
2000-06-01,171.2,180.7,32.44,6.08,6.03,6.38,5.9,5.88,6.18,6.27,14130.908,1575.0,282250.0,92.9499,265992.0,106.4,4.0,19.54,3.1325301204819134,2.3796033994334165,5.2444568111355006,4.451469064576807,7.096353380279985,-2.2346368715083775,0.25,-0.29000000000000004,-0.3100000000000005,-0.3600000000000003,-0.2599999999999998,-0.11999999999999922,-0.34999999999999964,0.15000000000000036,-0.1299999999999999,-0.20000000000000018,0.5,-0.40000000000000036,-0.46999999999999975,0.25,0.20000000000000018,-4.109999999999999,3.4099999999999966,-4.299999999999997,6.075,0.15000000000000036,0.4249999999999998,0.11000000000000032,-0.23999999999999932,2.972463646614637,0.1110624512106736,3.013863773357439,3.2179720704310855,2.6203534430225606,2.091020910209096,2.2688598979013097,2.1640091116173155,2.0594965675057253,2.0821283979178595,5.2444568111355006,4.224744861233032,4.8235742707329665,4.721885912228041,6.02,5.73,5.42,4.74,3.8,4.1,4.1,4.2,3.1633631149379418,3.1826266921930797,3.204371138665319,3.0487989944906833
2000-07-01,172.2,181.1,27.5,6.07,6.04,6.3,5.79,6.27,6.16,6.53,14130.908,1559.0,291000.0,92.9862,267750.0,108.3,4.0,20.74,3.7349397590361377,2.5481313703284325,5.2444568111355006,4.574285752844154,7.388230009345076,0.0,0.3899999999999997,-0.009999999999999787,-0.08000000000000007,-0.019999999999999574,0.009999999999999787,-0.11000000000000032,-0.2599999999999998,-0.22999999999999954,-0.25,-0.13999999999999968,0.03000000000000025,-0.34999999999999964,-0.4499999999999993,0.2600000000000007,0.0,1.1999999999999993,-4.939999999999998,1.8999999999999915,6.105,-0.22999999999999954,0.14500000000000046,-0.23000000000000043,-0.4900000000000002,3.032064202801381,-0.16520622457468645,3.1325301204819134,3.762135922330101,2.676399026763998,1.9656019656019597,2.3796033994334165,2.4473534433693933,1.8814139110604255,1.9630484988452768,5.2444568111355006,4.224744861233032,4.8235742707329665,4.721885912228041,6.27,5.85,5.3,4.76,4.0,4.0,4.0,4.3,2.972463646614637,3.265759410767051,3.2168738221975275,3.204371138665319
2000-08-01,172.7,181.5,33.09,6.22,5.73,6.18,5.67,6.31,5.98,6.54,14145.312,1463.0,295000.0,92.8048,265683.0,107.3,4.0,16.84,3.5992801439711952,2.4844720496894457,3.9731723525519014,3.7698485910728996,5.739006538965152,-12.342720191731571,0.040000000000000036,0.14999999999999947,-0.1200000000000001,-0.17999999999999972,-0.3099999999999996,-0.1200000000000001,-0.4499999999999993,-0.5799999999999992,-0.0600000000000005,-0.1999999999999993,-0.1299999999999999,-0.2599999999999998,-0.40000000000000036,0.009999999999999787,0.0,-3.8999999999999986,5.590000000000003,-1.0,6.015000000000001,-0.5799999999999992,0.16000000000000014,-0.3600000000000003,-0.8099999999999996,2.8237570088141806,0.18504511726099537,3.7349397590361377,3.013863773357439,2.792956891317555,2.1446078431372584,2.5481313703284325,2.2688598979013097,2.1070615034168627,2.074927953890482,5.2444568111355006,5.2444568111355006,4.224744861233032,4.791118246732284,6.53,6.02,5.45,4.99,4.0,3.8,4.0,4.3,3.032064202801381,3.1633631149379418,3.1514531485507664,3.196630215920881
2000-09-01,172.7,181.9,30.87,6.07,5.8,5.98,5.88,6.23,5.85,6.5,14145.312,1541.0,312750.0,92.5521,266885.0,106.8,4.1,20.57,3.3512866546977715,2.5944726452340694,3.9731723525519014,3.0734226950164922,5.137407226485569,-6.492718446601941,-0.07999999999999918,-0.14999999999999947,-0.1999999999999993,-0.13000000000000078,0.0699999999999994,0.20999999999999996,-0.1800000000000006,-0.4300000000000006,0.08000000000000007,-0.13000000000000078,-0.25,-0.4499999999999993,-0.34999999999999964,-0.040000000000000036,0.09999999999999964,3.7300000000000004,-2.2200000000000024,-0.5,5.968333333333334,-0.4300000000000006,-0.03500000000000014,-0.5199999999999996,-0.7000000000000002,3.0238337036648657,-0.06944628341945294,3.5992801439711952,3.1325301204819134,3.2179720704310855,2.2643818849449104,2.4844720496894457,2.3796033994334165,2.1640091116173155,1.8965517241379404,3.9731723525519014,5.2444568111355006,4.224744861233032,4.791118246732284,6.54,6.27,5.73,5.07,4.0,4.0,4.1,4.2,2.8237570088141806,2.972463646614637,3.1826266921930797,3.2351427973320726
2000-10-01,173.6,182.3,32.7,6.12,5.77,5.94,5.79,6.38,5.83,6.52,14145.312,1507.0,300200.0,92.9792,270523.0,105.8,3.9,23.63,3.45649582836709,2.53093363329584,3.9731723525519014,3.968806853188922,6.075387504950425,-7.828746177370027,0.14999999999999947,0.04999999999999982,-0.040000000000000036,-0.019999999999999574,-0.03000000000000025,-0.08999999999999986,-0.17000000000000082,-0.6100000000000003,0.020000000000000462,-0.11000000000000032,-0.4399999999999995,-0.1800000000000006,-0.2599999999999998,0.019999999999999574,-0.19999999999999973,3.0599999999999987,1.8300000000000018,-1.0,5.971666666666668,-0.6100000000000003,-0.1349999999999989,-0.5799999999999992,-0.75,3.1625170911988163,0.05759023938913978,3.3512866546977715,3.7349397590361377,3.762135922330101,2.629969418960254,2.5944726452340694,2.5481313703284325,2.4473534433693933,2.066590126291623,3.9731723525519014,5.2444568111355006,4.224744861233032,4.791118246732284,6.5,6.53,5.85,5.22,4.1,4.0,4.0,4.2,3.0238337036648657,3.032064202801381,3.265759410767051,3.100092288878234
2000-11-01,173.9,182.6,33.61,5.92,5.48,5.61,5.6,6.21,5.42,6.51,14229.765,1549.0,301000.0,92.6179,270339.0,107.6,3.9,29.65,3.4503271861986873,2.5266704098820814,2.9055943095086967,2.3142184859096693,6.09184666582947,-3.66915422885572,-0.16999999999999993,-0.20000000000000018,-0.33000000000000007,-0.41000000000000014,-0.28999999999999915,-0.1900000000000004,-0.1299999999999999,-0.7299999999999995,0.11999999999999922,-0.1900000000000004,-0.5999999999999996,-0.17000000000000082,-0.4499999999999993,-0.009999999999999787,0.0,6.02,0.9099999999999966,1.7999999999999972,5.706666666666666,-0.7299999999999995,-0.23500000000000032,-0.8999999999999995,-1.0299999999999994,3.3894621254437345,0.02744856383380642,3.45649582836709,3.5992801439711952,3.013863773357439,2.56253813300793,2.53093363329584,2.4844720496894457,2.2688598979013097,2.1215596330275144,3.9731723525519014,3.9731723525519014,5.2444568111355006,4.8235742707329665,6.52,6.54,6.02,5.2,3.9,4.0,3.8,4.1,3.1625170911988163,2.8237570088141806,3.1633631149379418,3.1855258451866466
2000-12-01,174.2,183.1,26.72,5.32,5.12,5.11,5.46,5.89,4.99,6.51,14229.765,1551.0,334250.0,92.6438,268850.0,98.4,3.9,26.85,3.444180522565321,2.6345291479820565,2.9055943095086967,1.8491278756576968,4.151735733129813,-5.885922330097082,-0.3200000000000003,-0.5999999999999996,-0.5,-0.4299999999999997,-0.3600000000000003,-0.13999999999999968,0.009999999999999787,-0.7699999999999996,0.33999999999999986,-0.1200000000000001,-0.7799999999999994,-0.1299999999999999,-0.1800000000000006,0.0,0.0,-2.799999999999997,-6.890000000000001,-9.199999999999989,5.315,-0.7699999999999996,-0.3949999999999996,-1.3999999999999995,-1.3899999999999997,3.2902658209548736,-0.22941129306856936,3.4503271861986873,3.3512866546977715,3.1325301204819134,2.6203534430225606,2.5266704098820814,2.5944726452340694,2.3796033994334165,2.0594965675057253,2.9055943095086967,3.9731723525519014,5.2444568111355006,4.8235742707329665,6.51,6.5,6.27,5.42,3.9,4.1,4.0,4.1,3.3894621254437345,3.0238337036648657,2.972463646614637,3.204371138665319
2001-01-01,174.6,183.3,28.62,4.6,5.19,4.62,5.54,4.99,4.85,6.4,14229.765,1532.0,346000.0,92.3415,268338.0,94.7,3.9,22.02,3.4360189573459543,2.5741466144376224,2.9055943095086967,0.7397718173229428,1.9091492569623059,-10.304449648711945,-0.8999999999999995,-0.7200000000000006,-0.4900000000000002,-0.14000000000000057,0.07000000000000028,0.08000000000000007,0.5700000000000003,0.20000000000000018,0.34999999999999964,0.22999999999999954,-0.3700000000000001,0.009999999999999787,-0.17000000000000082,-0.10999999999999943,0.0,-4.830000000000002,1.9000000000000021,-3.700000000000003,4.965000000000001,0.20000000000000018,-0.46999999999999975,-1.7800000000000002,-1.21,3.091951131294534,0.06869342545986,3.444180522565321,3.45649582836709,3.7349397590361377,2.676399026763998,2.6345291479820565,2.53093363329584,2.5481313703284325,1.8814139110604255,2.9055943095086967,3.9731723525519014,5.2444568111355006,4.8235742707329665,6.51,6.52,6.53,5.3,3.9,3.9,4.0,4.0,3.2902658209548736,3.1625170911988163,3.032064202801381,3.2168738221975275
2001-02-01,175.6,183.9,27.35,4.47,4.92,4.41,5.34,4.85,4.7,5.98,14183.12,1600.0,340000.0,91.902,272881.0,90.6,4.2,28.35,3.7212049616065945,2.5655326268823275,2.1975051856706784,0.3976490637767949,4.334244585061842,-2.200488997555017,-0.14000000000000057,-0.1299999999999999,-0.20999999999999996,-0.14999999999999947,-0.27000000000000046,-0.20000000000000018,0.5099999999999998,0.07000000000000028,0.41999999999999993,0.29000000000000004,-0.4399999999999995,0.5700000000000003,-0.1299999999999999,-0.41999999999999993,0.30000000000000027,6.330000000000002,-1.2699999999999996,-4.1000000000000085,4.781666666666667,0.07000000000000028,-0.47499999999999964,-1.5700000000000003,-1.0600000000000005,3.3446270301737613,-0.04538924526031465,3.4360189573459543,3.4503271861986873,3.5992801439711952,2.792956891317555,2.5741466144376224,2.5266704098820814,2.4844720496894457,2.1070615034168627,2.9055943095086967,2.9055943095086967,3.9731723525519014,4.224744861233032,6.4,6.51,6.54,5.45,3.9,3.9,4.0,4.0,3.091951131294534,3.3894621254437345,2.8237570088141806,3.1514531485507664
2001-03-01,176.0,184.4,26.37,4.09,4.93,4.18,5.46,4.3,4.62,5.49,14183.12,1625.0,371250.0,91.3034,272627.0,91.5,4.2,28.64,3.529411764705892,2.7870680044593144,2.1975051856706784,-0.5668458865284554,2.612482404040861,-6.4478986758779495,-0.5499999999999998,-0.3799999999999999,-0.23000000000000043,-0.08000000000000007,0.009999999999999787,0.1200000000000001,0.75,0.6299999999999999,0.5300000000000002,0.4400000000000004,-0.1200000000000001,0.5099999999999998,0.009999999999999787,-0.4900000000000002,0.0,0.28999999999999915,-0.9800000000000004,0.9000000000000057,4.596666666666667,0.6299999999999999,-0.4350000000000005,-1.3100000000000005,-0.5600000000000005,3.3548043420924447,-0.03648952850279492,3.7212049616065945,3.444180522565321,3.3512866546977715,3.2179720704310855,2.5655326268823275,2.6345291479820565,2.5944726452340694,2.1640091116173155,2.1975051856706784,2.9055943095086967,3.9731723525519014,4.224744861233032,5.98,6.51,6.5,5.73,4.2,3.9,4.1,4.1,3.3446270301737613,3.2902658209548736,3.0238337036648657,3.1826266921930797
2001-04-01,176.1,184.7,28.48,3.94,5.35,4.3,5.78,3.95,4.97,5.31,14183.12,1590.0,387200.0,91.1162,269820.0,88.4,4.3,25.48,2.9824561403508643,2.6111111111110974,2.1975051856706784,-1.122295725249156,0.2977484861663937,-0.872817955112215,-0.34999999999999964,-0.1499999999999999,0.1200000000000001,0.34999999999999964,0.41999999999999993,0.3200000000000003,1.0499999999999998,1.3999999999999995,0.4300000000000006,0.6699999999999999,0.34999999999999964,0.75,0.5700000000000003,-0.1800000000000006,0.09999999999999964,-3.16,2.1099999999999994,-3.0999999999999943,4.715,1.3999999999999995,-0.35000000000000053,-1.0099999999999998,0.040000000000000036,3.2378938307039626,0.07697508617857961,3.529411764705892,3.4360189573459543,3.45649582836709,3.762135922330101,2.7870680044593144,2.5741466144376224,2.53093363329584,2.4473534433693933,2.1975051856706784,2.9055943095086967,3.9731723525519014,4.224744861233032,5.49,6.4,6.52,5.85,4.2,3.9,3.9,4.0,3.3548043420924447,3.091951131294534,3.1625170911988163,3.265759410767051
2001-05-01,176.4,185.1,28.39,3.63,5.43,4.22,5.78,3.63,4.94,4.8,14271.694,1649.0,396750.0,90.7891,274410.0,92.0,4.4,22.64,3.2182562902282053,2.66222961730449,0.9962983270431103,-2.0602186217959284,3.916808991657428,1.4145141451414434,-0.3200000000000003,-0.31000000000000005,-0.08000000000000007,-0.02999999999999936,0.08000000000000007,0.0,1.21,1.7999999999999998,0.35000000000000053,0.7200000000000006,0.5899999999999999,1.0499999999999998,0.5099999999999998,-0.5099999999999998,0.10000000000000053,-2.84,-0.08999999999999986,3.5999999999999943,4.605,1.7999999999999998,-0.3099999999999996,-0.5800000000000001,0.6299999999999999,3.119718253334982,-0.0031651160588952406,2.9824561403508643,3.7212049616065945,3.4503271861986873,3.013863773357439,2.6111111111110974,2.5655326268823275,2.5266704098820814,2.2688598979013097,2.1975051856706784,2.1975051856706784,2.9055943095086967,5.2444568111355006,5.31,5.98,6.51,6.02,4.3,4.2,3.9,3.8,3.2378938307039626,3.3446270301737613,3.3894621254437345,3.1633631149379418
2001-06-01,177.3,185.3,26.37,3.72,5.42,4.25,5.75,3.65,4.97,4.21,14271.694,1605.0,394500.0,90.3555,275769.0,92.6,4.3,19.06,3.5630841121495394,2.54565578306587,0.9962983270431103,-2.791181055600911,3.6756744563746224,1.904761904761898,0.020000000000000018,0.0900000000000003,0.03000000000000025,0.02999999999999936,-0.009999999999999787,-0.03000000000000025,1.17,1.77,0.33000000000000007,0.7199999999999998,0.6000000000000001,1.21,0.75,-0.5899999999999999,-0.10000000000000053,-3.580000000000002,-2.0199999999999996,0.5999999999999943,4.626666666666666,1.77,-0.28500000000000014,0.040000000000000036,1.21,2.947591898226056,-0.07380997011968454,3.2182562902282053,3.529411764705892,3.444180522565321,3.1325301204819134,2.66222961730449,2.7870680044593144,2.6345291479820565,2.3796033994334165,0.9962983270431103,2.1975051856706784,2.9055943095086967,5.2444568111355006,4.8,5.49,6.51,6.27,4.4,4.2,3.9,4.0,3.119718253334982,3.3548043420924447,3.2902658209548736,2.972463646614637
2001-07-01,177.7,186.0,26.7,3.53,5.07,3.79,5.51,3.54,4.57,3.97,14271.694,1636.0,397200.0,89.8784,274474.0,92.4,4.5,21.62,3.193960511033689,2.705687465488693,0.9962983270431103,-3.3422163718917375,2.5112978524743257,4.939063502245022,-0.10999999999999988,-0.1900000000000004,-0.45999999999999996,-0.39999999999999947,-0.34999999999999964,-0.2400000000000002,1.2800000000000002,1.5300000000000002,0.4399999999999995,0.7800000000000002,0.25,1.17,1.0499999999999998,-0.23999999999999977,0.20000000000000018,2.5600000000000023,0.3299999999999983,-0.19999999999998863,4.335,1.5300000000000002,-0.5149999999999997,-0.18000000000000016,1.1,3.073618812211062,0.012436565041008563,3.5630841121495394,2.9824561403508643,3.4360189573459543,3.7349397590361377,2.54565578306587,2.6111111111110974,2.5741466144376224,2.5481313703284325,0.9962983270431103,2.1975051856706784,2.9055943095086967,5.2444568111355006,4.21,5.31,6.4,6.53,4.3,4.3,3.9,4.0,2.947591898226056,3.2378938307039626,3.091951131294534,3.032064202801381
2001-08-01,177.4,186.4,26.65,3.41,4.85,3.64,5.39,3.37,4.46,3.77,14214.516,1670.0,398000.0,89.3028,273098.0,91.5,4.6,24.92,2.7214823393167498,2.6997245179063434,0.48923629256110157,-3.773511714911293,2.790920006172759,14.149008885851,-0.16999999999999993,-0.11999999999999966,-0.1499999999999999,-0.11000000000000032,-0.22000000000000064,-0.1200000000000001,1.2099999999999995,1.4799999999999995,0.54,0.8199999999999998,0.27,1.2800000000000002,1.21,-0.20000000000000018,0.09999999999999964,3.3000000000000007,-0.05000000000000071,-0.9000000000000057,4.1866666666666665,1.4799999999999995,-0.4699999999999993,-0.1299999999999999,1.0799999999999996,3.2156706939192525,-0.0018744147943503039,3.193960511033689,3.2182562902282053,3.7212049616065945,3.5992801439711952,2.705687465488693,2.66222961730449,2.5655326268823275,2.4844720496894457,0.9962983270431103,0.9962983270431103,2.1975051856706784,3.9731723525519014,3.97,4.8,5.98,6.54,4.5,4.4,4.2,4.0,3.073618812211062,3.119718253334982,3.3446270301737613,2.8237570088141806
2001-09-01,177.4,186.7,23.44,2.49,4.6,2.86,5.42,2.4,3.93,3.65,14214.516,1567.0,398000.0,89.2003,275659.0,81.8,4.9,31.93,2.7214823393167498,2.638812534359536,0.48923629256110157,-3.6215277665228585,3.2875583116323437,1.6872160934458202,-0.9700000000000002,-0.9199999999999999,-0.7800000000000002,-0.5299999999999998,-0.25,0.03000000000000025,1.7399999999999998,2.1999999999999997,0.8200000000000003,1.0700000000000003,0.45999999999999996,1.2099999999999995,1.17,-0.1200000000000001,0.3000000000000007,7.009999999999998,-3.2099999999999973,-9.700000000000003,3.616666666666667,2.1999999999999997,-0.6400000000000001,-0.79,0.9499999999999997,3.4635460067266908,-0.1283451859030416,2.7214823393167498,3.5630841121495394,3.529411764705892,3.3512866546977715,2.6997245179063434,2.54565578306587,2.7870680044593144,2.5944726452340694,0.48923629256110157,0.9962983270431103,2.1975051856706784,3.9731723525519014,3.77,4.21,5.49,6.5,4.6,4.3,4.2,4.1,3.2156706939192525,2.947591898226056,3.3548043420924447,3.0238337036648657
2001-10-01,178.1,187.1,21.2,2.07,4.3,2.44,4.89,2.05,3.66,3.07,14214.516,1562.0,435000.0,88.7485,268652.0,82.7,5.0,33.56,2.5921658986175045,2.6330224904004274,0.48923629256110157,-4.55015745457048,-0.6916232630866825,3.649635036496357,-0.3500000000000001,-0.4200000000000004,-0.41999999999999993,-0.27,-0.2999999999999998,-0.5300000000000002,1.8599999999999999,2.25,0.5899999999999999,1.2200000000000002,0.3900000000000001,1.7399999999999998,1.2800000000000002,-0.5800000000000001,0.09999999999999964,1.6300000000000026,-2.240000000000002,0.9000000000000057,3.235,2.25,-0.7349999999999999,-0.6299999999999999,1.23,3.5133348815990053,-0.1004427830308452,2.7214823393167498,3.193960511033689,2.9824561403508643,3.45649582836709,2.638812534359536,2.705687465488693,2.6111111111110974,2.53093363329584,0.48923629256110157,0.9962983270431103,2.1975051856706784,3.9731723525519014,3.65,3.97,5.31,6.52,4.9,4.5,4.3,3.9,3.4635460067266908,3.073618812211062,3.2378938307039626,3.1625170911988163
2001-11-01,177.6,187.4,19.46,2.06,4.78,2.84,5.27,1.78,4.08,2.49,14253.574,1540.0,480750.0,88.5052,288632.0,83.9,5.3,23.84,2.127659574468077,2.6286966046002336,0.16731829373148877,-4.440502321905382,6.76668923092858,-0.5810200129115595,-0.2699999999999998,-0.009999999999999787,0.3999999999999999,0.41999999999999993,0.4800000000000004,0.3799999999999999,1.9400000000000004,3.0,0.4899999999999993,1.2400000000000002,1.0599999999999998,1.8599999999999999,1.2099999999999995,-0.5799999999999996,0.2999999999999998,-9.720000000000002,-1.7399999999999984,1.2000000000000028,3.4683333333333333,3.0,-0.4400000000000004,0.34999999999999964,2.29,3.171364842197149,-0.08564010492010768,2.5921658986175045,2.7214823393167498,3.2182562902282053,3.4503271861986873,2.6330224904004274,2.6997245179063434,2.66222961730449,2.5266704098820814,0.48923629256110157,0.48923629256110157,0.9962983270431103,2.9055943095086967,3.07,3.77,4.8,6.51,5.0,4.6,4.4,3.9,3.5133348815990053,3.2156706939192525,3.119718253334982,3.3894621254437345
2001-12-01,177.5,188.1,19.96,2.17,5.07,3.07,5.48,1.74,4.38,2.09,14253.574,1602.0,447500.0,87.97,280033.0,88.8,5.5,23.8,1.894374282433997,2.730748225013646,0.16731829373148877,-5.044913960783126,4.159568532639013,3.2882011605415817,-0.040000000000000036,0.10999999999999988,0.22999999999999998,0.2999999999999998,0.29000000000000004,0.21000000000000085,2.0000000000000004,3.33,0.41000000000000014,1.31,1.3299999999999998,1.9400000000000004,1.7399999999999998,-0.40000000000000036,0.20000000000000018,-0.03999999999999915,0.5,4.8999999999999915,3.651666666666667,3.33,-0.3350000000000004,0.98,2.9800000000000004,3.169685580677429,0.025369194125459005,2.127659574468077,2.7214823393167498,3.5630841121495394,3.444180522565321,2.6286966046002336,2.638812534359536,2.54565578306587,2.6345291479820565,0.16731829373148877,0.48923629256110157,0.9962983270431103,2.9055943095086967,2.49,3.65,4.21,6.51,5.3,4.9,4.3,3.9,3.171364842197149,3.4635460067266908,2.947591898226056,3.2902658209548736
2002-01-01,177.4,188.4,19.71,2.29,5.07,3.16,5.44,1.76,4.42,1.82,14253.574,1568.0,416800.0,87.9324,276302.0,93.0,5.7,21.09,1.603665521191311,2.782324058919805,0.16731829373148877,-4.774776238202749,2.967898694929527,2.3498694516971286,0.020000000000000018,0.1200000000000001,0.0900000000000003,0.040000000000000036,0.0,-0.040000000000000036,1.9100000000000001,3.3100000000000005,0.3700000000000001,1.2599999999999998,1.4000000000000001,2.0000000000000004,1.8599999999999999,-0.2699999999999998,0.20000000000000018,-2.710000000000001,-0.25,4.200000000000003,3.69,3.3100000000000005,-0.2549999999999999,1.34,3.25,3.0487989944906833,-0.012604149718689122,1.894374282433997,2.5921658986175045,3.193960511033689,3.4360189573459543,2.730748225013646,2.6330224904004274,2.705687465488693,2.5741466144376224,0.16731829373148877,0.48923629256110157,0.9962983270431103,2.9055943095086967,2.09,3.07,3.97,6.4,5.5,5.0,4.5,3.9,3.169685580677429,3.5133348815990053,3.073618812211062,3.091951131294534
2002-02-01,177.7,188.7,21.78,2.25,4.88,3.06,5.54,1.79,4.27,1.73,14372.785,1698.0,408500.0,88.5176,277135.0,90.7,5.7,21.59,1.1958997722095743,2.610114192495905,1.3372586567694578,-3.682618441383212,1.5589212880339876,6.125000000000003,0.030000000000000027,-0.040000000000000036,-0.10000000000000009,-0.15000000000000036,-0.1900000000000004,0.09999999999999964,1.8199999999999998,3.09,0.6600000000000001,1.2099999999999995,1.27,1.9100000000000001,1.9400000000000004,-0.09000000000000008,0.0,0.5,2.0700000000000003,-2.299999999999997,3.6316666666666664,3.09,-0.2749999999999999,1.33,3.15,3.072230244526716,0.09986599634018563,1.603665521191311,2.127659574468077,2.7214823393167498,3.7212049616065945,2.782324058919805,2.6286966046002336,2.6997245179063434,2.5655326268823275,0.16731829373148877,0.16731829373148877,0.48923629256110157,2.1975051856706784,1.82,2.49,3.77,5.98,5.7,5.3,4.6,4.2,3.0487989944906833,3.171364842197149,3.2156706939192525,3.3446270301737613
2002-03-01,178.0,189.1,26.21,2.7,5.42,3.72,5.91,1.79,4.91,1.74,14372.785,1829.0,399000.0,88.5278,278869.0,95.7,5.7,17.4,1.1363636363636465,2.5488069414316694,1.3372586567694578,-3.0399744149724905,2.2895751337908665,12.553846153846159,0.0,0.4500000000000002,0.6600000000000001,0.6400000000000006,0.54,0.3700000000000001,1.6999999999999997,3.63,0.4900000000000002,1.19,1.9300000000000002,1.8199999999999998,2.0000000000000004,0.010000000000000009,0.0,-4.190000000000001,4.43,5.0,4.075,3.63,0.11500000000000021,1.9800000000000002,3.6799999999999997,2.856470206220483,0.1851488998305005,1.1958997722095743,1.894374282433997,2.7214823393167498,3.529411764705892,2.610114192495905,2.730748225013646,2.638812534359536,2.7870680044593144,1.3372586567694578,0.16731829373148877,0.48923629256110157,2.1975051856706784,1.73,2.09,3.65,5.49,5.7,5.5,4.9,4.2,3.072230244526716,3.169685580677429,3.4635460067266908,3.3548043420924447
2002-04-01,178.5,189.2,27.32,2.35,5.11,3.24,5.72,1.77,4.53,1.73,14372.785,1642.0,415400.0,89.1686,278079.0,93.0,5.7,21.91,1.3628620102214661,2.4363833243096877,1.3372586567694578,-2.1374903694403535,3.060929508561272,3.2704402515723263,-0.020000000000000018,-0.3500000000000001,-0.48,-0.3799999999999999,-0.3099999999999996,-0.1900000000000004,1.87,3.3400000000000003,0.6099999999999994,1.29,1.4700000000000002,1.6999999999999997,1.9100000000000001,-0.010000000000000009,0.0,4.510000000000002,1.1099999999999994,-2.700000000000003,3.7866666666666666,3.3400000000000003,-0.20000000000000018,1.5100000000000002,3.3800000000000003,3.086943153607375,0.04147801736727436,1.1363636363636465,1.603665521191311,2.5921658986175045,2.9824561403508643,2.5488069414316694,2.782324058919805,2.6330224904004274,2.6111111111110974,1.3372586567694578,0.16731829373148877,0.48923629256110157,2.1975051856706784,1.74,1.82,3.07,5.31,5.7,5.7,5.0,4.3,2.856470206220483,3.0487989944906833,3.5133348815990053,3.2378938307039626
2002-05-01,179.3,189.7,25.37,2.34,5.08,3.22,5.75,1.74,4.37,1.75,14460.848,1592.0,429250.0,89.604,281147.0,96.9,5.9,19.98,1.643990929705219,2.485143165856285,1.3253787532159889,-1.3053329089064758,2.4550854560693836,-3.4566403881140073,-0.030000000000000027,-0.010000000000000231,-0.020000000000000018,-0.16000000000000014,-0.03000000000000025,0.03000000000000025,1.8599999999999999,3.34,0.6699999999999999,1.15,1.4800000000000002,1.87,1.8199999999999998,0.020000000000000018,0.20000000000000018,-1.9299999999999997,-1.9499999999999993,3.9000000000000057,3.75,3.34,-0.18999999999999995,1.4700000000000002,3.33,2.9947317732204075,-0.07405166109139874,1.3628620102214661,1.1958997722095743,2.127659574468077,3.2182562902282053,2.4363833243096877,2.610114192495905,2.6286966046002336,2.66222961730449,1.3372586567694578,1.3372586567694578,0.16731829373148877,0.9962983270431103,1.73,1.73,2.49,4.8,5.7,5.7,5.3,4.4,3.086943153607375,3.072230244526716,3.171364842197149,3.119718253334982
2002-06-01,179.5,190.0,26.79,2.06,4.86,2.9,5.7,1.7,4.09,1.75,14460.848,1764.0,409000.0,89.964,278966.0,92.4,5.8,25.4,1.2408347433727984,2.5364274150026844,1.3253787532159889,-0.43328851038398897,1.159303620058827,9.906542056074773,-0.040000000000000036,-0.2799999999999998,-0.3200000000000003,-0.28000000000000025,-0.21999999999999975,-0.04999999999999982,1.9600000000000004,3.16,0.8399999999999999,1.19,1.2,1.8599999999999999,1.6999999999999997,0.0,-0.10000000000000053,5.419999999999998,1.4199999999999982,-4.5,3.5516666666666663,3.16,-0.38000000000000034,1.15,3.1100000000000003,3.2347491740244907,0.05446130994532686,1.643990929705219,1.1363636363636465,1.894374282433997,3.5630841121495394,2.485143165856285,2.5488069414316694,2.730748225013646,2.54565578306587,1.3253787532159889,1.3372586567694578,0.16731829373148877,0.9962983270431103,1.75,1.74,2.09,4.21,5.9,5.7,5.5,4.3,2.9947317732204075,2.856470206220483,3.169685580677429,2.947591898226056
2002-07-01,179.6,190.2,27.02,1.8,4.51,2.23,5.51,1.71,3.53,1.75,14460.848,1717.0,387200.0,90.7061,280426.0,88.1,5.8,32.03,1.0692177827799743,2.2580645161290214,1.3253787532159889,0.920910919642548,2.1685114072735434,4.951100244498785,0.010000000000000009,-0.26,-0.6699999999999999,-0.56,-0.35000000000000053,-0.1900000000000004,2.28,2.8,1.0,1.2999999999999998,0.52,1.9600000000000004,1.87,0.0,0.0,6.630000000000003,0.23000000000000043,-4.300000000000011,3.215,2.8,-0.8799999999999999,0.48,2.76,3.466672963621067,0.008548648975535538,1.2408347433727984,1.3628620102214661,1.603665521191311,3.193960511033689,2.5364274150026844,2.4363833243096877,2.782324058919805,2.705687465488693,1.3253787532159889,1.3372586567694578,0.16731829373148877,0.9962983270431103,1.75,1.73,1.82,3.97,5.8,5.7,5.7,4.5,3.2347491740244907,3.086943153607375,3.0487989944906833,3.073618812211062
2002-08-01,180.0,190.5,28.97,1.74,4.14,2.14,5.11,1.69,3.22,1.73,14519.633,1655.0,386000.0,90.6769,284161.0,87.6,5.8,32.64,1.465614430665152,2.1995708154506355,2.1465169830615416,1.5386975548359105,4.050926773539176,-0.8982035928143728,-0.020000000000000018,-0.06000000000000005,-0.08999999999999986,-0.3099999999999996,-0.3700000000000001,-0.39999999999999947,1.9999999999999996,2.4499999999999997,0.9700000000000006,1.08,0.4500000000000002,2.28,1.8599999999999999,-0.020000000000000018,0.0,0.6099999999999994,1.9499999999999993,-0.5,3.0066666666666664,2.4499999999999997,-0.7749999999999999,0.41000000000000014,2.4099999999999997,3.4855385300959063,0.06968347924920618,1.0692177827799743,1.643990929705219,1.1958997722095743,2.7214823393167498,2.2580645161290214,2.485143165856285,2.610114192495905,2.6997245179063434,1.3253787532159889,1.3253787532159889,1.3372586567694578,0.48923629256110157,1.75,1.75,1.73,3.77,5.8,5.9,5.7,4.6,3.466672963621067,2.9947317732204075,3.072230244526716,3.2156706939192525
2002-09-01,180.5,191.1,30.59,1.53,3.63,1.72,4.88,1.57,2.63,1.74,14519.633,1633.0,393600.0,90.5762,285884.0,86.1,5.7,39.69,1.747463359639223,2.3567220139260936,2.1465169830615416,1.5424836015125454,3.709293003312064,4.211869814933,-0.11999999999999988,-0.20999999999999996,-0.42000000000000015,-0.5900000000000003,-0.5099999999999998,-0.23000000000000043,1.91,2.0599999999999996,1.25,0.9099999999999999,0.1499999999999999,1.9999999999999996,1.9600000000000004,0.010000000000000009,-0.09999999999999964,7.049999999999997,1.620000000000001,-1.5,2.66,2.0599999999999996,-0.8800000000000001,-0.020000000000000018,1.89,3.681099266794974,0.05441234638155311,1.465614430665152,1.2408347433727984,1.1363636363636465,2.7214823393167498,2.1995708154506355,2.5364274150026844,2.5488069414316694,2.638812534359536,2.1465169830615416,1.3253787532159889,1.3372586567694578,0.48923629256110157,1.73,1.75,1.74,3.65,5.8,5.8,5.7,4.9,3.4855385300959063,3.2347491740244907,2.856470206220483,3.4635460067266908
2002-10-01,180.8,191.3,27.18,1.46,3.93,1.68,5.28,1.44,2.81,1.75,14519.633,1804.0,409500.0,90.6531,281064.0,80.6,5.7,31.14,1.516002245929271,2.2447888829502993,2.1465169830615416,2.146064440525741,4.620103330702907,15.492957746478876,-0.13000000000000012,-0.07000000000000006,-0.040000000000000036,0.18000000000000016,0.30000000000000027,0.40000000000000036,2.25,2.49,1.35,1.1300000000000001,0.24,1.91,2.28,0.010000000000000009,0.0,-8.549999999999997,-3.41,-5.5,2.766666666666667,2.49,-1.0050000000000001,-0.07000000000000006,2.18,3.4384931664058525,-0.11819174943981445,1.747463359639223,1.0692177827799743,1.3628620102214661,2.5921658986175045,2.3567220139260936,2.2580645161290214,2.4363833243096877,2.6330224904004274,2.1465169830615416,1.3253787532159889,1.3372586567694578,0.48923629256110157,1.74,1.75,1.73,3.07,5.7,5.8,5.7,5.0,3.681099266794974,3.466672963621067,3.086943153607375,3.5133348815990053
2002-11-01,181.2,191.5,26.87,1.56,4.22,2.08,5.23,1.22,3.28,1.75,14537.58,1648.0,407500.0,90.4643,282940.0,84.2,5.7,27.5,2.0270270270270174,2.187833511205972,1.9925248221954739,2.2135422551443185,-1.9720613099032724,7.012987012987004,-0.21999999999999997,0.10000000000000009,0.40000000000000013,0.46999999999999975,0.2899999999999996,-0.04999999999999982,2.1399999999999997,3.0,1.0100000000000007,1.1999999999999997,0.8600000000000001,2.25,1.9999999999999996,0.0,0.0,-3.6400000000000006,-0.3099999999999987,3.6000000000000085,2.9316666666666666,3.0,-0.6399999999999997,0.33000000000000007,2.4699999999999998,3.3141860046725258,-0.011470986095597704,1.516002245929271,1.465614430665152,1.643990929705219,2.127659574468077,2.2447888829502993,2.1995708154506355,2.485143165856285,2.6286966046002336,2.1465169830615416,2.1465169830615416,1.3253787532159889,0.16731829373148877,1.75,1.73,1.75,2.49,5.7,5.8,5.9,5.3,3.4384931664058525,3.4855385300959063,2.9947317732204075,3.171364842197149
2002-12-01,181.5,191.9,31.21,1.32,3.83,1.61,5.03,1.22,2.78,1.34,14537.58,1753.0,392200.0,90.9711,283408.0,86.7,5.9,28.62,2.2535211267605604,2.020202020202033,1.9925248221954739,3.4115039217915255,1.2052150996489708,9.425717852684134,0.0,-0.24,-0.47,-0.5,-0.3899999999999997,-0.20000000000000018,2.2199999999999998,2.6100000000000003,1.2000000000000002,1.1699999999999997,0.3900000000000001,2.1399999999999997,1.91,-0.4099999999999999,0.20000000000000018,1.120000000000001,4.34,2.5,2.6316666666666664,2.6100000000000003,-0.9149999999999998,0.27,2.49,3.3541057741283047,0.14972813365528811,2.0270270270270174,1.747463359639223,1.2408347433727984,1.894374282433997,2.187833511205972,2.3567220139260936,2.5364274150026844,2.730748225013646,1.9925248221954739,2.1465169830615416,1.3253787532159889,0.16731829373148877,1.75,1.74,1.75,2.09,5.7,5.7,5.8,5.5,3.3141860046725258,3.681099266794974,3.2347491740244907,3.169685580677429
2003-01-01,181.8,192.1,33.51,1.31,4.0,1.72,5.03,1.18,3.02,1.24,14537.58,1788.0,414250.0,90.4652,286646.0,82.4,6.0,31.17,2.4802705749718212,1.9639065817409707,1.9925248221954739,2.880394484854265,3.7437296870815207,14.030612244897966,-0.040000000000000036,-0.010000000000000009,0.10999999999999988,0.2400000000000002,0.16999999999999993,0.0,2.2800000000000002,2.8200000000000003,1.0300000000000002,1.3,0.54,2.2199999999999998,2.25,-0.10000000000000009,0.09999999999999964,2.5500000000000007,2.299999999999997,-4.299999999999997,2.7100000000000004,2.8200000000000003,-0.8699999999999999,0.48,2.76,3.4394560937792455,0.07110534546653084,2.2535211267605604,1.516002245929271,1.0692177827799743,1.603665521191311,2.020202020202033,2.2447888829502993,2.2580645161290214,2.782324058919805,1.9925248221954739,2.1465169830615416,1.3253787532159889,0.16731829373148877,1.34,1.75,1.75,1.82,5.9,5.7,5.8,5.7,3.3541057741283047,3.4384931664058525,3.466672963621067,3.0487989944906833
2003-02-01,182.6,192.4,36.76,1.24,3.71,1.53,4.9,1.2,2.69,1.24,14614.141,1853.0,395000.0,91.2361,288657.0,79.9,5.8,29.63,2.757456387169399,1.9607843137255054,1.6792570124718242,3.071140654513904,4.157540548829997,9.1283863368669,0.020000000000000018,-0.07000000000000006,-0.18999999999999995,-0.33000000000000007,-0.29000000000000004,-0.1299999999999999,2.1799999999999997,2.51,1.1900000000000004,1.16,0.33000000000000007,2.2800000000000002,2.1399999999999997,0.0,-0.20000000000000018,-1.5400000000000027,3.25,-2.5,2.5450000000000004,2.51,-0.925,0.29000000000000004,2.4699999999999998,3.388787361585474,0.09256639573826725,2.4802705749718212,2.0270270270270174,1.465614430665152,1.1958997722095743,1.9639065817409707,2.187833511205972,2.1995708154506355,2.610114192495905,1.9925248221954739,1.9925248221954739,2.1465169830615416,1.3372586567694578,1.24,1.75,1.73,1.73,6.0,5.7,5.8,5.7,3.4394560937792455,3.3141860046725258,3.4855385300959063,3.072230244526716
2003-03-01,183.6,192.5,31.14,1.19,3.83,1.51,5.07,1.14,2.78,1.26,14614.141,1629.0,411000.0,91.3445,284696.0,77.6,5.9,29.15,3.146067415730336,1.7979904812268632,1.6792570124718242,3.1817124112425654,2.0895115627767913,-10.934937124111531,-0.06000000000000005,-0.050000000000000044,-0.020000000000000018,0.08999999999999986,0.1200000000000001,0.16999999999999993,2.3200000000000003,2.6900000000000004,1.2400000000000002,1.2699999999999998,0.3700000000000001,2.1799999999999997,2.2199999999999998,0.020000000000000018,0.10000000000000053,-0.4800000000000004,-5.619999999999997,-2.3000000000000114,2.5866666666666664,2.6900000000000004,-0.9749999999999999,0.25,2.5700000000000003,3.3724549127965013,-0.16591713108163392,2.757456387169399,2.2535211267605604,1.747463359639223,1.1363636363636465,1.9607843137255054,2.020202020202033,2.3567220139260936,2.5488069414316694,1.6792570124718242,1.9925248221954739,2.1465169830615416,1.3372586567694578,1.24,1.34,1.74,1.74,5.8,5.9,5.7,5.7,3.388787361585474,3.3541057741283047,3.681099266794974,2.856470206220483
2003-04-01,183.9,192.5,26.09,1.22,3.89,1.51,5.0,1.13,2.85,1.25,14614.141,1726.0,427400.0,91.1044,288177.0,86.0,5.9,21.21,3.025210084033625,1.744186046511631,1.6792570124718242,2.1709435832793167,3.63134217254808,5.115712545675999,-0.010000000000000009,0.030000000000000027,0.0,0.07000000000000028,0.06000000000000005,-0.07000000000000028,2.38,2.7600000000000002,1.1099999999999999,1.34,0.3800000000000001,2.3200000000000003,2.2800000000000002,-0.010000000000000009,0.0,-7.939999999999998,-5.050000000000001,8.400000000000006,2.6,2.7600000000000002,-0.9999999999999998,0.26,2.64,3.0544727685765913,-0.17694106725721528,3.146067415730336,2.4802705749718212,1.516002245929271,1.3628620102214661,1.7979904812268632,1.9639065817409707,2.2447888829502993,2.4363833243096877,1.6792570124718242,1.9925248221954739,2.1465169830615416,1.3372586567694578,1.26,1.24,1.75,1.73,5.9,6.0,5.7,5.7,3.3724549127965013,3.4394560937792455,3.4384931664058525,3.086943153607375
2003-05-01,183.2,192.5,29.56,1.13,3.37,1.33,4.59,1.11,2.3,1.26,14743.567,1643.0,436250.0,90.5617,289053.0,92.1,6.0,19.47,2.175125488008911,1.4760147601476037,1.9550651524723905,1.0688138922369639,2.8120520581759623,3.203517587939708,-0.019999999999999796,-0.09000000000000008,-0.17999999999999994,-0.5500000000000003,-0.52,-0.41000000000000014,2.04,2.26,1.2199999999999998,0.9699999999999998,0.21999999999999997,2.38,2.1799999999999997,0.010000000000000009,0.09999999999999964,-1.740000000000002,3.469999999999999,6.099999999999994,2.305,2.26,-0.9100000000000001,0.07000000000000006,2.1100000000000003,2.968874819384108,0.12486999693136397,3.025210084033625,2.757456387169399,2.0270270270270174,1.643990929705219,1.744186046511631,1.9607843137255054,2.187833511205972,2.485143165856285,1.6792570124718242,1.6792570124718242,1.9925248221954739,1.3253787532159889,1.25,1.24,1.75,1.75,5.9,5.8,5.7,5.9,3.0544727685765913,3.388787361585474,3.3141860046725258,2.9947317732204075
2003-06-01,182.9,192.9,30.15,1.09,3.54,1.32,4.81,0.9,2.46,1.26,14743.567,1751.0,424000.0,90.537,289619.0,89.7,6.1,19.52,1.8941504178273005,1.5263157894736867,1.9550651524723905,0.636921435240767,3.8187449366589465,-0.7369614512471645,-0.21000000000000008,-0.039999999999999813,-0.010000000000000009,0.16000000000000014,0.16999999999999993,0.21999999999999975,2.2199999999999998,2.64,1.2699999999999996,1.14,0.42000000000000004,2.04,2.3200000000000003,0.0,0.09999999999999964,0.05000000000000071,0.5899999999999999,-2.3999999999999915,2.3533333333333335,2.64,-0.9000000000000001,0.06000000000000005,2.2800000000000002,2.9714395809849465,0.01976282709319332,2.175125488008911,3.146067415730336,2.2535211267605604,1.2408347433727984,1.4760147601476037,1.7979904812268632,2.020202020202033,2.5364274150026844,1.9550651524723905,1.6792570124718242,1.9925248221954739,1.3253787532159889,1.26,1.26,1.34,1.75,6.0,5.9,5.9,5.8,2.968874819384108,3.3724549127965013,3.3541057741283047,3.2347491740244907
2003-07-01,183.1,193.0,30.56,1.28,4.49,1.8,5.56,0.96,3.38,1.22,14743.567,1867.0,421750.0,90.6527,293671.0,90.9,6.3,19.49,1.948775055679297,1.4721345951629994,1.9550651524723905,-0.05887145406980876,4.723171175283314,8.736167734420498,0.05999999999999994,0.18999999999999995,0.48,0.9199999999999999,0.9500000000000002,0.75,2.6900000000000004,3.5300000000000002,1.0699999999999994,1.5799999999999998,0.8400000000000001,2.2199999999999998,2.38,-0.040000000000000036,0.20000000000000018,-0.030000000000001137,0.41000000000000014,1.2000000000000028,2.9116666666666666,3.5300000000000002,-0.925,0.5800000000000001,3.2700000000000005,2.9699015135194693,0.013507041125125298,1.8941504178273005,3.025210084033625,2.4802705749718212,1.0692177827799743,1.5263157894736867,1.744186046511631,1.9639065817409707,2.2580645161290214,1.9550651524723905,1.6792570124718242,1.9925248221954739,1.3253787532159889,1.26,1.25,1.24,1.75,6.1,5.9,6.0,5.8,2.9714395809849465,3.0544727685765913,3.4394560937792455,3.466672963621067
2003-08-01,183.7,193.4,31.76,1.35,4.45,1.95,5.3,0.98,3.46,1.01,14988.782,1897.0,411500.0,91.1185,296207.0,89.3,6.2,18.63,2.055555555555544,1.522309711286085,3.2311353875128956,0.48700385655000566,4.2391461178697964,14.622356495468281,0.020000000000000018,0.07000000000000006,0.1499999999999999,0.08000000000000007,-0.040000000000000036,-0.2599999999999998,2.5,3.47,0.8499999999999996,1.51,0.97,2.6900000000000004,2.04,-0.20999999999999996,-0.09999999999999964,-0.8599999999999994,1.2000000000000028,-1.6000000000000085,2.9150000000000005,3.47,-0.7649999999999999,0.94,3.4400000000000004,2.924773184613497,0.038515672080615404,1.948775055679297,2.175125488008911,2.757456387169399,1.465614430665152,1.4721345951629994,1.4760147601476037,1.9607843137255054,2.1995708154506355,1.9550651524723905,1.9550651524723905,1.6792570124718242,2.1465169830615416,1.22,1.26,1.24,1.73,6.3,6.0,5.8,5.8,2.9699015135194693,2.968874819384108,3.388787361585474,3.4855385300959063
2003-09-01,184.5,193.6,29.19,1.15,3.96,1.5,5.07,0.95,2.85,1.03,14988.782,1833.0,400200.0,90.9197,299592.0,87.7,6.1,22.72,2.216066481994461,1.3082155939298845,3.2311353875128956,0.37923869625795525,4.794951798631608,12.247397428046547,-0.030000000000000027,-0.20000000000000018,-0.44999999999999996,-0.6099999999999999,-0.4900000000000002,-0.22999999999999954,2.46,3.01,1.1100000000000003,1.35,0.55,2.5,2.2199999999999998,0.020000000000000018,-0.10000000000000053,4.09,-2.5700000000000003,-1.5999999999999943,2.58,3.01,-0.9550000000000001,0.47,2.9299999999999997,3.1232455938529506,-0.08438145151291153,2.055555555555544,1.8941504178273005,3.146067415730336,1.747463359639223,1.522309711286085,1.5263157894736867,1.7979904812268632,2.3567220139260936,3.2311353875128956,1.9550651524723905,1.6792570124718242,2.1465169830615416,1.01,1.26,1.26,1.74,6.2,6.1,5.9,5.7,2.924773184613497,2.9714395809849465,3.3724549127965013,3.681099266794974
2003-10-01,185.1,193.7,29.24,1.31,4.33,1.85,5.28,0.96,3.27,1.01,14988.782,1939.0,395500.0,91.5059,298921.0,89.6,6.1,16.1,2.378318584070782,1.2545739675901668,3.2311353875128956,0.9407289987876988,6.353357242478586,7.483370288248348,0.010000000000000009,0.16000000000000014,0.3500000000000001,0.41999999999999993,0.3700000000000001,0.20999999999999996,2.48,3.37,0.9500000000000002,1.42,0.8900000000000001,2.46,2.6900000000000004,-0.020000000000000018,0.0,-6.619999999999997,0.04999999999999716,1.8999999999999915,2.8333333333333335,3.37,-0.7949999999999999,0.8400000000000001,3.3200000000000003,2.7788192719904172,0.0017114500155541682,2.216066481994461,1.948775055679297,3.025210084033625,1.516002245929271,1.3082155939298845,1.4721345951629994,1.744186046511631,2.2447888829502993,3.2311353875128956,1.9550651524723905,1.6792570124718242,2.1465169830615416,1.03,1.22,1.25,1.75,6.1,6.3,5.9,5.7,3.1232455938529506,2.9699015135194693,3.0544727685765913,3.4384931664058525
2003-11-01,184.9,194.0,30.33,1.39,4.34,2.06,5.23,0.93,3.38,1.01,15162.76,1967.0,382000.0,91.6186,298205.0,93.7,6.0,16.32,2.041942604856528,1.305483028720622,4.300440651057458,1.2759729528664998,5.395136778115495,19.35679611650485,-0.029999999999999916,0.07999999999999985,0.20999999999999996,0.10999999999999988,0.009999999999999787,-0.04999999999999982,2.28,3.4099999999999997,0.8900000000000006,1.3199999999999998,1.13,2.48,2.5,0.0,-0.09999999999999964,0.21999999999999886,1.0899999999999999,4.1000000000000085,2.888333333333333,3.4099999999999997,-0.5749999999999997,1.05,3.33,2.792391349535961,0.03659968681891206,2.378318584070782,2.055555555555544,2.175125488008911,2.0270270270270174,1.2545739675901668,1.522309711286085,1.4760147601476037,2.187833511205972,3.2311353875128956,3.2311353875128956,1.9550651524723905,1.9925248221954739,1.01,1.01,1.26,1.75,6.1,6.2,6.0,5.7,2.7788192719904172,2.924773184613497,2.968874819384108,3.3141860046725258
2003-12-01,185.0,194.0,32.51,1.26,4.27,1.84,5.23,0.95,3.25,1.0,15162.76,2083.0,363000.0,92.2329,299433.0,92.6,5.8,18.31,1.9283746556473913,1.094319958311618,4.300440651057458,1.387033904173962,5.65439225427653,18.824871648602404,0.019999999999999907,-0.1299999999999999,-0.21999999999999997,-0.1299999999999999,-0.07000000000000028,0.0,2.4299999999999997,3.3199999999999994,0.9600000000000009,1.41,0.8900000000000001,2.28,2.46,-0.010000000000000009,-0.20000000000000018,1.9899999999999984,2.1799999999999997,-1.1000000000000085,2.8000000000000003,3.3199999999999994,-0.7699999999999998,0.8400000000000001,3.2699999999999996,2.907447358686419,0.06941041261532431,2.041942604856528,2.216066481994461,1.8941504178273005,2.2535211267605604,1.305483028720622,1.3082155939298845,1.5263157894736867,2.020202020202033,4.300440651057458,3.2311353875128956,1.9550651524723905,1.9925248221954739,1.01,1.03,1.26,1.34,6.0,6.1,6.1,5.9,2.792391349535961,3.1232455938529506,2.9714395809849465,3.3541057741283047
2004-01-01,185.5,194.2,33.16,1.28,4.16,1.84,5.11,0.92,3.17,0.98,15162.76,2057.0,358250.0,92.2602,300702.0,103.8,5.7,16.63,2.0352035203520247,1.0931806350858997,4.300440651057458,1.9841883950955763,4.903609329974956,15.044742729306492,-0.029999999999999916,0.020000000000000018,0.0,-0.08000000000000007,-0.10999999999999943,-0.1200000000000001,2.3200000000000003,3.24,0.9500000000000002,1.3299999999999998,0.92,2.4299999999999997,2.48,-0.020000000000000018,-0.09999999999999964,-1.6799999999999997,0.6499999999999986,11.200000000000003,2.7466666666666666,3.24,-0.7,0.8600000000000001,3.18,2.811208293204836,0.019796595951280156,1.9283746556473913,2.378318584070782,1.948775055679297,2.4802705749718212,1.094319958311618,1.2545739675901668,1.4721345951629994,1.9639065817409707,4.300440651057458,3.2311353875128956,1.9550651524723905,1.9925248221954739,1.0,1.01,1.22,1.24,5.8,6.1,6.3,6.0,2.907447358686419,2.7788192719904172,2.9699015135194693,3.4394560937792455
2004-02-01,186.3,194.6,36.08,1.21,3.99,1.66,5.01,0.96,3.01,1.0,15248.68,1911.0,360200.0,92.4006,301993.0,94.4,5.7,14.55,2.026286966046009,1.1434511434511352,4.341952085996703,1.2763588097255418,4.620016143727668,3.130059363194815,0.039999999999999925,-0.07000000000000006,-0.18000000000000016,-0.16000000000000014,-0.16999999999999993,-0.10000000000000053,2.33,3.0300000000000002,1.0199999999999996,1.3499999999999999,0.7,2.3200000000000003,2.28,0.020000000000000018,0.0,-2.0799999999999983,2.9200000000000017,-9.399999999999991,2.64,3.0300000000000002,-0.8150000000000002,0.6599999999999999,2.99,2.6775909936175015,0.0843943649273288,2.0352035203520247,2.041942604856528,2.055555555555544,2.757456387169399,1.0931806350858997,1.305483028720622,1.522309711286085,1.9607843137255054,4.300440651057458,4.300440651057458,3.2311353875128956,1.6792570124718242,0.98,1.01,1.01,1.24,5.7,6.0,6.2,5.8,2.811208293204836,2.792391349535961,2.924773184613497,3.388787361585474
2004-03-01,186.7,194.9,35.75,1.2,3.86,1.6,4.93,0.95,2.8,1.01,15248.68,1846.0,360750.0,92.958,303915.0,95.8,5.6,16.74,1.688453159041381,1.2467532467532516,4.341952085996703,1.7663898756903773,6.750709528760512,13.321055862492326,-0.010000000000000009,-0.010000000000000009,-0.05999999999999983,-0.20999999999999996,-0.13000000000000034,-0.08000000000000007,2.26,2.91,1.0699999999999998,1.1999999999999997,0.6500000000000001,2.33,2.4299999999999997,0.010000000000000009,-0.10000000000000053,2.1899999999999977,-0.3299999999999983,1.3999999999999915,2.5566666666666666,2.91,-0.8049999999999997,0.5900000000000001,2.8499999999999996,2.817801065061329,-0.009188426054406255,2.026286966046009,1.9283746556473913,2.216066481994461,3.146067415730336,1.1434511434511352,1.094319958311618,1.3082155939298845,1.7979904812268632,4.341952085996703,4.300440651057458,3.2311353875128956,1.6792570124718242,1.0,1.0,1.03,1.26,5.7,5.8,6.1,5.9,2.6775909936175015,2.907447358686419,3.1232455938529506,3.3724549127965013
2004-04-01,187.1,195.5,37.31,1.55,4.53,2.31,5.39,0.98,3.63,1.0,15248.68,1998.0,342000.0,92.5861,309471.0,94.2,5.8,17.19,1.7400761283306032,1.558441558441559,4.341952085996703,1.626375894029275,7.389208715476947,15.758980301274628,0.030000000000000027,0.3500000000000001,0.71,0.8300000000000001,0.6700000000000004,0.45999999999999996,2.22,3.5500000000000003,0.8599999999999994,1.3199999999999998,1.33,2.26,2.3200000000000003,-0.010000000000000009,0.20000000000000018,0.45000000000000284,1.5600000000000023,-1.5999999999999943,3.065,3.5500000000000003,-0.44499999999999984,1.31,3.5300000000000002,2.844327819394758,0.04271111809304987,1.688453159041381,2.0352035203520247,2.378318584070782,3.025210084033625,1.2467532467532516,1.0931806350858997,1.2545739675901668,1.744186046511631,4.341952085996703,4.300440651057458,3.2311353875128956,1.6792570124718242,1.01,0.98,1.01,1.25,5.6,5.7,6.1,5.9,2.817801065061329,2.811208293204836,2.7788192719904172,3.0544727685765913
2004-05-01,187.4,195.9,39.9,1.83,4.66,2.54,5.42,1.08,3.81,1.0,15366.85,2003.0,348250.0,92.93,307358.0,90.2,5.6,15.5,2.2925764192139875,1.7662337662337713,4.227491217016888,2.615123170170186,6.332748665469645,21.911138161898958,0.10000000000000009,0.28,0.22999999999999998,0.18000000000000016,0.1299999999999999,0.03000000000000025,2.12,3.58,0.7599999999999998,1.27,1.46,2.22,2.33,0.0,-0.20000000000000018,-1.6900000000000013,2.5899999999999963,-4.0,3.223333333333333,3.58,-0.33000000000000007,1.54,3.66,2.740840023925201,0.06711493666275126,1.7400761283306032,2.026286966046009,2.041942604856528,2.175125488008911,1.558441558441559,1.1434511434511352,1.305483028720622,1.4760147601476037,4.341952085996703,4.341952085996703,4.300440651057458,1.9550651524723905,1.0,1.0,1.01,1.26,5.8,5.7,6.0,6.0,2.844327819394758,2.6775909936175015,2.792391349535961,2.968874819384108
2004-06-01,188.2,196.2,36.92,2.09,4.62,2.7,5.41,1.33,3.81,1.0,15366.85,1981.0,336200.0,93.6013,311088.0,95.6,5.6,14.34,2.8977583378895444,1.710730948678063,4.227491217016888,3.38458309862264,7.41284238948412,13.135351227869796,0.25,0.2599999999999998,0.16000000000000014,0.0,-0.040000000000000036,-0.009999999999999787,1.92,3.29,0.79,1.1099999999999999,1.37,2.12,2.26,0.0,0.0,-1.1600000000000001,-2.979999999999997,5.3999999999999915,3.3266666666666667,3.29,-0.2749999999999999,1.7000000000000002,3.62,2.663052835171474,-0.07762291426116633,2.2925764192139875,1.688453159041381,1.9283746556473913,1.8941504178273005,1.7662337662337713,1.2467532467532516,1.094319958311618,1.5263157894736867,4.227491217016888,4.341952085996703,4.300440651057458,1.9550651524723905,1.0,1.01,1.0,1.26,5.6,5.6,5.8,6.1,2.740840023925201,2.817801065061329,2.907447358686419,2.9714395809849465
2004-07-01,188.9,196.6,43.72,2.13,4.5,2.68,5.31,1.45,3.71,1.03,15366.85,1828.0,349000.0,92.871,309127.0,96.7,5.6,15.32,3.1676679410158393,1.865284974093262,4.227491217016888,2.447031362551799,5.263032441065008,-2.0889126941617597,0.11999999999999988,0.040000000000000036,-0.020000000000000018,-0.10000000000000009,-0.1200000000000001,-0.10000000000000053,1.8199999999999998,3.05,0.8099999999999996,1.0299999999999998,1.2300000000000002,1.92,2.22,0.030000000000000027,0.0,0.9800000000000004,6.799999999999997,1.1000000000000085,3.2966666666666664,3.05,-0.29499999999999993,1.6500000000000001,3.4699999999999998,2.729159164312445,0.1690522536736863,2.8977583378895444,1.7400761283306032,2.0352035203520247,1.948775055679297,1.710730948678063,1.558441558441559,1.0931806350858997,1.4721345951629994,4.227491217016888,4.341952085996703,4.300440651057458,1.9550651524723905,1.0,1.0,0.98,1.22,5.6,5.8,5.7,6.3,2.663052835171474,2.844327819394758,2.811208293204836,2.9699015135194693
2004-08-01,189.1,196.8,42.23,1.99,4.13,2.41,5.01,1.59,3.33,1.26,15512.619,2002.0,343000.0,93.5649,311681.0,95.9,5.5,15.29,2.939575394665228,1.7580144777662898,3.494860356231766,2.6848554355043186,5.224049397887298,5.535055350553497,0.14000000000000012,-0.1399999999999999,-0.27,-0.3799999999999999,-0.3700000000000001,-0.2999999999999998,1.7199999999999998,2.54,0.8799999999999999,0.9199999999999999,0.8200000000000001,1.8199999999999998,2.12,0.22999999999999998,-0.09999999999999964,-0.030000000000001137,-1.490000000000002,-0.7999999999999972,3.0766666666666667,2.54,-0.44999999999999973,1.1500000000000001,2.87,2.727199019940971,-0.03467479436248568,3.1676679410158393,2.2925764192139875,2.026286966046009,2.055555555555544,1.865284974093262,1.7662337662337713,1.1434511434511352,1.522309711286085,4.227491217016888,4.227491217016888,4.341952085996703,3.2311353875128956,1.03,1.0,1.0,1.01,5.6,5.6,5.7,6.2,2.729159164312445,2.740840023925201,2.6775909936175015,2.924773184613497
2004-09-01,189.2,196.9,49.56,2.21,4.14,2.63,4.97,1.71,3.38,1.43,15512.619,2024.0,340750.0,93.6277,311192.0,94.2,5.4,13.34,2.5474254742547275,1.7045454545454586,3.494860356231766,2.9784524146032165,3.8719324948596867,10.42007637752318,0.11999999999999988,0.21999999999999997,0.21999999999999975,0.04999999999999982,0.009999999999999787,-0.040000000000000036,1.5099999999999998,2.4299999999999997,0.8300000000000001,0.75,0.9199999999999999,1.7199999999999998,1.92,0.16999999999999993,-0.09999999999999964,-1.9499999999999993,7.330000000000005,-1.7000000000000028,3.1733333333333333,2.4299999999999997,-0.29499999999999993,1.2,2.71,2.590767040487478,0.16005318781508954,2.939575394665228,2.8977583378895444,1.688453159041381,2.216066481994461,1.7580144777662898,1.710730948678063,1.2467532467532516,1.3082155939298845,3.494860356231766,4.227491217016888,4.341952085996703,3.2311353875128956,1.26,1.0,1.01,1.03,5.5,5.6,5.6,6.1,2.727199019940971,2.663052835171474,2.817801065061329,3.1232455938529506
2004-10-01,189.8,197.5,51.78,2.28,4.05,2.56,4.87,1.91,3.3,1.61,15512.619,1905.0,337250.0,93.7467,317446.0,91.7,5.4,16.27,2.5391680172879516,1.961796592669085,3.494860356231766,2.448803847620762,6.1972895848736,-1.7534811758638469,0.19999999999999996,0.06999999999999984,-0.06999999999999984,-0.08000000000000007,-0.08999999999999986,-0.09999999999999964,1.4899999999999998,2.1399999999999997,0.8200000000000003,0.7399999999999998,0.6500000000000001,1.5099999999999998,1.8199999999999998,0.18000000000000016,0.0,2.9299999999999997,2.219999999999999,-2.5,3.161666666666667,2.1399999999999997,-0.41999999999999993,0.95,2.4399999999999995,2.7893229212309465,0.043819917562449795,2.5474254742547275,3.1676679410158393,1.7400761283306032,2.378318584070782,1.7045454545454586,1.865284974093262,1.558441558441559,1.2545739675901668,3.494860356231766,4.227491217016888,4.341952085996703,3.2311353875128956,1.43,1.03,1.0,1.01,5.4,5.6,5.8,6.1,2.590767040487478,2.729159164312445,2.844327819394758,2.7788192719904172
2004-11-01,190.8,197.9,49.16,2.63,4.36,3.02,5.07,2.23,3.72,1.76,15670.88,2072.0,334000.0,94.5465,318476.0,92.8,5.5,13.24,3.1909140075716547,2.0103092783505083,3.3511049439547858,3.1957484615569243,6.797672741905747,5.3380782918149405,0.32000000000000006,0.3500000000000001,0.45999999999999996,0.4200000000000004,0.3100000000000005,0.20000000000000018,1.3400000000000003,2.1300000000000003,0.71,0.7000000000000002,0.79,1.4899999999999998,1.7199999999999998,0.1499999999999999,0.09999999999999964,-3.0299999999999994,-2.6200000000000045,1.0999999999999943,3.5050000000000003,2.1300000000000003,-0.2749999999999999,1.26,2.6000000000000005,2.5832425505088623,-0.05192368962555765,2.5391680172879516,2.939575394665228,2.2925764192139875,2.041942604856528,1.961796592669085,1.7580144777662898,1.7662337662337713,1.305483028720622,3.494860356231766,3.494860356231766,4.227491217016888,4.300440651057458,1.61,1.26,1.0,1.01,5.4,5.5,5.6,6.0,2.7893229212309465,2.727199019940971,2.740840023925201,2.792391349535961
2004-12-01,191.7,198.3,43.36,2.75,4.24,3.08,4.86,2.22,3.63,1.93,15670.88,1782.0,328750.0,94.7813,320520.0,97.1,5.4,13.29,3.621621621621607,2.216494845360839,3.3511049439547858,2.763005391785356,7.042309965835436,-14.450312049927994,-0.009999999999999787,0.1200000000000001,0.06000000000000005,-0.0900000000000003,-0.1200000000000001,-0.20999999999999996,1.1600000000000001,2.02,0.6200000000000001,0.5499999999999998,0.8599999999999999,1.3400000000000003,1.5099999999999998,0.16999999999999993,-0.09999999999999964,0.049999999999998934,-5.799999999999997,4.299999999999997,3.4633333333333334,2.02,-0.15000000000000036,1.1500000000000001,2.3100000000000005,2.587011872725154,-0.1255429275664433,3.1909140075716547,2.5474254742547275,2.8977583378895444,1.9283746556473913,2.0103092783505083,1.7045454545454586,1.710730948678063,1.094319958311618,3.3511049439547858,3.494860356231766,4.227491217016888,4.300440651057458,1.76,1.43,1.0,1.0,5.5,5.4,5.6,5.8,2.5832425505088623,2.590767040487478,2.663052835171474,2.907447358686419
2005-01-01,191.7,198.6,48.25,2.96,4.14,3.29,4.62,2.51,3.71,2.16,15670.88,2042.0,325250.0,95.5365,324672.0,95.5,5.4,12.82,3.3423180592991875,2.2657054582904346,3.3511049439547858,3.551152067738861,7.971347047907895,-0.7292173067574126,0.2899999999999996,0.20999999999999996,0.20999999999999996,0.08000000000000007,-0.10000000000000053,-0.2400000000000002,0.8499999999999996,1.63,0.4800000000000004,0.41999999999999993,0.7800000000000002,1.1600000000000001,1.4899999999999998,0.2300000000000002,0.0,-0.46999999999999886,4.890000000000001,-1.5999999999999943,3.5383333333333336,1.63,-0.0349999999999997,1.13,1.9799999999999995,2.551006451492524,0.10685847065360413,3.621621621621607,2.5391680172879516,3.1676679410158393,2.0352035203520247,2.216494845360839,1.961796592669085,1.865284974093262,1.0931806350858997,3.3511049439547858,3.494860356231766,4.227491217016888,4.300440651057458,1.93,1.61,1.03,0.98,5.4,5.4,5.6,5.7,2.587011872725154,2.7893229212309465,2.729159164312445,2.811208293204836
2005-02-01,191.6,199.0,51.75,3.2,4.36,3.59,4.71,2.76,4.0,2.28,15844.727,2144.0,343400.0,95.8801,321272.0,94.1,5.3,12.08,2.8448738593666034,2.261048304213764,3.9088432572524257,3.7656681883018184,6.38392280615776,12.192569335426473,0.25,0.2400000000000002,0.2999999999999998,0.29000000000000004,0.22000000000000064,0.08999999999999986,0.7700000000000005,1.6000000000000005,0.34999999999999964,0.41000000000000014,0.8300000000000001,0.8499999999999996,1.3400000000000003,0.11999999999999966,-0.10000000000000053,-0.7400000000000002,3.5,-1.4000000000000057,3.77,1.6000000000000005,0.029999999999999805,1.31,2.0800000000000005,2.4915511925066687,0.07002860436048355,3.3423180592991875,3.1909140075716547,2.939575394665228,2.026286966046009,2.2657054582904346,2.0103092783505083,1.7580144777662898,1.1434511434511352,3.3511049439547858,3.3511049439547858,3.494860356231766,4.341952085996703,2.16,1.76,1.26,1.0,5.4,5.5,5.5,5.7,2.551006451492524,2.5832425505088623,2.727199019940971,2.6775909936175015
2005-03-01,192.4,199.4,55.31,3.35,4.5,3.8,4.76,2.79,4.18,2.5,15844.727,2207.0,311750.0,96.5761,325308.0,92.6,5.4,14.02,3.0530262453133394,2.308876346844535,3.9088432572524257,3.8921878697906642,7.039139233009228,19.555796316359686,0.03000000000000025,0.1499999999999999,0.20999999999999996,0.17999999999999972,0.13999999999999968,0.04999999999999982,0.7000000000000002,1.71,0.2599999999999998,0.3799999999999999,1.0099999999999998,0.7700000000000005,1.1600000000000001,0.2200000000000002,0.10000000000000053,1.9399999999999995,3.5600000000000023,-1.5,3.896666666666667,1.71,0.1549999999999998,1.2999999999999998,2.0,2.640484881606444,0.06652929186110824,2.8448738593666034,3.621621621621607,2.5474254742547275,1.688453159041381,2.261048304213764,2.216494845360839,1.7045454545454586,1.2467532467532516,3.9088432572524257,3.3511049439547858,3.494860356231766,4.341952085996703,2.28,1.93,1.43,1.01,5.3,5.4,5.4,5.6,2.4915511925066687,2.587011872725154,2.590767040487478,2.817801065061329
2005-04-01,193.1,200.1,49.2,3.33,4.21,3.66,4.53,2.9,3.9,2.63,15844.727,1864.0,332000.0,96.4456,326179.0,87.7,5.2,15.31,3.2068412613575736,2.35294117647058,3.9088432572524257,4.168552298887196,5.398890364525277,-6.706706706706711,0.10999999999999988,-0.020000000000000018,-0.13999999999999968,-0.2799999999999998,-0.29000000000000004,-0.22999999999999954,0.5499999999999998,1.31,0.3200000000000003,0.23999999999999977,0.7600000000000002,0.7000000000000002,0.8499999999999996,0.1299999999999999,-0.20000000000000018,1.290000000000001,-6.109999999999999,-4.8999999999999915,3.7550000000000003,1.31,0.10500000000000043,1.0300000000000002,1.58,2.7285062096695922,-0.1170601005083242,3.0530262453133394,3.3423180592991875,2.5391680172879516,1.7400761283306032,2.308876346844535,2.2657054582904346,1.961796592669085,1.558441558441559,3.9088432572524257,3.3511049439547858,3.494860356231766,4.341952085996703,2.5,2.16,1.61,1.0,5.4,5.4,5.4,5.8,2.640484881606444,2.551006451492524,2.7893229212309465,2.844327819394758
2005-05-01,193.7,200.2,52.08,3.32,4.0,3.6,4.36,2.99,3.76,2.79,15922.782,2061.0,323200.0,96.6532,329124.0,86.9,5.2,13.29,3.3617929562433257,2.1949974476773715,3.6177355801611855,4.006456472613795,7.081644206430293,2.895656515227163,0.0900000000000003,-0.010000000000000231,-0.06000000000000005,-0.14000000000000012,-0.20999999999999996,-0.16999999999999993,0.3999999999999999,1.0099999999999998,0.3600000000000003,0.1599999999999997,0.6099999999999999,0.5499999999999998,0.7700000000000005,0.16000000000000014,0.0,-2.0200000000000014,2.8799999999999955,-0.7999999999999972,3.671666666666667,1.0099999999999998,0.10499999999999998,0.81,1.21,2.587011872725154,0.05688737440205121,3.2068412613575736,2.8448738593666034,3.1909140075716547,2.2925764192139875,2.35294117647058,2.261048304213764,2.0103092783505083,1.7662337662337713,3.9088432572524257,3.9088432572524257,3.3511049439547858,4.227491217016888,2.63,2.28,1.76,1.0,5.2,5.3,5.5,5.6,2.7285062096695922,2.4915511925066687,2.5832425505088623,2.740840023925201
2005-06-01,193.6,200.5,56.63,3.45,3.94,3.66,4.19,3.13,3.72,3.0,15922.782,2025.0,327000.0,96.7402,327233.0,96.0,5.1,12.04,2.869287991498415,2.1916411824668858,3.6177355801611855,3.3534790649275337,5.189849817415015,2.221100454316005,0.13999999999999968,0.13000000000000034,0.06000000000000005,-0.03999999999999959,-0.06000000000000005,-0.16999999999999993,0.2799999999999998,0.81,0.25000000000000044,0.06000000000000005,0.5300000000000002,0.3999999999999999,0.7000000000000002,0.20999999999999996,-0.10000000000000053,-1.25,4.550000000000004,9.099999999999994,3.681666666666667,0.81,0.125,0.6600000000000001,0.94,2.488234439880675,0.08375788222539986,3.3617929562433257,3.0530262453133394,3.621621621621607,2.8977583378895444,2.1949974476773715,2.308876346844535,2.216494845360839,1.710730948678063,3.6177355801611855,3.9088432572524257,3.3511049439547858,4.227491217016888,2.79,2.5,1.93,1.0,5.2,5.4,5.4,5.6,2.587011872725154,2.640484881606444,2.587011872725154,2.663052835171474
2005-07-01,193.7,200.6,60.71,3.8,4.28,4.02,4.42,3.42,4.12,3.04,15922.782,2068.0,325750.0,97.1753,337219.0,96.5,5.0,11.57,2.541026998411855,2.0345879959308144,3.6177355801611855,4.6347083589064475,9.08752713286125,13.12910284463895,0.29000000000000004,0.34999999999999964,0.35999999999999943,0.3999999999999999,0.3400000000000003,0.22999999999999954,0.2600000000000007,0.8600000000000003,0.13999999999999968,0.10000000000000053,0.5999999999999996,0.2799999999999998,0.5499999999999998,0.040000000000000036,-0.09999999999999964,-0.46999999999999886,4.079999999999998,0.5,4.010000000000001,0.8600000000000003,0.16999999999999948,0.9799999999999995,1.2400000000000002,2.448415541205585,0.06956954901662894,2.869287991498415,3.2068412613575736,3.3423180592991875,3.1676679410158393,2.1916411824668858,2.35294117647058,2.2657054582904346,1.865284974093262,3.6177355801611855,3.9088432572524257,3.3511049439547858,4.227491217016888,3.0,2.63,2.16,1.03,5.1,5.2,5.4,5.6,2.488234439880675,2.7285062096695922,2.551006451492524,2.729159164312445
2005-08-01,194.9,200.9,68.63,3.77,4.02,3.84,4.23,3.52,3.87,3.26,16047.587,2054.0,324400.0,96.8676,339529.0,89.1,5.0,12.6,3.067160232681121,2.083333333333326,3.448598847170792,3.5298493345260917,8.934776261626464,2.5974025974025983,0.10000000000000009,-0.029999999999999805,-0.17999999999999972,-0.25,-0.2600000000000007,-0.1899999999999995,0.17999999999999972,0.49999999999999956,0.21000000000000085,0.03000000000000025,0.31999999999999984,0.2600000000000007,0.3999999999999999,0.21999999999999975,0.0,1.0299999999999994,7.919999999999995,-7.400000000000006,3.875,0.49999999999999956,0.07000000000000028,0.5800000000000001,0.7599999999999998,2.533696813957432,0.12262132777820053,2.541026998411855,3.3617929562433257,2.8448738593666034,2.939575394665228,2.0345879959308144,2.1949974476773715,2.261048304213764,1.7580144777662898,3.6177355801611855,3.6177355801611855,3.9088432572524257,3.494860356231766,3.04,2.79,2.28,1.26,5.0,5.2,5.3,5.5,2.448415541205585,2.587011872725154,2.4915511925066687,2.727199019940971
2005-09-01,196.1,201.1,66.21,4.01,4.34,4.18,4.53,3.55,4.18,3.5,16047.587,2095.0,315750.0,97.1833,335605.0,76.9,4.9,11.92,3.6469344608879517,2.1330624682579957,3.448598847170792,3.797594088074363,7.844996015321737,3.5079051383399174,0.029999999999999805,0.23999999999999977,0.33999999999999986,0.3099999999999996,0.3200000000000003,0.2999999999999998,0.16000000000000014,0.79,0.1900000000000004,0.0,0.6299999999999999,0.17999999999999972,0.2799999999999998,0.2400000000000002,-0.09999999999999964,-0.6799999999999997,-2.4200000000000017,-12.199999999999989,4.131666666666667,0.79,0.23499999999999988,0.6799999999999997,0.8399999999999999,2.4782176616372036,-0.035898247983788587,3.067160232681121,2.869287991498415,3.0530262453133394,2.5474254742547275,2.083333333333326,2.1916411824668858,2.308876346844535,1.7045454545454586,3.448598847170792,3.6177355801611855,3.9088432572524257,3.494860356231766,3.26,3.0,2.5,1.43,5.0,5.1,5.4,5.4,2.533696813957432,2.488234439880675,2.640484881606444,2.590767040487478
2005-10-01,198.8,201.3,59.8,4.31,4.57,4.4,4.73,3.98,4.45,3.62,16047.587,2151.0,382750.0,95.3005,336600.0,74.2,5.0,15.32,4.741833508956805,1.9240506329113893,3.448598847170792,1.6574450087309733,6.033782123573772,12.913385826771663,0.43000000000000016,0.2999999999999998,0.22000000000000064,0.27000000000000046,0.23000000000000043,0.20000000000000018,0.16999999999999993,0.5900000000000003,0.16000000000000014,0.04999999999999982,0.4200000000000004,0.16000000000000014,0.2600000000000007,0.1200000000000001,0.09999999999999964,3.4000000000000004,-6.409999999999997,-2.700000000000003,4.406666666666667,0.5900000000000003,0.125,0.7800000000000002,0.9500000000000002,2.729159164312445,-0.10182584798016867,3.6469344608879517,2.541026998411855,3.2068412613575736,2.5391680172879516,2.1330624682579957,2.0345879959308144,2.35294117647058,1.961796592669085,3.448598847170792,3.6177355801611855,3.9088432572524257,3.494860356231766,3.5,3.04,2.63,1.61,4.9,5.0,5.2,5.4,2.4782176616372036,2.448415541205585,2.7285062096695922,2.7893229212309465
2005-11-01,199.1,202.0,57.33,4.34,4.49,4.42,4.66,3.95,4.42,3.78,16136.734,2065.0,352200.0,96.4572,336753.0,81.6,5.0,12.06,4.350104821802936,2.071753410813537,2.9727366937913002,2.0209103457029087,5.738893982592086,-0.33783783783783994,-0.029999999999999805,0.03000000000000025,0.019999999999999574,-0.03000000000000025,-0.08000000000000007,-0.07000000000000028,0.07000000000000028,0.54,0.16999999999999993,0.0,0.46999999999999975,0.16999999999999993,0.17999999999999972,0.1599999999999997,0.0,-3.26,-2.469999999999999,7.3999999999999915,4.38,0.54,0.1999999999999993,0.6400000000000001,0.7100000000000004,2.4898941912990393,-0.042181614036294675,4.741833508956805,3.067160232681121,3.3617929562433257,3.1909140075716547,1.9240506329113893,2.083333333333326,2.1949974476773715,2.0103092783505083,3.448598847170792,3.448598847170792,3.6177355801611855,3.3511049439547858,3.62,3.26,2.79,1.76,5.0,5.0,5.2,5.5,2.729159164312445,2.533696813957432,2.587011872725154,2.5832425505088623
2005-12-01,198.1,202.5,61.06,4.38,4.39,4.41,4.51,4.08,4.35,4.0,16136.734,2147.0,317250.0,97.5414,339719.0,91.5,5.0,12.07,3.3385498174230532,2.1180030257186067,2.9727366937913002,2.9120723180627417,5.989953825034311,20.48260381593714,0.1299999999999999,0.040000000000000036,-0.009999999999999787,-0.07000000000000028,-0.10000000000000053,-0.15000000000000036,-0.020000000000000462,0.3099999999999996,0.1200000000000001,-0.0600000000000005,0.33000000000000007,0.07000000000000028,0.16000000000000014,0.2200000000000002,0.0,0.009999999999999787,3.730000000000004,9.900000000000006,4.353333333333333,0.3099999999999996,0.1750000000000007,0.41000000000000014,0.3899999999999997,2.4907230351094403,0.06303294038644054,4.350104821802936,3.6469344608879517,2.869287991498415,3.621621621621607,2.071753410813537,2.1330624682579957,2.1916411824668858,2.216494845360839,2.9727366937913002,3.448598847170792,3.6177355801611855,3.3511049439547858,3.78,3.5,3.0,1.93,5.0,4.9,5.1,5.4,2.4898941912990393,2.4782176616372036,2.488234439880675,2.587011872725154
2006-01-01,198.1,202.8,67.86,4.58,4.53,4.54,4.69,4.47,4.47,4.16,16136.734,1994.0,316400.0,98.0452,339895.0,91.2,4.9,12.95,3.3385498174230532,2.114803625377659,2.9727366937913002,2.6259073757150198,4.688732012615815,-2.350636630754166,0.3899999999999997,0.20000000000000018,0.1299999999999999,0.1200000000000001,0.14000000000000057,0.1800000000000006,-0.009999999999999787,0.0600000000000005,0.16000000000000014,-0.07000000000000028,0.07000000000000028,-0.020000000000000462,0.16999999999999993,0.16000000000000014,-0.09999999999999964,0.879999999999999,6.799999999999997,-0.29999999999999716,4.546666666666667,0.0600000000000005,0.040000000000000036,0.3799999999999999,0.3700000000000001,2.5610957881455465,0.10558977204935216,3.3385498174230532,4.741833508956805,2.541026998411855,3.3423180592991875,2.1180030257186067,1.9240506329113893,2.0345879959308144,2.2657054582904346,2.9727366937913002,3.448598847170792,3.6177355801611855,3.3511049439547858,4.0,3.62,3.04,2.16,5.0,5.0,5.0,5.4,2.4907230351094403,2.729159164312445,2.448415541205585,2.551006451492524
2006-02-01,199.3,203.2,61.37,4.73,4.55,4.69,4.51,4.62,4.61,4.29,16353.835,2273.0,295750.0,98.1999,349664.0,86.7,4.7,12.34,4.018789144050117,2.1105527638190846,3.2131067957182013,2.4194801632455576,8.837371448492238,6.016791044776126,0.15000000000000036,0.15000000000000036,0.15000000000000036,0.14000000000000057,0.019999999999999574,-0.1800000000000006,-0.14000000000000057,-0.07000000000000028,-0.040000000000000036,-0.08000000000000007,0.07000000000000028,-0.009999999999999787,0.07000000000000028,0.1299999999999999,-0.20000000000000018,-0.6099999999999994,-6.490000000000002,-4.5,4.618333333333333,-0.07000000000000028,0.10500000000000043,0.40000000000000036,0.2599999999999998,2.5128460184772416,-0.1005256429550785,3.3385498174230532,4.350104821802936,3.067160232681121,2.8448738593666034,2.114803625377659,2.071753410813537,2.083333333333326,2.261048304213764,2.9727366937913002,2.9727366937913002,3.448598847170792,3.9088432572524257,4.16,3.78,3.26,2.28,4.9,5.0,5.0,5.3,2.5610957881455465,2.4898941912990393,2.533696813957432,2.4915511925066687
2006-03-01,199.4,203.6,66.25,4.82,4.86,4.82,4.9,4.63,4.82,4.49,16353.835,2119.0,290750.0,98.2413,347021.0,88.9,4.8,11.39,3.63825363825363,2.106318956870612,3.2131067957182013,1.7242361205308532,6.674597612109134,-3.9873130946986857,0.009999999999999787,0.08999999999999986,0.1299999999999999,0.20999999999999996,0.3100000000000005,0.39000000000000057,0.040000000000000036,0.23000000000000043,0.040000000000000036,0.0,0.1900000000000004,-0.14000000000000057,-0.020000000000000462,0.20000000000000018,0.09999999999999964,-0.9499999999999993,4.880000000000003,2.200000000000003,4.808333333333334,0.23000000000000043,0.07500000000000018,0.33000000000000007,0.3700000000000001,2.432735777459091,0.07651434846532602,4.018789144050117,3.3385498174230532,3.6469344608879517,3.0530262453133394,2.1105527638190846,2.1180030257186067,2.1330624682579957,2.308876346844535,3.2131067957182013,2.9727366937913002,3.448598847170792,3.9088432572524257,4.29,4.0,3.5,2.5,4.7,5.0,4.9,5.4,2.5128460184772416,2.4907230351094403,2.4782176616372036,2.640484881606444
2006-04-01,199.7,204.3,71.8,4.9,5.07,4.87,5.17,4.77,4.92,4.59,16353.835,1969.0,301750.0,98.4628,348357.0,87.4,4.7,11.59,3.4179181771103018,2.0989505247376306,3.2131067957182013,2.091541760329152,6.799334107959121,5.633047210300424,0.13999999999999968,0.08000000000000007,0.04999999999999982,0.09999999999999964,0.20999999999999996,0.2699999999999996,0.20000000000000018,0.3000000000000007,0.09999999999999964,0.04999999999999982,0.10000000000000053,0.040000000000000036,-0.009999999999999787,0.09999999999999964,-0.09999999999999964,0.1999999999999993,5.549999999999997,-1.5,4.95,0.3000000000000007,-0.04999999999999982,0.28000000000000025,0.4800000000000004,2.4501426573516603,0.08044901118784677,3.63825363825363,3.3385498174230532,4.741833508956805,3.2068412613575736,2.106318956870612,2.114803625377659,1.9240506329113893,2.35294117647058,3.2131067957182013,2.9727366937913002,3.448598847170792,3.9088432572524257,4.49,4.16,3.62,2.63,4.8,4.9,5.0,5.2,2.432735777459091,2.5610957881455465,2.729159164312445,2.7285062096695922
2006-05-01,200.7,204.8,71.42,5.07,5.12,5.04,5.21,4.86,5.04,4.79,16396.151,1821.0,303600.0,98.7618,350072.0,79.1,4.7,16.44,3.613835828600931,2.29770229770232,2.9729038556202125,2.1816142662632876,6.3647743707538895,-11.644832605531297,0.09000000000000075,0.16999999999999993,0.16999999999999993,0.1200000000000001,0.04999999999999982,0.040000000000000036,0.08000000000000007,0.2599999999999998,0.08999999999999986,0.0,0.17999999999999972,0.20000000000000018,-0.14000000000000057,0.20000000000000018,0.0,4.850000000000001,-0.37999999999999545,-8.300000000000011,5.056666666666667,0.2599999999999998,0.04999999999999982,0.25,0.33000000000000007,2.799717389628034,-0.005306533887876077,3.4179181771103018,4.018789144050117,4.350104821802936,3.3617929562433257,2.0989505247376306,2.1105527638190846,2.071753410813537,2.1949974476773715,3.2131067957182013,3.2131067957182013,2.9727366937913002,3.6177355801611855,4.59,4.29,3.78,2.79,4.7,4.7,5.0,5.2,2.4501426573516603,2.5128460184772416,2.4898941912990393,2.587011872725154
2006-06-01,201.3,205.4,73.94,5.21,5.15,5.16,5.19,5.01,5.1,4.94,16396.151,1942.0,332750.0,98.7869,348889.0,84.9,4.6,13.08,3.9772727272727293,2.44389027431422,2.9729038556202125,2.1156664964513183,6.617914452393259,-4.0987654320987605,0.14999999999999947,0.13999999999999968,0.1200000000000001,0.05999999999999961,0.03000000000000025,-0.019999999999999574,-0.009999999999999787,0.14000000000000057,0.040000000000000036,-0.0600000000000005,0.15000000000000036,0.08000000000000007,0.040000000000000036,0.15000000000000036,-0.10000000000000053,-3.360000000000001,2.519999999999996,5.800000000000011,5.136666666666666,0.14000000000000057,0.08000000000000007,0.21999999999999975,0.20999999999999996,2.5710843460290524,0.0346760113421835,3.613835828600931,3.63825363825363,3.3385498174230532,2.869287991498415,2.29770229770232,2.106318956870612,2.1180030257186067,2.1916411824668858,2.9729038556202125,3.2131067957182013,2.9727366937913002,3.6177355801611855,4.79,4.49,4.0,3.0,4.7,4.8,5.0,5.1,2.799717389628034,2.432735777459091,2.4907230351094403,2.488234439880675
2006-07-01,201.8,205.9,74.56,5.11,4.99,4.97,5.07,5.1,4.91,4.99,16396.151,1802.0,305500.0,99.0997,350795.0,84.7,4.6,14.95,4.1817243159525175,2.6420737786640114,2.9729038556202125,1.9803386251444621,4.025870428415956,-12.862669245647973,0.08999999999999986,-0.09999999999999964,-0.1900000000000004,-0.1899999999999995,-0.16000000000000014,-0.1200000000000001,0.020000000000000462,-0.10999999999999943,0.08000000000000007,-0.05999999999999961,-0.1299999999999999,-0.009999999999999787,0.20000000000000018,0.04999999999999982,0.0,1.8699999999999992,0.6200000000000045,-0.20000000000000284,5.0249999999999995,-0.10999999999999943,-0.07500000000000018,-0.020000000000000462,0.0,2.7047112998366956,0.008350216868849842,3.9772727272727293,3.4179181771103018,3.3385498174230532,2.541026998411855,2.44389027431422,2.0989505247376306,2.114803625377659,2.0345879959308144,2.9729038556202125,3.2131067957182013,2.9727366937913002,3.6177355801611855,4.94,4.59,4.16,3.04,4.6,4.7,4.9,5.0,2.5710843460290524,2.4501426573516603,2.5610957881455465,2.448415541205585
2006-08-01,202.9,206.3,70.38,5.01,4.74,4.79,4.88,5.05,4.7,5.24,16420.738,1737.0,318800.0,99.0489,351916.0,82.0,4.7,12.31,4.104669061056954,2.6879044300647026,2.325277937424497,2.251836527383766,3.6482892477520235,-15.433300876338851,-0.04999999999999982,-0.10000000000000053,-0.17999999999999972,-0.20999999999999996,-0.25,-0.1900000000000004,-0.04999999999999982,-0.3099999999999996,0.13999999999999968,-0.08999999999999986,-0.2599999999999998,0.020000000000000462,0.08000000000000007,0.25,0.10000000000000053,-2.639999999999999,-4.180000000000007,-2.700000000000003,4.861666666666666,-0.3099999999999996,-0.10499999999999954,-0.4500000000000002,-0.5,2.510411940196362,-0.057695038483896746,4.1817243159525175,3.613835828600931,4.018789144050117,3.067160232681121,2.6420737786640114,2.29770229770232,2.1105527638190846,2.083333333333326,2.9729038556202125,2.9729038556202125,3.2131067957182013,3.448598847170792,4.99,4.79,4.29,3.26,4.6,4.7,4.7,5.0,2.7047112998366956,2.799717389628034,2.5128460184772416,2.533696813957432
2006-09-01,203.8,206.8,62.9,4.91,4.64,4.71,4.77,4.89,4.59,5.25,16420.738,1650.0,314250.0,99.4836,353285.0,85.4,4.7,11.98,3.926568077511483,2.8344107409249197,2.325277937424497,2.3669704568583194,5.2680979127247785,-21.24105011933174,-0.16000000000000014,-0.09999999999999964,-0.08000000000000007,-0.11000000000000032,-0.10000000000000053,-0.11000000000000032,-0.07000000000000028,-0.25,0.1299999999999999,-0.1200000000000001,-0.17999999999999972,-0.04999999999999982,-0.009999999999999787,0.009999999999999787,0.0,-0.33000000000000007,-7.479999999999997,3.4000000000000057,4.751666666666667,-0.25,-0.054999999999999716,-0.54,-0.6100000000000003,2.4832385926873033,-0.11236296818704417,4.104669061056954,3.9772727272727293,3.63825363825363,3.6469344608879517,2.6879044300647026,2.44389027431422,2.106318956870612,2.1330624682579957,2.325277937424497,2.9729038556202125,3.2131067957182013,3.448598847170792,5.24,4.94,4.49,3.5,4.7,4.6,4.8,4.9,2.510411940196362,2.5710843460290524,2.432735777459091,2.4782176616372036
2006-10-01,202.8,207.2,58.72,4.99,4.61,4.71,4.72,5.08,4.57,5.25,16420.738,1720.0,316200.0,99.3183,351240.0,93.6,4.5,11.1,2.012072434607637,2.930948832588176,2.325277937424497,4.2159275134967755,4.349376114081993,-20.037192003719195,0.1900000000000004,0.08000000000000007,0.0,-0.019999999999999574,-0.02999999999999936,-0.04999999999999982,-0.09999999999999964,-0.46999999999999975,0.10999999999999943,-0.13999999999999968,-0.3700000000000001,-0.07000000000000028,0.020000000000000462,0.0,-0.20000000000000018,-0.8800000000000008,-4.18,8.199999999999989,4.78,-0.46999999999999975,-0.13500000000000068,-0.54,-0.6399999999999997,2.4069451083182885,-0.0687657794001347,3.926568077511483,4.1817243159525175,3.4179181771103018,4.741833508956805,2.8344107409249197,2.6420737786640114,2.0989505247376306,1.9240506329113893,2.325277937424497,2.9729038556202125,3.2131067957182013,3.448598847170792,5.25,4.99,4.59,3.62,4.7,4.6,4.7,5.0,2.4832385926873033,2.7047112998366956,2.4501426573516603,2.729159164312445
2006-11-01,201.9,207.6,62.97,4.94,4.46,4.62,4.56,5.03,4.45,5.25,16561.866,1491.0,315500.0,99.2044,351035.0,92.1,4.4,10.91,1.4063284781516971,2.7722772277227747,2.6345603763438197,2.8481025781383007,4.241090651011281,-27.79661016949152,-0.04999999999999982,-0.04999999999999982,-0.08999999999999986,-0.1200000000000001,-0.15000000000000036,-0.16000000000000014,-0.16000000000000014,-0.5700000000000003,0.09999999999999964,-0.16999999999999993,-0.41000000000000014,-0.09999999999999964,-0.04999999999999982,0.0,-0.09999999999999964,-0.1899999999999995,4.25,-1.5,4.676666666666667,-0.5700000000000003,-0.125,-0.6299999999999999,-0.79,2.3896797998449792,0.06987803819439112,2.012072434607637,4.104669061056954,3.613835828600931,4.350104821802936,2.930948832588176,2.6879044300647026,2.29770229770232,2.071753410813537,2.325277937424497,2.325277937424497,2.9729038556202125,2.9727366937913002,5.25,5.24,4.79,3.78,4.5,4.7,4.7,5.0,2.4069451083182885,2.510411940196362,2.799717389628034,2.4898941912990393
2006-12-01,202.0,207.8,60.85,5.0,4.71,4.82,4.81,5.02,4.7,5.25,16561.866,1570.0,326250.0,99.1627,352116.0,91.7,4.5,11.56,1.9687026754164672,2.6172839506172885,2.6345603763438197,1.6621660136106442,3.6491924207948223,-26.874708896134138,-0.010000000000000675,0.05999999999999961,0.20000000000000018,0.25,0.25,0.25,-0.11000000000000032,-0.3099999999999996,0.09999999999999964,-0.1200000000000001,-0.1999999999999993,-0.16000000000000014,-0.07000000000000028,0.0,0.09999999999999964,0.6500000000000004,-2.1199999999999974,-0.3999999999999915,4.843333333333333,-0.3099999999999996,-0.04499999999999993,-0.4299999999999997,-0.54,2.4475508632442313,-0.034246603067115085,1.4063284781516971,3.926568077511483,3.9772727272727293,3.3385498174230532,2.7722772277227747,2.8344107409249197,2.44389027431422,2.1180030257186067,2.6345603763438197,2.325277937424497,2.9729038556202125,2.9727366937913002,5.25,5.25,4.94,4.0,4.4,4.7,4.6,5.0,2.3896797998449792,2.4832385926873033,2.5710843460290524,2.4907230351094403
2007-01-01,203.1,208.1,58.17,5.09,4.83,4.94,4.93,5.12,4.82,5.24,16561.866,1649.0,324000.0,100.1735,356367.0,96.9,4.4,10.42,2.5239777889954462,2.6134122287968298,2.6345603763438197,2.1707334984272686,4.846202503714392,-17.301905717151456,0.10000000000000053,0.08999999999999986,0.1200000000000001,0.1200000000000001,0.1200000000000001,0.1200000000000001,-0.11000000000000032,-0.29000000000000004,0.09999999999999964,-0.1200000000000001,-0.17999999999999972,-0.11000000000000032,-0.09999999999999964,-0.009999999999999787,-0.09999999999999964,-1.1400000000000006,-2.6799999999999997,5.200000000000003,4.955000000000001,-0.29000000000000004,-0.034999999999999254,-0.2999999999999998,-0.41000000000000014,2.343727036325221,-0.04504206151086607,1.9687026754164672,2.012072434607637,4.1817243159525175,3.3385498174230532,2.6172839506172885,2.930948832588176,2.6420737786640114,2.114803625377659,2.6345603763438197,2.325277937424497,2.9729038556202125,2.9727366937913002,5.25,5.25,4.99,4.16,4.5,4.5,4.6,4.9,2.4475508632442313,2.4069451083182885,2.7047112998366956,2.5610957881455465
2007-02-01,203.437,208.6,61.78,4.96,4.56,4.65,4.68,5.16,4.52,5.25,16611.69,1409.0,317250.0,99.8346,355792.0,91.3,4.6,15.42,2.075765178123423,2.657480314960625,1.5767249700146868,1.6646656462990128,1.7525395808547728,-38.01143862736471,0.040000000000000036,-0.1299999999999999,-0.29000000000000004,-0.3000000000000007,-0.27000000000000046,-0.25,-0.09000000000000075,-0.6000000000000005,0.1200000000000001,-0.13000000000000078,-0.5099999999999998,-0.11000000000000032,-0.16000000000000014,0.009999999999999787,0.1999999999999993,5.0,3.6099999999999994,-5.6000000000000085,4.755,-0.6000000000000005,-0.20999999999999908,-0.5999999999999996,-0.6900000000000004,2.7356653681351832,0.06020992956776555,2.5239777889954462,1.4063284781516971,4.104669061056954,4.018789144050117,2.6134122287968298,2.7722772277227747,2.6879044300647026,2.1105527638190846,2.6345603763438197,2.6345603763438197,2.325277937424497,3.2131067957182013,5.24,5.25,5.24,4.29,4.4,4.4,4.7,4.7,2.343727036325221,2.3896797998449792,2.510411940196362,2.5128460184772416
2007-03-01,204.226,209.135,65.94,4.9,4.65,4.58,4.84,5.04,4.54,5.26,16611.69,1480.0,322750.0,100.7753,356545.0,88.4,4.5,14.64,2.420260782347028,2.71856581532417,1.5767249700146868,2.5793632616832207,2.744502494085377,-30.155733836715438,-0.1200000000000001,-0.05999999999999961,-0.07000000000000028,0.020000000000000462,0.09000000000000075,0.16000000000000014,0.07000000000000028,-0.3899999999999997,0.1899999999999995,-0.040000000000000036,-0.45999999999999996,-0.09000000000000075,-0.11000000000000032,0.009999999999999787,-0.09999999999999964,-0.7799999999999994,4.159999999999997,-2.8999999999999915,4.758333333333334,-0.3899999999999997,-0.26500000000000057,-0.6799999999999997,-0.6099999999999994,2.6837575085331657,0.06516555015314929,2.075765178123423,1.9687026754164672,3.926568077511483,3.63825363825363,2.657480314960625,2.6172839506172885,2.8344107409249197,2.106318956870612,1.5767249700146868,2.6345603763438197,2.325277937424497,3.2131067957182013,5.25,5.25,5.25,4.49,4.6,4.5,4.7,4.8,2.7356653681351832,2.4475508632442313,2.4832385926873033,2.432735777459091
2007-04-01,205.288,209.418,65.78,4.89,4.63,4.6,4.81,4.91,4.51,5.26,16611.69,1495.0,309400.0,100.9547,359415.0,87.1,4.4,14.22,2.798197295943927,2.5051395007342103,1.5767249700146868,2.5308035115800154,3.1743297823784156,-24.07313357034028,-0.1299999999999999,-0.010000000000000675,0.019999999999999574,-0.03000000000000025,-0.020000000000000462,-0.03000000000000025,0.03000000000000025,-0.28000000000000025,0.17999999999999972,-0.08999999999999986,-0.3100000000000005,0.07000000000000028,-0.11000000000000032,0.0,-0.09999999999999964,-0.41999999999999993,-0.1599999999999966,-1.3000000000000114,4.725,-0.28000000000000025,-0.16999999999999993,-0.6600000000000001,-0.6299999999999999,2.6546494243750947,-0.0024293968826740665,2.420260782347028,2.5239777889954462,2.012072434607637,3.4179181771103018,2.71856581532417,2.6134122287968298,2.930948832588176,2.0989505247376306,1.5767249700146868,2.6345603763438197,2.325277937424497,3.2131067957182013,5.26,5.24,5.25,4.59,4.5,4.4,4.5,4.7,2.6837575085331657,2.343727036325221,2.4069451083182885,2.4501426573516603
2007-05-01,205.904,209.747,64.02,4.95,4.9,4.92,5.01,4.73,4.86,5.25,16713.314,1490.0,320250.0,101.6334,358562.0,88.3,4.5,13.05,2.5929247633283525,2.4155273437499902,1.9343747200181172,2.9076019270608766,2.4252153842638124,-18.176825919824267,-0.17999999999999972,0.0600000000000005,0.3200000000000003,0.35000000000000053,0.27000000000000046,0.20000000000000018,-0.019999999999999574,0.16999999999999993,0.10999999999999943,-0.05999999999999961,0.1899999999999995,0.03000000000000025,-0.09000000000000075,-0.009999999999999787,0.09999999999999964,-1.17,-1.7600000000000051,1.2000000000000028,4.895,0.16999999999999993,0.10499999999999954,-0.33000000000000007,-0.34999999999999964,2.5687881337687024,-0.02712030621919401,2.798197295943927,2.075765178123423,1.4063284781516971,3.613835828600931,2.5051395007342103,2.657480314960625,2.7722772277227747,2.29770229770232,1.5767249700146868,1.5767249700146868,2.6345603763438197,2.9729038556202125,5.26,5.25,5.25,4.79,4.4,4.6,4.4,4.7,2.6546494243750947,2.7356653681351832,2.3896797998449792,2.799717389628034
2007-06-01,206.755,210.058,70.47,4.91,5.03,4.87,5.12,4.82,4.92,5.25,16713.314,1415.0,304250.0,101.7306,363085.0,85.3,4.4,16.23,2.709885742672613,2.267770204479058,1.9343747200181172,2.9798485426711263,4.06891590161913,-27.136972193614827,0.08999999999999986,-0.040000000000000036,-0.04999999999999982,0.05999999999999961,0.1299999999999999,0.11000000000000032,0.16000000000000014,0.20999999999999996,0.08999999999999986,0.04999999999999982,0.04999999999999982,-0.019999999999999574,0.07000000000000028,0.0,-0.09999999999999964,3.1799999999999997,6.450000000000003,-3.0,4.945000000000001,0.20999999999999996,-0.055000000000000604,-0.3799999999999999,-0.21999999999999975,2.7868613815264998,0.09599155279721407,2.5929247633283525,2.420260782347028,1.9687026754164672,3.9772727272727293,2.4155273437499902,2.71856581532417,2.6172839506172885,2.44389027431422,1.9343747200181172,1.5767249700146868,2.6345603763438197,2.9729038556202125,5.25,5.26,5.25,4.94,4.5,4.5,4.5,4.6,2.5687881337687024,2.6837575085331657,2.4475508632442313,2.5710843460290524
2007-07-01,207.234,210.392,78.2,4.85,4.78,4.56,4.92,4.96,4.6,5.25,16713.314,1448.0,315200.0,101.7893,360234.0,90.4,4.6,23.52,2.692765113974227,2.181641573579407,1.9343747200181172,2.7140344521729087,2.6907453070881937,-19.644839067702556,0.13999999999999968,-0.0600000000000005,-0.3100000000000005,-0.3200000000000003,-0.25,-0.20000000000000018,0.22000000000000064,-0.17999999999999972,0.13999999999999968,0.040000000000000036,-0.40000000000000036,0.16000000000000014,0.03000000000000025,0.0,0.1999999999999993,7.289999999999999,7.730000000000004,5.1000000000000085,4.778333333333333,-0.17999999999999972,-0.3100000000000005,-0.6900000000000004,-0.46999999999999975,3.1578511230304263,0.10408256021233425,2.709885742672613,2.798197295943927,2.5239777889954462,4.1817243159525175,2.267770204479058,2.5051395007342103,2.6134122287968298,2.6420737786640114,1.9343747200181172,1.5767249700146868,2.6345603763438197,2.9729038556202125,5.25,5.26,5.24,4.99,4.4,4.4,4.4,4.6,2.7868613815264998,2.6546494243750947,2.343727036325221,2.7047112998366956
2007-08-01,207.603,210.773,73.98,4.19,4.54,4.15,4.83,4.01,4.25,5.26,16809.587,1354.0,313250.0,101.6672,361770.0,83.4,4.7,23.38,2.3178905864958077,2.1682016480853106,2.3680360773066234,2.6434417747193573,2.800100023869323,-22.04951065054692,-0.9500000000000002,-0.6599999999999993,-0.40999999999999925,-0.34999999999999964,-0.2400000000000002,-0.08999999999999986,0.3899999999999997,0.5300000000000002,0.29000000000000004,0.09999999999999964,0.14000000000000057,0.22000000000000064,-0.019999999999999574,0.009999999999999787,0.10000000000000053,-0.14000000000000057,-4.219999999999999,-7.0,4.328333333333333,0.5300000000000002,-0.125,-1.1099999999999994,-0.7199999999999998,3.1518809560439225,-0.055474861146957426,2.692765113974227,2.5929247633283525,2.075765178123423,4.104669061056954,2.181641573579407,2.4155273437499902,2.657480314960625,2.6879044300647026,1.9343747200181172,1.9343747200181172,1.5767249700146868,2.325277937424497,5.25,5.25,5.25,5.24,4.6,4.5,4.6,4.7,3.1578511230304263,2.5687881337687024,2.7356653681351832,2.510411940196362
2007-09-01,207.667,211.119,81.64,4.05,4.59,3.97,4.83,3.82,4.23,5.02,16809.587,1330.0,320000.0,101.863,363676.0,83.4,4.6,18.0,1.897448478900876,2.0884912959380886,2.3680360773066234,2.3917510021752353,2.9412513975968446,-19.393939393939398,-0.18999999999999995,-0.14000000000000057,-0.18000000000000016,-0.019999999999999574,0.04999999999999982,0.0,0.6199999999999997,0.77,0.2400000000000002,0.26000000000000023,0.15000000000000036,0.3899999999999997,0.16000000000000014,-0.2400000000000002,-0.10000000000000053,-5.379999999999999,7.659999999999997,0.0,4.248333333333334,0.77,-0.23499999999999988,-1.0499999999999994,-0.4299999999999997,2.8903717578961645,0.09852455153733612,2.3178905864958077,2.709885742672613,2.420260782347028,3.926568077511483,2.1682016480853106,2.267770204479058,2.71856581532417,2.8344107409249197,2.3680360773066234,1.9343747200181172,1.5767249700146868,2.325277937424497,5.26,5.25,5.26,5.25,4.7,4.4,4.5,4.7,3.1518809560439225,2.7868613815264998,2.6837575085331657,2.4832385926873033
2007-10-01,208.547,211.554,94.16,4.04,4.48,3.94,4.74,3.94,4.16,4.94,16809.587,1183.0,313400.0,102.0894,365178.0,80.9,4.7,18.53,2.8338264299802685,2.101351351351366,2.3680360773066234,2.7901202497425004,3.968226853433543,-31.220930232558143,0.1200000000000001,-0.009999999999999787,-0.03000000000000025,-0.07000000000000028,-0.10999999999999943,-0.08999999999999986,0.5400000000000005,0.5400000000000005,0.2599999999999998,0.2200000000000002,0.0,0.6199999999999997,0.22000000000000064,-0.07999999999999918,0.10000000000000053,0.5300000000000011,12.519999999999996,-2.5,4.216666666666666,0.5400000000000005,-0.27,-1.0000000000000004,-0.45999999999999996,2.9193910402972683,0.14267612501037719,1.897448478900876,2.692765113974227,2.798197295943927,2.012072434607637,2.0884912959380886,2.181641573579407,2.5051395007342103,2.930948832588176,2.3680360773066234,1.9343747200181172,1.5767249700146868,2.325277937424497,5.02,5.25,5.26,5.25,4.6,4.6,4.4,4.5,2.8903717578961645,3.1578511230304263,2.6546494243750947,2.4069451083182885
2007-11-01,209.19,212.077,88.6,3.26,3.97,3.04,4.4,3.15,3.41,4.76,16915.191,1264.0,328250.0,101.8015,367322.0,76.1,4.7,22.87,3.610698365527476,2.1565510597302495,2.133364682457861,2.6179282370540014,4.639708291196043,-15.224681421864517,-0.79,-0.7800000000000002,-0.8999999999999999,-0.75,-0.5100000000000002,-0.33999999999999986,0.9300000000000002,0.8200000000000003,0.43000000000000016,0.3700000000000001,-0.10999999999999988,0.5400000000000005,0.3899999999999997,-0.1800000000000006,0.0,4.34,-5.560000000000002,-4.800000000000011,3.5383333333333327,0.8200000000000003,-0.52,-1.7199999999999998,-0.7899999999999996,3.12982600803469,-0.06086360534098602,2.8338264299802685,2.3178905864958077,2.5929247633283525,1.4063284781516971,2.101351351351366,2.1682016480853106,2.4155273437499902,2.7722772277227747,2.3680360773066234,2.3680360773066234,1.9343747200181172,2.6345603763438197,4.94,5.26,5.25,5.25,4.7,4.7,4.5,4.4,2.9193910402972683,3.1518809560439225,2.5687881337687024,2.3896797998449792
2007-12-01,210.834,212.66,95.95,3.34,4.04,3.05,4.45,3.36,3.45,4.49,16915.191,1197.0,336000.0,102.3446,370776.0,75.5,4.7,22.5,4.373267326732666,2.3387872954764077,2.133364682457861,3.2087670061424323,5.29938997375865,-23.757961783439484,0.20999999999999996,0.08000000000000007,0.009999999999999787,0.040000000000000036,0.06999999999999984,0.04999999999999982,0.9900000000000002,0.6800000000000002,0.41000000000000014,0.40000000000000036,-0.31000000000000005,0.9300000000000002,0.6199999999999997,-0.2699999999999996,0.0,-0.370000000000001,7.3500000000000085,-0.5999999999999943,3.6149999999999998,0.6800000000000002,-0.6500000000000004,-1.4400000000000004,-0.4500000000000002,3.1135153092103742,0.0796953648426737,3.610698365527476,1.897448478900876,2.709885742672613,1.9687026754164672,2.1565510597302495,2.0884912959380886,2.267770204479058,2.6172839506172885,2.133364682457861,2.3680360773066234,1.9343747200181172,2.6345603763438197,4.76,5.02,5.25,5.25,4.7,4.6,4.4,4.5,3.12982600803469,2.8903717578961645,2.7868613815264998,2.4475508632442313
2008-01-01,211.445,213.168,91.67,2.11,3.67,2.17,4.35,1.96,2.82,4.24,16915.191,1037.0,348200.0,102.3803,366569.0,78.4,5.0,26.2,4.108813392417532,2.4353676117251366,2.133364682457861,2.2029778334589523,2.8627791013197124,-37.11340206185567,-1.4,-1.23,-0.8799999999999999,-0.6300000000000003,-0.3700000000000001,-0.10000000000000053,1.5,1.71,0.6799999999999997,0.6499999999999999,0.20999999999999996,0.9900000000000002,0.5400000000000005,-0.25,0.2999999999999998,3.6999999999999993,-4.280000000000001,2.9000000000000057,2.8466666666666662,1.71,-0.645,-2.0700000000000003,-0.5700000000000003,3.265759410767051,-0.04563205048002468,4.373267326732666,2.8338264299802685,2.692765113974227,2.5239777889954462,2.3387872954764077,2.101351351351366,2.181641573579407,2.6134122287968298,2.133364682457861,2.3680360773066234,1.9343747200181172,2.6345603763438197,4.49,4.94,5.25,5.24,4.7,4.7,4.6,4.4,3.1135153092103742,2.9193910402972683,3.1578511230304263,2.343727036325221
2008-02-01,212.174,213.771,101.78,1.77,3.53,1.65,4.41,1.85,2.5,3.94,16843.003,1084.0,338750.0,102.2448,367368.0,70.8,5.0,26.54,4.294695655165981,2.4789069990412305,1.3924712055185307,2.4141930753466267,3.253586365067229,-23.066004258339245,-0.10999999999999988,-0.33999999999999986,-0.52,-0.31999999999999984,-0.14000000000000012,0.0600000000000005,1.88,1.6799999999999997,0.8800000000000003,0.8500000000000001,-0.20000000000000018,1.5,0.9300000000000002,-0.30000000000000027,0.0,0.33999999999999986,10.11,-7.6000000000000085,2.618333333333333,1.6799999999999997,-1.04,-2.29,-0.41000000000000014,3.2786530289040616,0.10461844918700236,4.108813392417532,3.610698365527476,2.3178905864958077,2.075765178123423,2.4353676117251366,2.1565510597302495,2.1682016480853106,2.657480314960625,2.133364682457861,2.133364682457861,2.3680360773066234,1.5767249700146868,4.24,4.76,5.26,5.25,5.0,4.7,4.7,4.6,3.265759410767051,3.12982600803469,3.1518809560439225,2.7356653681351832
2008-03-01,212.687,213.939,101.54,1.55,3.45,1.62,4.3,1.38,2.46,2.98,16843.003,1103.0,346750.0,101.8438,364126.0,69.5,4.9,25.61,4.142959270611968,2.29708083295479,1.3924712055185307,1.0602796518591306,2.126239324629431,-25.472972972972975,-0.4700000000000002,-0.21999999999999997,-0.029999999999999805,-0.040000000000000036,-0.07999999999999963,-0.11000000000000032,1.83,2.0700000000000003,0.8499999999999996,0.8399999999999999,0.2400000000000002,1.88,0.9900000000000002,-0.96,-0.09999999999999964,-0.9299999999999997,-0.23999999999999488,-1.2999999999999972,2.4600000000000004,2.0700000000000003,-0.7949999999999999,-1.3599999999999999,0.4700000000000002,3.242982900211434,-0.002360811641438304,4.294695655165981,4.373267326732666,1.897448478900876,2.420260782347028,2.4789069990412305,2.3387872954764077,2.0884912959380886,2.71856581532417,1.3924712055185307,2.133364682457861,2.3680360773066234,1.5767249700146868,3.94,4.49,5.02,5.26,5.0,4.7,4.6,4.5,3.2786530289040616,3.1135153092103742,2.8903717578961645,2.6837575085331657
2008-04-01,213.448,214.42,113.7,1.85,3.77,2.29,4.49,1.43,3.03,2.61,16843.003,1005.0,363400.0,101.5336,365164.0,62.6,5.1,20.79,3.9749035501344343,2.388524386633417,1.3924712055185307,0.5734255066876637,1.5995437029617587,-32.77591973244147,0.050000000000000044,0.30000000000000004,0.6699999999999999,0.5699999999999998,0.31999999999999984,0.1900000000000004,1.48,2.34,0.7200000000000002,0.7399999999999998,0.8600000000000001,1.83,1.5,-0.3700000000000001,0.1999999999999993,-4.82,12.159999999999997,-6.899999999999999,2.81,2.34,-0.31000000000000005,-0.31999999999999984,1.1600000000000001,3.0344721018699214,0.11311059123724203,4.142959270611968,4.108813392417532,2.8338264299802685,2.798197295943927,2.29708083295479,2.4353676117251366,2.101351351351366,2.5051395007342103,1.3924712055185307,2.133364682457861,2.3680360773066234,1.5767249700146868,2.98,4.24,4.94,5.26,4.9,5.0,4.7,4.4,3.242982900211434,3.265759410767051,2.9193910402972683,2.6546494243750947
2008-05-01,213.942,214.56,127.35,2.22,4.06,2.66,4.72,1.89,3.41,2.28,16943.291,1013.0,359500.0,100.8785,364816.0,59.8,5.0,17.83,3.9037609759888126,2.294669292051843,1.3760107660276244,-0.7427676334748168,1.7441892894394906,-32.013422818791945,0.45999999999999996,0.3700000000000001,0.3700000000000001,0.38000000000000034,0.2899999999999996,0.22999999999999954,1.3999999999999995,2.17,0.6600000000000001,0.75,0.7700000000000002,1.48,1.88,-0.33000000000000007,-0.09999999999999964,-2.960000000000001,13.649999999999991,-2.8000000000000043,3.1599999999999997,2.17,-0.3149999999999995,0.38000000000000034,1.7799999999999998,2.8808824318750488,0.11337580066897564,3.9749035501344343,4.294695655165981,3.610698365527476,2.5929247633283525,2.388524386633417,2.4789069990412305,2.1565510597302495,2.4155273437499902,1.3924712055185307,1.3924712055185307,2.133364682457861,1.9343747200181172,2.61,3.94,4.76,5.25,5.1,5.0,4.7,4.5,3.0344721018699214,3.2786530289040616,3.12982600803469,2.5687881337687024
2008-06-01,215.208,214.936,139.96,2.36,3.99,2.63,4.53,1.9,3.34,1.98,16943.291,973.0,366800.0,100.2674,368255.0,56.4,5.4,23.95,4.088413823123993,2.3222157689781087,1.3760107660276244,-1.4383086308347726,1.423909002024315,-31.236749116607776,0.010000000000000009,0.13999999999999968,-0.03000000000000025,-0.07000000000000028,-0.0699999999999994,-0.1899999999999995,1.3600000000000003,2.0900000000000003,0.54,0.71,0.73,1.3999999999999995,1.83,-0.2999999999999998,0.40000000000000036,6.120000000000001,12.610000000000014,-3.3999999999999986,3.125,2.0900000000000003,-0.3150000000000004,0.6499999999999999,2.0100000000000002,3.175968323856924,0.0944174660740214,3.9037609759888126,4.142959270611968,4.373267326732666,2.709885742672613,2.294669292051843,2.29708083295479,2.3387872954764077,2.267770204479058,1.3760107660276244,1.3924712055185307,2.133364682457861,1.9343747200181172,2.28,2.98,4.49,5.25,5.0,4.9,4.7,4.4,2.8808824318750488,3.242982900211434,3.1135153092103742,2.7868613815264998
2008-07-01,217.463,215.424,124.17,2.27,3.99,2.52,4.59,1.68,3.25,2.0,16943.291,1046.0,383250.0,100.0335,368926.0,61.2,5.6,22.94,4.935966105947864,2.3917259211376996,1.3760107660276244,-1.724935725071297,2.4128760749956957,-27.762430939226522,-0.21999999999999997,-0.08999999999999986,-0.10999999999999988,-0.08999999999999986,0.0,0.05999999999999961,1.4700000000000002,2.3100000000000005,0.5999999999999996,0.73,0.8400000000000001,1.3600000000000003,1.48,0.020000000000000018,0.1999999999999993,-1.009999999999998,-15.790000000000006,4.800000000000004,3.0500000000000003,2.3100000000000005,-0.31499999999999995,0.52,1.9900000000000002,3.1328821117012247,-0.1197050730707366,4.088413823123993,3.9749035501344343,4.108813392417532,2.692765113974227,2.3222157689781087,2.388524386633417,2.4353676117251366,2.181641573579407,1.3760107660276244,1.3924712055185307,2.133364682457861,1.9343747200181172,1.98,2.61,4.24,5.25,5.4,5.1,5.0,4.6,3.175968323856924,3.0344721018699214,3.265759410767051,3.1578511230304263
2008-08-01,219.016,215.965,115.55,2.17,3.83,2.36,4.43,1.72,3.1,2.01,16854.295,923.0,398000.0,99.676,367594.0,63.0,5.8,20.65,5.497512078341837,2.463313612274831,0.26596727212868654,-1.9585471027037116,1.6098626198966182,-31.83161004431314,0.040000000000000036,-0.10000000000000009,-0.16000000000000014,-0.1499999999999999,-0.16000000000000014,-0.16000000000000014,1.4700000000000002,2.1100000000000003,0.5999999999999996,0.7400000000000002,0.6399999999999999,1.4700000000000002,1.3999999999999995,0.009999999999999787,0.20000000000000018,-2.2900000000000027,-8.620000000000005,1.7999999999999972,2.935,2.1100000000000003,-0.41500000000000004,0.3500000000000001,1.8200000000000003,3.027715319407042,-0.07194825770836102,4.935966105947864,3.9037609759888126,4.294695655165981,2.3178905864958077,2.3917259211376996,2.294669292051843,2.4789069990412305,2.1682016480853106,1.3760107660276244,1.3760107660276244,1.3924712055185307,2.3680360773066234,2.0,2.28,3.94,5.26,5.6,5.0,5.0,4.7,3.1328821117012247,2.8808824318750488,3.2786530289040616,3.1518809560439225
2008-09-01,218.69,216.393,100.7,1.78,3.85,2.0,4.31,0.92,2.98,2.0,16854.295,844.0,433000.0,98.1111,364611.0,70.3,6.1,39.39,5.308017162091239,2.4981171756213394,0.26596727212868654,-3.6832804845724265,0.25709697642957163,-36.54135338345864,-0.7999999999999999,-0.3899999999999999,-0.3599999999999999,-0.1200000000000001,0.020000000000000018,-0.1200000000000001,1.85,2.93,0.4599999999999995,0.98,1.08,1.4700000000000002,1.3600000000000003,-0.009999999999999787,0.2999999999999998,18.740000000000002,-14.849999999999994,7.299999999999997,2.64,2.93,-0.38500000000000023,0.0,1.85,3.6735119769828146,-0.13755753699587311,5.497512078341837,4.088413823123993,4.142959270611968,1.897448478900876,2.463313612274831,2.3222157689781087,2.29708083295479,2.0884912959380886,0.26596727212868654,1.3760107660276244,1.3924712055185307,2.3680360773066234,2.01,1.98,2.98,5.02,5.8,5.4,4.9,4.6,3.027715319407042,3.175968323856924,3.242982900211434,2.8903717578961645
2008-10-01,218.877,216.713,68.1,1.34,4.01,1.56,4.35,0.46,2.8,1.81,16854.295,820.0,464000.0,93.7895,358991.0,57.6,6.1,59.89,4.953319875136075,2.4386208722122937,0.26596727212868654,-8.130031129578574,-1.694242259938994,-30.68469991546915,-0.46,-0.43999999999999995,-0.43999999999999995,-0.18000000000000016,0.1599999999999997,0.040000000000000036,2.4499999999999997,3.55,0.33999999999999986,1.2399999999999998,1.1,1.85,1.4700000000000002,-0.18999999999999995,0.0,20.5,-32.60000000000001,-12.699999999999996,2.42,3.55,-0.6749999999999998,-0.25,2.1999999999999997,4.092509546276371,-0.39116858656905,5.308017162091239,4.935966105947864,3.9749035501344343,2.8338264299802685,2.4981171756213394,2.3917259211376996,2.388524386633417,2.101351351351366,0.26596727212868654,1.3760107660276244,1.3924712055185307,2.3680360773066234,2.0,2.0,2.61,4.94,6.1,5.6,5.1,4.7,3.6735119769828146,3.1328821117012247,3.0344721018699214,2.9193910402972683
2008-11-01,216.995,216.788,55.21,0.9,2.93,1.0,3.45,0.01,1.93,0.97,16485.35,777.0,475250.0,94.7219,346137.0,55.3,6.5,55.84,3.7310578899565128,2.2213629955157854,-2.5411536884212604,-6.954317961916079,-5.767419321467271,-38.52848101265823,-0.45,-0.44000000000000006,-0.56,-0.8699999999999999,-1.0799999999999996,-0.8999999999999995,1.9300000000000002,2.9200000000000004,0.52,0.9299999999999999,0.99,2.4499999999999997,1.4700000000000002,-0.8400000000000001,0.40000000000000036,-4.049999999999997,-12.889999999999993,-2.3000000000000043,1.7033333333333331,2.9200000000000004,-0.47,0.030000000000000027,1.9600000000000002,4.022490458454117,-0.20983311685951336,4.953319875136075,5.497512078341837,3.9037609759888126,3.610698365527476,2.4386208722122937,2.463313612274831,2.294669292051843,2.1565510597302495,0.26596727212868654,0.26596727212868654,1.3760107660276244,2.133364682457861,1.81,2.01,2.28,4.76,6.1,5.8,5.0,4.7,4.092509546276371,3.027715319407042,2.8808824318750488,3.12982600803469
2008-12-01,213.153,216.947,44.6,0.37,2.25,0.76,2.69,0.11,1.55,0.39,16485.35,652.0,519800.0,93.4715,332498.0,60.1,6.8,40.0,1.0999174706166848,2.015893915169764,-2.5411536884212604,-8.669827230747885,-10.323753425248672,-45.530492898913955,0.1,-0.53,-0.24,-0.3799999999999999,-0.6800000000000002,-0.7600000000000002,1.49,2.14,0.43999999999999995,0.79,0.65,1.9300000000000002,1.85,-0.58,0.2999999999999998,-15.840000000000003,-10.61,4.800000000000004,1.2883333333333333,2.14,-0.41999999999999993,0.37,1.8599999999999999,3.6888794541139363,-0.21341023726993477,3.7310578899565128,5.308017162091239,4.088413823123993,4.373267326732666,2.2213629955157854,2.4981171756213394,2.3222157689781087,2.3387872954764077,-2.5411536884212604,0.26596727212868654,1.3760107660276244,2.133364682457861,0.97,2.0,1.98,4.49,6.5,6.1,5.4,4.7,4.022490458454117,3.6735119769828146,3.175968323856924,3.1135153092103742
2009-01-01,211.398,216.925,41.73,0.51,2.87,0.94,3.58,0.24,1.85,0.16,16485.35,560.0,564000.0,90.8357,324767.0,61.2,7.3,44.84,-0.02222800255385904,1.7624596562335837,-2.5411536884212604,-11.276192783181926,-11.403582954368751,-45.998071359691416,0.13,0.14,0.17999999999999994,0.30000000000000004,0.6200000000000001,0.8900000000000001,1.9300000000000002,2.63,0.71,0.9100000000000001,0.7,1.49,2.4499999999999997,-0.23,0.5,4.840000000000003,-2.8700000000000045,1.1000000000000014,1.665,2.63,-0.6150000000000002,0.7799999999999999,2.71,3.8031005982039594,-0.06651356442255722,1.0999174706166848,4.953319875136075,4.935966105947864,4.108813392417532,2.015893915169764,2.4386208722122937,2.3917259211376996,2.4353676117251366,-2.5411536884212604,0.26596727212868654,1.3760107660276244,2.133364682457861,0.39,1.81,2.0,4.24,6.8,6.1,5.6,5.0,3.6888794541139363,4.092509546276371,3.1328821117012247,3.265759410767051
2009-02-01,211.933,217.346,44.15,0.72,3.02,1.0,3.71,0.26,1.99,0.15,16298.262,490.0,572000.0,88.57,329787.0,56.3,7.8,46.35,-0.11358601902212717,1.6723503187990874,-3.234227293078318,-13.374567704176643,-10.22979682498203,-54.79704797047971,0.020000000000000018,0.20999999999999996,0.06000000000000005,0.1399999999999999,0.1499999999999999,0.1299999999999999,2.02,2.76,0.69,0.99,0.74,1.9300000000000002,1.9300000000000002,-0.010000000000000009,0.5,1.509999999999998,2.4200000000000017,-4.900000000000006,1.7833333333333332,2.76,-0.6400000000000001,0.85,2.87,3.836221292011864,0.056372632446507906,-0.02222800255385904,3.7310578899565128,5.497512078341837,4.294695655165981,1.7624596562335837,2.2213629955157854,2.463313612274831,2.4789069990412305,-2.5411536884212604,-2.5411536884212604,0.26596727212868654,1.3924712055185307,0.16,0.97,2.01,3.94,7.3,6.5,5.8,5.0,3.8031005982039594,4.022490458454117,3.027715319407042,3.2786530289040616
2009-03-01,212.705,217.792,49.64,0.57,2.71,0.81,3.56,0.21,1.67,0.22,16298.262,582.0,644000.0,88.031,328376.0,57.3,8.3,44.14,0.008463140671510772,1.800980653363804,-3.234227293078318,-13.562730377303279,-9.818030022574609,-47.23481414324569,-0.05000000000000002,-0.15000000000000002,-0.18999999999999995,-0.32000000000000006,-0.31000000000000005,-0.1499999999999999,1.9,2.5,0.8500000000000001,0.8599999999999999,0.6000000000000001,2.02,1.49,0.07,0.5000000000000009,-2.210000000000001,5.490000000000002,1.0,1.5883333333333332,2.5,-0.6499999999999999,0.5900000000000001,2.4899999999999998,3.7873664008285903,0.11720403328643746,-0.11358601902212717,1.0999174706166848,5.308017162091239,4.142959270611968,1.6723503187990874,2.015893915169764,2.4981171756213394,2.29708083295479,-3.234227293078318,-2.5411536884212604,0.26596727212868654,1.3924712055185307,0.15,0.39,2.0,2.98,7.8,6.8,6.1,4.9,3.836221292011864,3.6888794541139363,3.6735119769828146,3.242982900211434
2009-04-01,212.495,218.253,50.35,0.49,3.16,0.91,4.05,0.14,2.02,0.18,16298.262,505.0,659250.0,86.6528,322634.0,65.1,8.7,36.5,-0.4464787676623838,1.7876130957932945,-3.234227293078318,-14.656035046526473,-11.646821702029776,-49.75124378109452,-0.06999999999999998,-0.07999999999999996,0.09999999999999998,0.3500000000000001,0.4500000000000002,0.48999999999999977,2.25,3.02,0.8899999999999997,1.1099999999999999,0.77,1.9,1.9300000000000002,-0.04000000000000001,0.3999999999999986,-7.640000000000001,0.7100000000000009,7.799999999999997,1.795,3.02,-0.7400000000000001,0.73,2.98,3.597312260588446,0.014201658828164787,0.008463140671510772,-0.02222800255385904,4.953319875136075,3.9749035501344343,1.800980653363804,1.7624596562335837,2.4386208722122937,2.388524386633417,-3.234227293078318,-2.5411536884212604,0.26596727212868654,1.3924712055185307,0.22,0.16,1.81,2.61,8.3,7.3,6.1,5.1,3.7873664008285903,3.8031005982039594,4.092509546276371,3.0344721018699214
2009-05-01,212.709,218.706,66.31,0.47,3.47,0.92,4.34,0.14,2.34,0.15,16269.145,478.0,627750.0,85.9344,324323.0,68.7,9.0,28.92,-0.5763244243767063,1.93232662192393,-3.9788374053187248,-14.81395936696125,-11.099568001403448,-52.81342546890424,0.0,-0.020000000000000018,0.010000000000000009,0.31999999999999984,0.31000000000000005,0.29000000000000004,2.5500000000000003,3.33,0.8699999999999997,1.42,0.78,2.25,2.02,-0.03,0.3000000000000007,-7.579999999999998,15.96,3.6000000000000085,1.9466666666666665,3.33,-0.8850000000000001,0.77,3.3200000000000003,3.3645333972905638,0.2753420962162049,-0.4464787676623838,-0.11358601902212717,3.7310578899565128,3.9037609759888126,1.7876130957932945,1.6723503187990874,2.2213629955157854,2.294669292051843,-3.234227293078318,-3.234227293078318,-2.5411536884212604,1.3760107660276244,0.18,0.15,0.97,2.28,8.7,7.8,6.5,5.0,3.597312260588446,3.836221292011864,4.022490458454117,2.8808824318750488
2009-06-01,213.022,218.904,69.82,0.56,3.53,1.11,4.32,0.19,2.54,0.18,16269.145,540.0,612000.0,85.0665,327011.0,70.8,9.4,26.35,-1.015761495855172,1.8461309413034588,-3.9788374053187248,-15.160361194166793,-11.199847931460539,-44.50154162384378,0.04999999999999999,0.09000000000000008,0.19000000000000006,0.20000000000000018,0.05999999999999961,-0.019999999999999574,2.42,3.34,0.7900000000000005,1.43,0.9200000000000002,2.5500000000000003,1.9,0.03,0.40000000000000036,-2.5700000000000003,3.509999999999991,2.0999999999999943,2.0416666666666665,3.34,-0.7499999999999998,0.9300000000000002,3.3499999999999996,3.2714682749873716,0.05157978629611359,-0.5763244243767063,0.008463140671510772,1.0999174706166848,4.088413823123993,1.93232662192393,1.800980653363804,2.015893915169764,2.3222157689781087,-3.9788374053187248,-3.234227293078318,-2.5411536884212604,1.3760107660276244,0.15,0.22,0.39,1.98,9.0,8.3,6.8,5.4,3.3645333972905638,3.7873664008285903,3.6888794541139363,3.175968323856924
2009-07-01,214.79,219.112,69.26,0.48,3.52,1.13,4.31,0.18,2.53,0.21,16269.145,585.0,598250.0,84.7459,332227.0,66.0,9.5,25.92,-1.2291746182109153,1.7119726678550107,-3.9788374053187248,-15.282480369076357,-9.947523351566435,-44.07265774378585,-0.010000000000000009,-0.08000000000000007,0.019999999999999796,-0.010000000000000231,-0.009999999999999787,-0.010000000000000675,2.39,3.34,0.7899999999999996,1.4,0.95,2.42,2.25,0.03,0.09999999999999964,-0.4299999999999997,-0.5599999999999881,-4.799999999999997,2.025,3.34,-0.7200000000000002,0.9199999999999999,3.31,3.255014871484074,-0.008052962702613872,-1.015761495855172,-0.4464787676623838,-0.02222800255385904,4.935966105947864,1.8461309413034588,1.7876130957932945,1.7624596562335837,2.3917259211376996,-3.9788374053187248,-3.234227293078318,-2.5411536884212604,1.3760107660276244,0.18,0.18,0.16,2.0,9.4,8.7,7.3,5.6,3.2714682749873716,3.597312260588446,3.8031005982039594,3.1328821117012247
2009-08-01,214.726,219.263,69.97,0.43,3.4,0.97,4.18,0.15,2.39,0.16,16326.281,594.0,566500.0,85.7027,333670.0,65.7,9.5,26.01,-1.9587610037622771,1.5270992984974363,-3.1328157006863644,-14.018720654921957,-9.228659880193913,-35.644637053087756,-0.03,-0.04999999999999999,-0.15999999999999992,-0.13999999999999968,-0.1200000000000001,-0.1299999999999999,2.4299999999999997,3.25,0.7799999999999998,1.4200000000000002,0.82,2.39,2.5500000000000003,-0.04999999999999999,0.0,0.08999999999999986,0.7099999999999937,-0.29999999999999716,1.92,3.25,-0.8049999999999999,0.8099999999999999,3.2399999999999998,3.25848107946056,0.01019903978352933,-1.2291746182109153,-0.5763244243767063,-0.11358601902212717,5.497512078341837,1.7119726678550107,1.93232662192393,1.6723503187990874,2.463313612274831,-3.9788374053187248,-3.9788374053187248,-3.234227293078318,0.26596727212868654,0.21,0.15,0.15,2.01,9.5,9.0,7.8,5.8,3.255014871484074,3.3645333972905638,3.836221292011864,3.027715319407042
2009-09-01,215.445,219.496,70.46,0.4,3.31,0.95,4.03,0.14,2.31,0.16,16326.281,586.0,559200.0,86.6426,339586.0,73.5,9.6,25.61,-1.4838355663267633,1.4339650543224725,-3.1328157006863644,-11.689299172061052,-6.8634791599814555,-30.568720379146917,-0.009999999999999981,-0.02999999999999997,-0.020000000000000018,-0.08000000000000007,-0.08999999999999986,-0.14999999999999947,2.3600000000000003,3.17,0.7200000000000002,1.36,0.8099999999999999,2.4299999999999997,2.42,0.0,0.09999999999999964,-0.40000000000000213,0.4899999999999949,7.799999999999997,1.8566666666666667,3.17,-0.7750000000000001,0.7899999999999999,3.15,3.242982900211434,0.006978594155286082,-1.9587610037622771,-1.015761495855172,0.008463140671510772,5.308017162091239,1.5270992984974363,1.8461309413034588,1.800980653363804,2.4981171756213394,-3.1328157006863644,-3.9788374053187248,-3.234227293078318,0.26596727212868654,0.16,0.18,0.22,2.0,9.5,9.4,8.3,6.1,3.25848107946056,3.2714682749873716,3.7873664008285903,3.6735119769828146
2009-10-01,215.861,219.92,77.04,0.37,3.41,0.9,4.23,0.05,2.31,0.15,16326.281,585.0,547500.0,87.4063,330998.0,70.6,9.8,30.69,-1.377942862886472,1.4798373886199645,-3.1328157006863644,-6.805879122929537,-7.797688521439261,-28.65853658536586,-0.09000000000000001,-0.030000000000000027,-0.04999999999999993,0.0,0.10000000000000009,0.20000000000000018,2.5100000000000002,3.3600000000000003,0.8200000000000003,1.4100000000000001,0.85,2.3600000000000003,2.39,-0.010000000000000009,0.20000000000000107,5.080000000000002,6.5800000000000125,-2.9000000000000057,1.8783333333333332,3.3600000000000003,-0.83,0.75,3.2600000000000002,3.4239368686316447,0.08927959457677861,-1.4838355663267633,-1.2291746182109153,-0.4464787676623838,4.953319875136075,1.4339650543224725,1.7119726678550107,1.7876130957932945,2.4386208722122937,-3.1328157006863644,-3.9788374053187248,-3.234227293078318,0.26596727212868654,0.16,0.21,0.18,1.81,9.6,9.5,8.7,6.1,3.242982900211434,3.255014871484074,3.597312260588446,4.092509546276371
2009-11-01,216.509,220.501,77.19,0.27,3.21,0.67,4.2,0.06,2.01,0.12,16502.754,534.0,525400.0,87.6419,334595.0,67.4,10.0,24.51,-0.22396829420033848,1.7127331771131127,0.10557252348297741,-7.474512230012276,-3.334517835423545,-31.27413127413128,0.009999999999999995,-0.09999999999999998,-0.22999999999999998,-0.30000000000000027,-0.20000000000000018,-0.03000000000000025,2.54,3.15,0.9900000000000002,1.3399999999999999,0.6100000000000001,2.5100000000000002,2.4299999999999997,-0.03,0.1999999999999993,-6.18,0.14999999999999147,-3.1999999999999886,1.7366666666666666,3.15,-0.965,0.55,3.09,3.1990811975400213,0.0019451474718923075,-1.377942862886472,-1.9587610037622771,-0.5763244243767063,3.7310578899565128,1.4798373886199645,1.5270992984974363,1.93232662192393,2.2213629955157854,-3.1328157006863644,-3.1328157006863644,-3.9788374053187248,-2.5411536884212604,0.15,0.16,0.15,0.97,9.8,9.5,9.0,6.5,3.4239368686316447,3.25848107946056,3.3645333972905638,4.022490458454117
2009-12-01,217.234,220.666,79.39,0.47,3.85,1.14,4.63,0.06,2.69,0.12,16502.754,588.0,494000.0,88.0221,337321.0,72.5,9.9,21.68,1.9145871744709275,1.714243571010421,0.10557252348297741,-5.83001235670767,1.450535040812273,-9.815950920245397,0.0,0.19999999999999996,0.46999999999999986,0.6800000000000002,0.6400000000000001,0.4299999999999997,2.71,3.79,0.7799999999999998,1.55,1.0799999999999998,2.54,2.3600000000000003,0.0,-0.09999999999999964,-2.830000000000002,2.200000000000003,5.099999999999994,2.14,3.79,-0.8150000000000002,1.02,3.73,3.0763901765714454,0.028102500775259484,-0.22396829420033848,-1.4838355663267633,-1.015761495855172,1.0999174706166848,1.7127331771131127,1.4339650543224725,1.8461309413034588,2.015893915169764,0.10557252348297741,-3.1328157006863644,-3.9788374053187248,-2.5411536884212604,0.12,0.16,0.18,0.39,10.0,9.6,9.4,6.8,3.1990811975400213,3.242982900211434,3.2714682749873716,3.6888794541139363
2010-01-01,217.347,220.881,72.85,0.3,3.63,0.82,4.51,0.08,2.34,0.12,16502.754,581.0,485500.0,88.3793,338736.0,74.4,9.9,24.62,2.8141231232083674,1.8236717759594345,0.10557252348297741,-2.704223119324234,4.301237502578781,3.750000000000009,0.020000000000000004,-0.16999999999999998,-0.31999999999999995,-0.3500000000000001,-0.2200000000000002,-0.1200000000000001,2.81,3.55,0.8799999999999999,1.52,0.74,2.71,2.5100000000000002,0.0,0.0,2.9400000000000013,-6.540000000000006,1.9000000000000057,1.9466666666666665,3.55,-1.0350000000000001,0.7,3.51,3.2035591207563074,-0.08596988309580827,1.9145871744709275,-1.377942862886472,-1.2291746182109153,-0.02222800255385904,1.714243571010421,1.4798373886199645,1.7119726678550107,1.7624596562335837,0.10557252348297741,-3.1328157006863644,-3.9788374053187248,-2.5411536884212604,0.12,0.15,0.21,0.16,9.9,9.8,9.5,7.3,3.0763901765714454,3.4239368686316447,3.255014871484074,3.8031005982039594
2010-02-01,217.488,220.633,79.72,0.32,3.61,0.81,4.55,0.13,2.3,0.11,16582.71,614.0,479800.0,89.3426,339093.0,73.6,9.8,19.5,2.6211113889767157,1.5123351706495702,1.7452658449103264,0.87230439200634,2.8218213574216167,25.306122448979586,0.05,0.020000000000000018,-0.009999999999999898,-0.040000000000000036,-0.020000000000000018,0.040000000000000036,2.8,3.48,0.94,1.4899999999999998,0.68,2.81,2.54,-0.009999999999999995,-0.09999999999999964,-5.120000000000001,6.8700000000000045,-0.8000000000000114,1.9533333333333331,3.48,-1.0599999999999998,0.7000000000000001,3.5,2.970414465569701,0.09011796270338022,2.8141231232083674,-0.22396829420033848,-1.9587610037622771,-0.11358601902212717,1.8236717759594345,1.7127331771131127,1.5270992984974363,1.6723503187990874,0.10557252348297741,0.10557252348297741,-3.1328157006863644,-3.234227293078318,0.12,0.12,0.16,0.15,9.9,10.0,9.5,7.8,3.2035591207563074,3.1990811975400213,3.25848107946056,3.836221292011864
2010-03-01,217.281,220.731,83.45,0.41,3.84,1.02,4.72,0.16,2.55,0.13,16582.71,604.0,485750.0,89.6779,339580.0,73.6,9.8,17.59,2.151336357866529,1.3494526888039982,1.7452658449103264,1.8708182344855606,3.411942407484103,3.7800687285223455,0.03,0.08999999999999997,0.20999999999999996,0.25,0.22999999999999998,0.16999999999999993,2.82,3.6799999999999997,0.8799999999999999,1.5299999999999998,0.86,2.8,2.71,0.020000000000000004,0.0,-1.9100000000000001,3.730000000000004,0.0,2.1166666666666667,3.6799999999999997,-0.98,0.89,3.71,2.8673305587494666,0.04572715476325007,2.6211113889767157,1.9145871744709275,-1.4838355663267633,0.008463140671510772,1.5123351706495702,1.714243571010421,1.4339650543224725,1.800980653363804,1.7452658449103264,0.10557252348297741,-3.1328157006863644,-3.234227293078318,0.11,0.12,0.16,0.22,9.8,9.9,9.6,8.3,2.970414465569701,3.0763901765714454,3.242982900211434,3.7873664008285903
2010-04-01,217.353,220.783,86.07,0.41,3.69,0.97,4.53,0.16,2.43,0.16,16582.71,636.0,470250.0,90.2928,346974.0,72.2,9.9,22.05,2.2861714393279886,1.1592051426555505,1.7452658449103264,4.200672107537207,7.544152197226572,25.940594059405942,0.0,0.0,-0.050000000000000044,-0.11999999999999966,-0.1499999999999999,-0.1899999999999995,2.7199999999999998,3.53,0.8400000000000003,1.4600000000000002,0.8099999999999999,2.82,2.81,0.03,0.09999999999999964,4.460000000000001,2.6199999999999903,-1.3999999999999915,2.0316666666666667,3.53,-0.9550000000000001,0.8099999999999999,3.53,3.093312601892855,0.030913268553538976,2.151336357866529,2.8141231232083674,-1.377942862886472,-0.4464787676623838,1.3494526888039982,1.8236717759594345,1.4798373886199645,1.7876130957932945,1.7452658449103264,0.10557252348297741,-3.1328157006863644,-3.234227293078318,0.13,0.12,0.15,0.18,9.8,9.9,9.8,8.7,2.8673305587494666,3.2035591207563074,3.4239368686316447,3.597312260588446
2010-05-01,217.403,220.822,74.0,0.34,3.31,0.76,4.22,0.16,2.1,0.2,16743.162,687.0,469000.0,90.5991,349869.0,73.6,9.9,32.07,2.2067707525304403,0.9675088932173947,2.91359502911801,5.4282103558062955,7.876715496588282,43.72384937238494,0.0,-0.06999999999999995,-0.20999999999999996,-0.33000000000000007,-0.3799999999999999,-0.3100000000000005,2.55,3.15,0.9099999999999997,1.34,0.6,2.7199999999999998,2.8,0.04000000000000001,0.0,10.02,-12.069999999999993,1.3999999999999915,1.8150000000000002,3.15,-0.9750000000000001,0.56,3.11,3.4679210137050633,-0.1510958254572133,2.2861714393279886,2.6211113889767157,-0.22396829420033848,-0.5763244243767063,1.1592051426555505,1.5123351706495702,1.7127331771131127,1.93232662192393,1.7452658449103264,1.7452658449103264,0.10557252348297741,-3.9788374053187248,0.16,0.11,0.12,0.15,9.9,9.8,10.0,9.0,3.093312601892855,2.970414465569701,3.1990811975400213,3.3645333972905638
2010-06-01,217.29,220.962,75.59,0.32,2.97,0.61,3.91,0.18,1.79,0.2,16743.162,583.0,459400.0,91.823,346858.0,76.0,9.6,34.54,2.003548929218568,0.9401381427474931,2.91359502911801,7.942609605426321,6.069214797055755,7.962962962962972,0.01999999999999999,-0.020000000000000018,-0.15000000000000002,-0.31000000000000005,-0.33999999999999986,-0.3099999999999996,2.3600000000000003,2.79,0.94,1.1800000000000002,0.43,2.55,2.82,0.0,-0.3000000000000007,2.469999999999999,1.5900000000000034,2.4000000000000057,1.6300000000000001,2.79,-0.9650000000000002,0.41,2.77,3.5421180727185324,0.02125890609991564,2.2067707525304403,2.151336357866529,1.9145871744709275,-1.015761495855172,0.9675088932173947,1.3494526888039982,1.714243571010421,1.8461309413034588,2.91359502911801,1.7452658449103264,0.10557252348297741,-3.9788374053187248,0.2,0.13,0.12,0.18,9.9,9.8,9.9,9.4,3.4679210137050633,2.8673305587494666,3.0763901765714454,3.2714682749873716
2010-07-01,217.199,221.194,78.85,0.29,2.94,0.55,3.98,0.15,1.6,0.18,16743.162,536.0,460500.0,91.9928,346516.0,67.8,9.4,23.5,1.1215605940686268,0.9501989849939774,2.91359502911801,8.551328146848402,4.300974935811963,-8.37606837606838,-0.03,-0.030000000000000027,-0.05999999999999994,-0.18999999999999995,-0.03000000000000025,0.06999999999999984,2.3899999999999997,2.79,1.04,1.05,0.4,2.3600000000000003,2.7199999999999998,-0.020000000000000018,-0.1999999999999993,-11.04,3.259999999999991,-8.200000000000003,1.585,2.79,-0.9949999999999999,0.37000000000000005,2.76,3.1570004211501135,0.042223314104961884,2.003548929218568,2.2861714393279886,2.8141231232083674,-1.2291746182109153,0.9401381427474931,1.1592051426555505,1.8236717759594345,1.7119726678550107,2.91359502911801,1.7452658449103264,0.10557252348297741,-3.9788374053187248,0.2,0.16,0.12,0.21,9.6,9.9,9.9,9.5,3.5421180727185324,3.093312601892855,3.2035591207563074,3.255014871484074
2010-08-01,217.605,221.363,71.93,0.25,2.47,0.47,3.52,0.14,1.33,0.18,16872.266,546.0,459200.0,92.3421,347612.0,68.9,9.4,26.05,1.3407784804821077,0.9577539302116689,3.344209253779229,7.747013804699288,4.178379836365265,-8.080808080808078,-0.009999999999999981,-0.03999999999999998,-0.08000000000000007,-0.27,-0.46999999999999975,-0.45999999999999996,2.0,2.33,1.0499999999999998,0.8600000000000001,0.32999999999999996,2.3899999999999997,2.55,0.0,0.0,2.5500000000000007,-6.9199999999999875,1.1000000000000085,1.3633333333333333,2.33,-0.8350000000000002,0.29,2.29,3.260017768199376,-0.09185388952978239,1.1215605940686268,2.2067707525304403,2.6211113889767157,-1.9587610037622771,0.9501989849939774,0.9675088932173947,1.5123351706495702,1.5270992984974363,2.91359502911801,2.91359502911801,1.7452658449103264,-3.1328157006863644,0.18,0.2,0.11,0.16,9.4,9.9,9.8,9.5,3.1570004211501135,3.4679210137050633,2.970414465569701,3.25848107946056
2010-09-01,217.923,221.509,79.95,0.27,2.53,0.42,3.69,0.16,1.27,0.19,16872.266,599.0,475000.0,92.6805,349188.0,68.2,9.5,23.7,1.1501775395112546,0.9171009950067255,3.344209253779229,6.968742858593813,2.8275606179288815,2.2184300341296925,0.01999999999999999,0.020000000000000018,-0.04999999999999999,-0.06000000000000005,0.05999999999999961,0.16999999999999993,2.11,2.3699999999999997,1.1600000000000001,0.8500000000000001,0.26,2.0,2.3600000000000003,0.010000000000000009,0.09999999999999964,-2.3500000000000014,8.019999999999996,-0.7000000000000028,1.39,2.3699999999999997,-0.925,0.22999999999999998,2.34,3.1654750481410856,0.10570801540069824,1.3407784804821077,2.003548929218568,2.151336357866529,-1.4838355663267633,0.9577539302116689,0.9401381427474931,1.3494526888039982,1.4339650543224725,3.344209253779229,2.91359502911801,1.7452658449103264,-3.1328157006863644,0.18,0.2,0.13,0.16,9.4,9.6,9.8,9.6,3.260017768199376,3.5421180727185324,2.8673305587494666,3.242982900211434
2010-10-01,218.275,221.711,81.45,0.22,2.63,0.34,3.99,0.12,1.17,0.19,16872.266,594.0,453500.0,92.9537,352179.0,67.7,9.5,21.2,1.1183122472331775,0.8143870498363182,3.344209253779229,6.346682104150392,6.399132321041212,1.538461538461533,-0.04000000000000001,-0.05000000000000002,-0.07999999999999996,-0.10000000000000009,0.10000000000000009,0.30000000000000027,2.29,2.51,1.3600000000000003,0.8299999999999998,0.22000000000000003,2.11,2.3899999999999997,0.0,0.0,-2.5,1.5,-0.5,1.4116666666666664,2.51,-1.035,0.15000000000000002,2.44,3.054001181677967,0.018587895768090983,1.1501775395112546,1.1215605940686268,2.2861714393279886,-1.377942862886472,0.9171009950067255,0.9501989849939774,1.1592051426555505,1.4798373886199645,3.344209253779229,2.91359502911801,1.7452658449103264,-3.1328157006863644,0.19,0.18,0.16,0.15,9.5,9.4,9.9,9.8,3.1654750481410856,3.1570004211501135,3.093312601892855,3.4239368686316447
2010-11-01,219.035,221.83,84.12,0.27,2.81,0.45,4.12,0.17,1.47,0.19,16960.864,543.0,446800.0,92.6903,356215.0,71.6,9.4,23.54,1.1666951489314625,0.6027183550187942,2.7759609093124693,5.760258506490601,6.461543059519714,1.6853932584269593,0.05000000000000002,0.05000000000000002,0.10999999999999999,0.30000000000000004,0.18000000000000016,0.1299999999999999,2.36,2.64,1.31,1.02,0.28,2.29,2.0,0.0,-0.09999999999999964,2.34,2.6700000000000017,3.8999999999999915,1.5483333333333331,2.64,-1.04,0.26,2.62,3.1587011018321305,0.03225501578644488,1.1183122472331775,1.3407784804821077,2.2067707525304403,-0.22396829420033848,0.8143870498363182,0.9577539302116689,0.9675088932173947,1.7127331771131127,3.344209253779229,3.344209253779229,2.91359502911801,0.10557252348297741,0.19,0.18,0.2,0.12,9.5,9.4,9.9,10.0,3.054001181677967,3.260017768199376,3.4679210137050633,3.1990811975400213
2010-12-01,219.59,222.149,91.38,0.29,3.3,0.61,4.34,0.12,2.01,0.19,16960.864,545.0,426250.0,92.7709,359450.0,74.5,9.8,17.75,1.084544776600338,0.672056411046551,2.7759609093124693,5.39500875348351,6.560220087098045,-7.31292517006803,-0.05000000000000002,0.019999999999999962,0.15999999999999998,0.5399999999999998,0.48999999999999977,0.21999999999999975,2.69,3.1799999999999997,1.04,1.4,0.49,2.36,2.11,0.0,0.40000000000000036,-5.789999999999999,7.259999999999991,2.9000000000000057,1.7783333333333333,3.1799999999999997,-1.1,0.42,3.11,2.8763855159214247,0.08278228530062633,1.1666951489314625,1.1501775395112546,2.003548929218568,1.9145871744709275,0.6027183550187942,0.9171009950067255,0.9401381427474931,1.714243571010421,2.7759609093124693,3.344209253779229,2.91359502911801,0.10557252348297741,0.19,0.19,0.2,0.12,9.4,9.5,9.6,9.9,3.1587011018321305,3.1654750481410856,3.5421180727185324,3.0763901765714454
2011-01-01,220.472,222.343,90.99,0.26,3.42,0.58,4.58,0.15,1.95,0.18,16960.864,539.0,420250.0,93.6787,361979.0,74.2,9.3,19.53,1.437793022217937,0.6618948664665503,2.7759609093124693,5.996200467756596,6.861685796608574,-7.2289156626506035,0.03,-0.02999999999999997,-0.030000000000000027,-0.05999999999999983,0.1200000000000001,0.2400000000000002,2.84,3.27,1.1600000000000001,1.37,0.42999999999999994,2.69,2.29,-0.010000000000000009,-0.5,1.7800000000000011,-0.39000000000000057,-0.29999999999999716,1.8233333333333333,3.27,-1.205,0.39999999999999997,3.2399999999999998,2.9719517448885875,-0.0042770257665259714,1.084544776600338,1.1183122472331775,1.1215605940686268,2.8141231232083674,0.672056411046551,0.8143870498363182,0.9501989849939774,1.8236717759594345,2.7759609093124693,3.344209253779229,2.91359502911801,0.10557252348297741,0.19,0.19,0.18,0.12,9.8,9.5,9.4,9.9,2.8763855159214247,3.054001181677967,3.1570004211501135,3.2035591207563074
2011-02-01,221.187,222.803,97.1,0.25,3.42,0.69,4.49,0.15,2.13,0.17,16920.632,630.0,426800.0,93.4814,364394.0,77.5,9.1,18.35,1.7007834915029774,0.9835337415527112,2.037797199613345,4.632504538708293,7.461374903050189,2.6058631921824116,0.0,-0.010000000000000009,0.10999999999999999,0.17999999999999994,0.0,-0.08999999999999986,2.73,3.27,1.0700000000000003,1.44,0.5399999999999999,2.84,2.36,-0.009999999999999981,-0.20000000000000107,-1.1799999999999997,6.109999999999999,3.299999999999997,1.8549999999999998,3.27,-1.095,0.5199999999999999,3.25,2.9096295745005794,0.06499176492867971,1.437793022217937,1.1666951489314625,1.3407784804821077,2.6211113889767157,0.6618948664665503,0.6027183550187942,0.9577539302116689,1.5123351706495702,2.7759609093124693,2.7759609093124693,3.344209253779229,1.7452658449103264,0.18,0.19,0.18,0.11,9.3,9.4,9.4,9.8,2.9719517448885875,3.1587011018321305,3.260017768199376,2.970414465569701
2011-03-01,221.898,223.213,106.19,0.3,3.47,0.8,4.51,0.09,2.24,0.16,16920.632,517.0,401500.0,93.1102,367475.0,67.5,9.0,17.74,2.124898173333145,1.124445592146106,2.037797199613345,3.827364378514675,8.214559161316926,-14.403973509933776,-0.06,0.04999999999999999,0.1100000000000001,0.11000000000000032,0.050000000000000266,0.019999999999999574,2.67,3.3800000000000003,1.0399999999999996,1.4400000000000002,0.7100000000000001,2.73,2.69,-0.010000000000000009,-0.09999999999999964,-0.610000000000003,9.090000000000003,-10.0,1.9016666666666666,3.3800000000000003,-0.98,0.64,3.31,2.8758219768814333,0.08948856711847503,1.7007834915029774,1.084544776600338,1.1501775395112546,2.151336357866529,0.9835337415527112,0.672056411046551,0.9171009950067255,1.3494526888039982,2.037797199613345,2.7759609093124693,3.344209253779229,1.7452658449103264,0.17,0.19,0.19,0.13,9.1,9.8,9.5,9.8,2.9096295745005794,2.8763855159214247,3.1654750481410856,2.8673305587494666
2011-04-01,223.046,223.454,113.39,0.22,3.32,0.61,4.4,0.04,1.97,0.14,16920.632,600.0,406000.0,94.0788,370775.0,69.8,9.0,14.75,2.619241510354109,1.2097851736773357,2.037797199613345,4.193025357503588,6.859591784975239,-5.660377358490565,-0.049999999999999996,-0.07999999999999999,-0.19000000000000006,-0.27000000000000024,-0.15000000000000036,-0.10999999999999943,2.71,3.28,1.0800000000000005,1.3599999999999999,0.57,2.67,2.84,-0.01999999999999999,0.0,-2.9899999999999984,7.200000000000003,2.299999999999997,1.76,3.28,-1.0699999999999998,0.47,3.1799999999999997,2.691243082785829,0.06560326156799423,2.124898173333145,1.437793022217937,1.1183122472331775,2.2861714393279886,1.124445592146106,0.6618948664665503,0.8143870498363182,1.1592051426555505,2.037797199613345,2.7759609093124693,3.344209253779229,1.7452658449103264,0.16,0.18,0.19,0.16,9.0,9.3,9.5,9.9,2.8758219768814333,2.9719517448885875,3.054001181677967,3.093312601892855
2011-05-01,224.093,223.727,102.7,0.18,3.05,0.45,4.22,0.06,1.68,0.1,17035.114,554.0,420600.0,93.7749,372820.0,74.3,9.1,15.45,3.0772344447868694,1.3155392125784537,1.7437088645501975,3.505332834432129,6.55988384223809,-19.359534206695784,0.019999999999999997,-0.04000000000000001,-0.15999999999999998,-0.29000000000000004,-0.27,-0.1800000000000006,2.5999999999999996,2.9899999999999998,1.17,1.23,0.39,2.71,2.73,-0.04000000000000001,0.09999999999999964,0.6999999999999993,-10.689999999999998,4.5,1.6066666666666667,2.9899999999999998,-1.105,0.35,2.9499999999999997,2.7376090033437546,-0.09902108704923586,2.619241510354109,1.7007834915029774,1.1666951489314625,2.2067707525304403,1.2097851736773357,0.9835337415527112,0.6027183550187942,0.9675088932173947,2.037797199613345,2.037797199613345,2.7759609093124693,2.91359502911801,0.14,0.17,0.19,0.2,9.0,9.1,9.4,9.9,2.691243082785829,2.9096295745005794,3.1587011018321305,3.4679210137050633
2011-06-01,224.806,224.175,95.3,0.19,3.18,0.45,4.38,0.03,1.76,0.09,17035.114,561.0,422500.0,93.888,372505.0,71.5,9.0,16.52,3.4589718808964998,1.4540961794335727,1.7437088645501975,2.248891889831528,7.394092106856398,-3.7735849056603765,-0.03,0.010000000000000009,0.0,0.08000000000000007,0.13000000000000034,0.16000000000000014,2.73,3.1500000000000004,1.1999999999999997,1.31,0.42000000000000004,2.5999999999999996,2.67,-0.010000000000000009,-0.09999999999999964,1.0700000000000003,-7.400000000000006,-2.799999999999997,1.665,3.1500000000000004,-1.155,0.36,3.0900000000000003,2.804571768092832,-0.07478230627435613,3.0772344447868694,2.124898173333145,1.084544776600338,2.003548929218568,1.3155392125784537,1.124445592146106,0.672056411046551,0.9401381427474931,1.7437088645501975,2.037797199613345,2.7759609093124693,2.91359502911801,0.1,0.16,0.19,0.2,9.1,9.0,9.8,9.6,2.7376090033437546,2.8758219768814333,2.8763855159214247,3.5421180727185324
2011-07-01,224.806,224.697,95.68,0.2,2.82,0.36,4.12,0.1,1.35,0.09,17035.114,608.0,418250.0,94.172,375587.0,63.7,9.1,25.25,3.5023181506360412,1.5836776766096738,1.7437088645501975,2.3688810428642126,8.38951159542416,13.432835820895516,0.07,0.010000000000000009,-0.09000000000000002,-0.4099999999999999,-0.3600000000000003,-0.2599999999999998,2.46,2.7199999999999998,1.3000000000000003,0.9900000000000001,0.26,2.73,2.71,0.0,0.09999999999999964,8.73,0.38000000000000966,-7.799999999999997,1.4916666666666665,2.7199999999999998,-1.1,0.27,2.73,3.228826155721369,0.003979479542165238,3.4589718808964998,2.619241510354109,1.437793022217937,1.1215605940686268,1.4540961794335727,1.2097851736773357,0.6618948664665503,0.9501989849939774,1.7437088645501975,2.037797199613345,2.7759609093124693,2.91359502911801,0.09,0.14,0.18,0.18,9.0,9.0,9.3,9.4,2.804571768092832,2.691243082785829,2.9719517448885875,3.1570004211501135
2011-08-01,225.395,225.218,88.81,0.1,2.23,0.2,3.6,0.02,0.96,0.07,17031.313,623.0,412600.0,94.636,375442.0,55.8,9.0,31.62,3.5798809769996165,1.741483445742964,0.9426534645672335,2.484132372991299,8.006052725452516,14.102564102564097,-0.08,-0.1,-0.15999999999999998,-0.3900000000000001,-0.5899999999999999,-0.52,2.03,2.21,1.37,0.76,0.18000000000000002,2.46,2.5999999999999996,-0.01999999999999999,-0.09999999999999964,6.370000000000001,-6.8700000000000045,-7.900000000000006,1.1849999999999998,2.21,-0.925,0.13,2.16,3.453789831781326,-0.07451003393190887,3.5023181506360412,3.0772344447868694,1.7007834915029774,1.3407784804821077,1.5836776766096738,1.3155392125784537,0.9835337415527112,0.9577539302116689,1.7437088645501975,1.7437088645501975,2.037797199613345,3.344209253779229,0.09,0.1,0.17,0.18,9.1,9.1,9.1,9.4,3.228826155721369,2.7376090033437546,2.9096295745005794,3.260017768199376
2011-09-01,226.106,225.862,78.93,0.13,1.92,0.25,2.9,0.02,0.96,0.1,17031.313,585.0,409500.0,95.2749,375860.0,59.5,9.0,42.96,3.75499603070808,1.9651571719433658,0.9426534645672335,2.7992943499441703,7.63829226663002,-2.3372287145242088,0.0,0.03,0.04999999999999999,0.0,-0.31000000000000005,-0.7000000000000002,1.67,1.9,0.98,0.71,0.23,2.03,2.73,0.03,0.0,11.34,-9.879999999999995,3.700000000000003,1.03,1.9,-0.72,0.15,1.8199999999999998,3.7602694502006093,-0.11793787255010163,3.5798809769996165,3.4589718808964998,2.124898173333145,1.1501775395112546,1.741483445742964,1.4540961794335727,1.124445592146106,0.9171009950067255,0.9426534645672335,1.7437088645501975,2.037797199613345,3.344209253779229,0.07,0.09,0.16,0.19,9.0,9.0,9.0,9.5,3.453789831781326,2.804571768092832,2.8758219768814333,3.1654750481410856
2011-10-01,226.597,226.118,93.19,0.12,2.17,0.25,3.16,0.01,0.99,0.08,17031.313,650.0,417750.0,95.1961,380042.0,60.8,9.0,29.96,3.812621692818685,1.9877227562006272,0.9426534645672335,2.4123837996766095,7.9116017706904795,9.427609427609429,-0.01,-0.010000000000000009,0.0,0.030000000000000027,0.25,0.26000000000000023,1.92,2.16,0.9900000000000002,0.74,0.24,1.67,2.46,-0.020000000000000004,0.0,-13.0,14.259999999999991,1.2999999999999972,1.1166666666666667,2.16,-0.8399999999999999,0.16999999999999998,2.09,3.3998631586490187,0.16607903607725302,3.75499603070808,3.5023181506360412,2.619241510354109,1.1183122472331775,1.9651571719433658,1.5836776766096738,1.2097851736773357,0.8143870498363182,0.9426534645672335,1.7437088645501975,2.037797199613345,3.344209253779229,0.1,0.09,0.14,0.19,9.0,9.1,9.0,9.5,3.7602694502006093,3.228826155721369,2.691243082785829,3.054001181677967
2011-11-01,226.75,226.506,100.36,0.12,2.08,0.25,3.06,0.01,0.96,0.07,17222.583,610.0,402400.0,95.8568,382207.0,63.7,8.8,27.8,3.5222681306640524,2.1079204796465634,1.543075871606514,3.4162150732061747,7.296716870429365,12.338858195211788,0.0,0.0,0.0,-0.030000000000000027,-0.08999999999999986,-0.10000000000000009,1.83,2.0700000000000003,0.98,0.71,0.24,1.92,2.03,-0.009999999999999995,-0.1999999999999993,-2.16,7.170000000000002,2.9000000000000057,1.08,2.0700000000000003,-0.7949999999999999,0.18,2.0100000000000002,3.3250360206965914,0.07412330170065748,3.812621692818685,3.5798809769996165,3.0772344447868694,1.1666951489314625,1.9877227562006272,1.741483445742964,1.3155392125784537,0.6027183550187942,0.9426534645672335,0.9426534645672335,1.7437088645501975,2.7759609093124693,0.08,0.07,0.1,0.19,9.0,9.0,9.1,9.4,3.3998631586490187,3.453789831781326,2.7376090033437546,3.1587011018321305
2011-12-01,227.169,226.899,98.83,0.12,1.89,0.25,2.89,0.02,0.83,0.08,17222.583,711.0,389250.0,95.8485,383422.0,69.9,8.6,23.4,3.451432214581729,2.138204538395394,1.543075871606514,3.3174195787687877,6.669077757685349,30.458715596330265,0.01,0.0,0.0,-0.13,-0.19000000000000017,-0.16999999999999993,1.64,1.8699999999999999,1.0000000000000002,0.58,0.23,1.83,1.67,0.009999999999999995,-0.20000000000000107,-4.400000000000002,-1.5300000000000011,6.200000000000003,1.0,1.8699999999999999,-0.705,0.16999999999999998,1.8099999999999998,3.152736022363656,-0.015362519110128975,3.5222681306640524,3.75499603070808,3.4589718808964998,1.084544776600338,2.1079204796465634,1.9651571719433658,1.4540961794335727,0.672056411046551,1.543075871606514,0.9426534645672335,1.7437088645501975,2.7759609093124693,0.07,0.1,0.09,0.19,8.8,9.0,9.0,9.8,3.3250360206965914,3.7602694502006093,2.804571768092832,2.8763855159214247
2012-01-01,227.223,227.405,98.46,0.13,1.83,0.22,2.94,0.06,0.71,0.07,17222.583,694.0,377000.0,96.3571,383985.0,75.0,8.5,19.44,3.062066838419386,2.276662633858506,1.543075871606514,2.859134467066693,6.079358194812401,28.7569573283859,0.039999999999999994,0.010000000000000009,-0.03,-0.12,-0.05999999999999983,0.04999999999999982,1.61,1.77,1.1099999999999999,0.49,0.16,1.64,1.92,-0.009999999999999995,-0.09999999999999964,-3.9599999999999973,-0.37000000000000455,5.099999999999994,0.9816666666666668,1.77,-0.7250000000000001,0.15,1.76,2.967332799032293,-0.003750828058038018,3.451432214581729,3.812621692818685,3.5023181506360412,1.437793022217937,2.138204538395394,1.9877227562006272,1.5836776766096738,0.6618948664665503,1.543075871606514,0.9426534645672335,1.7437088645501975,2.7759609093124693,0.08,0.08,0.09,0.18,8.6,9.0,9.1,9.3,3.152736022363656,3.3998631586490187,3.228826155721369,2.9719517448885875
2012-02-01,227.842,227.877,107.08,0.18,1.98,0.3,3.08,0.08,0.87,0.08,17367.01,723.0,377750.0,96.9318,387531.0,75.3,8.3,18.43,3.0087663379855023,2.2773481506083826,2.6380693108862374,3.6910016324102957,6.349445929406072,14.761904761904754,0.020000000000000004,0.04999999999999999,0.07999999999999999,0.16000000000000003,0.1499999999999999,0.14000000000000012,1.68,1.9,1.1,0.5700000000000001,0.21999999999999997,1.61,1.83,0.009999999999999995,-0.1999999999999993,-1.0100000000000016,8.620000000000005,0.29999999999999716,1.0816666666666668,1.9,-0.73,0.21999999999999997,1.9,2.9139797716817317,0.0839258443220972,3.062066838419386,3.5222681306640524,3.5798809769996165,1.7007834915029774,2.276662633858506,2.1079204796465634,1.741483445742964,0.9835337415527112,1.543075871606514,1.543075871606514,0.9426534645672335,2.037797199613345,0.07,0.07,0.07,0.17,8.5,8.8,9.0,9.1,2.967332799032293,3.3250360206965914,3.453789831781326,2.9096295745005794
2012-03-01,228.329,228.034,103.03,0.19,2.23,0.33,3.35,0.07,1.04,0.1,17367.01,704.0,363250.0,97.2435,392310.0,76.2,8.3,15.5,2.8981784423473878,2.1598204405657295,2.6380693108862374,4.439148449901298,6.758282876386157,36.170212765957444,-0.009999999999999995,0.010000000000000009,0.030000000000000027,0.17000000000000004,0.25,0.27,1.9,2.16,1.12,0.71,0.26,1.68,1.64,0.020000000000000004,0.0,-2.9299999999999997,-4.049999999999997,0.9000000000000057,1.2016666666666669,2.16,-0.8199999999999998,0.23,2.13,2.740840023925201,-0.038556010695175086,3.0087663379855023,3.451432214581729,3.75499603070808,2.124898173333145,2.2773481506083826,2.138204538395394,1.9651571719433658,1.124445592146106,2.6380693108862374,1.543075871606514,0.9426534645672335,2.037797199613345,0.08,0.08,0.1,0.16,8.3,8.6,9.0,9.0,2.9139797716817317,3.152736022363656,3.7602694502006093,2.8758219768814333
2012-04-01,228.807,228.478,104.89,0.2,1.95,0.27,3.12,0.1,0.82,0.13,17367.01,695.0,366600.0,96.74,393698.0,76.4,8.2,17.15,2.5828752813320977,2.2483374654291177,2.6380693108862374,2.8286925428470555,6.182455667183606,15.833333333333343,0.03,0.010000000000000009,-0.06,-0.22000000000000008,-0.28,-0.22999999999999998,1.68,1.8499999999999999,1.1700000000000002,0.5499999999999999,0.17,1.9,1.61,0.03,-0.10000000000000142,1.6499999999999986,1.8599999999999994,0.20000000000000284,1.0766666666666667,1.8499999999999999,-0.7549999999999999,0.14,1.8199999999999998,2.8419981736119486,0.017891974016535882,2.8981784423473878,3.062066838419386,3.812621692818685,2.619241510354109,2.1598204405657295,2.276662633858506,1.9877227562006272,1.2097851736773357,2.6380693108862374,1.543075871606514,0.9426534645672335,2.037797199613345,0.1,0.07,0.08,0.14,8.3,8.5,9.0,9.0,2.740840023925201,2.967332799032293,3.3998631586490187,2.691243082785829
2012-05-01,229.187,228.905,86.52,0.18,1.59,0.27,2.67,0.07,0.67,0.14,17444.525,753.0,381750.0,97.4359,392073.0,79.3,8.2,24.06,2.2731633741348567,2.314427851801515,2.403335839137921,3.9040297563633697,5.164154283568467,35.92057761732852,-0.03,-0.020000000000000018,0.0,-0.1499999999999999,-0.3599999999999999,-0.4500000000000002,1.32,1.52,1.0799999999999998,0.4,0.2,1.68,1.68,0.010000000000000009,0.0,6.91,-18.370000000000005,2.8999999999999915,0.9083333333333333,1.52,-0.56,0.13,1.4500000000000002,3.180550710546533,-0.1925365808886546,2.5828752813320977,3.0087663379855023,3.5222681306640524,3.0772344447868694,2.2483374654291177,2.2773481506083826,2.1079204796465634,1.3155392125784537,2.6380693108862374,2.6380693108862374,1.543075871606514,1.7437088645501975,0.13,0.08,0.07,0.1,8.2,8.3,8.8,9.1,2.8419981736119486,2.9139797716817317,3.3250360206965914,2.7376090033437546
2012-06-01,228.713,229.224,85.04,0.21,1.67,0.33,2.76,0.09,0.72,0.16,17444.525,708.0,373500.0,97.6609,391376.0,73.2,8.2,17.08,1.7379429374660749,2.252258280361308,2.403335839137921,4.0185114178595605,5.065972268828611,26.203208556149725,0.01999999999999999,0.03,0.06,0.04999999999999993,0.07999999999999985,0.08999999999999986,1.3399999999999999,1.5799999999999998,1.0899999999999999,0.38999999999999996,0.24000000000000002,1.32,1.9,0.01999999999999999,0.0,-6.98,-1.4799999999999898,-6.099999999999994,0.9633333333333333,1.5799999999999998,-0.55,0.17,1.51,2.837908188360424,-0.01725386705116537,2.2731633741348567,2.8981784423473878,3.451432214581729,3.4589718808964998,2.314427851801515,2.1598204405657295,2.138204538395394,1.4540961794335727,2.403335839137921,2.6380693108862374,1.543075871606514,1.7437088645501975,0.14,0.1,0.08,0.09,8.2,8.3,8.6,9.0,3.180550710546533,2.740840023925201,3.152736022363656,2.804571768092832
2012-07-01,228.524,229.623,88.08,0.16,1.51,0.23,2.56,0.11,0.6,0.16,17444.525,757.0,379200.0,97.6663,387901.0,72.3,8.2,18.93,1.653870448297634,2.192285611289857,2.403335839137921,3.7105509068513065,3.278601229542022,24.50657894736843,0.020000000000000004,-0.04999999999999999,-0.1,-0.12,-0.15999999999999992,-0.19999999999999973,1.28,1.4,1.05,0.37,0.12000000000000001,1.3399999999999999,1.68,0.0,0.0,1.8500000000000014,3.039999999999992,-0.9000000000000057,0.8616666666666667,1.4,-0.5800000000000001,0.07,1.35,2.9407479652212314,0.035123758380731944,1.7379429374660749,2.5828752813320977,3.062066838419386,3.5023181506360412,2.252258280361308,2.2483374654291177,2.276662633858506,1.5836776766096738,2.403335839137921,2.6380693108862374,1.543075871606514,1.7437088645501975,0.16,0.13,0.07,0.09,8.2,8.2,8.5,9.1,2.837908188360424,2.8419981736119486,2.967332799032293,3.228826155721369
2012-08-01,228.59,229.97,96.47,0.16,1.57,0.22,2.68,0.09,0.59,0.16,17469.65,740.0,372500.0,97.8713,389686.0,74.3,8.2,17.47,1.4175114798464783,2.109955687378462,2.5737123144880414,3.418677881567289,3.7939282232675176,18.780096308186202,-0.020000000000000004,0.0,-0.010000000000000009,-0.010000000000000009,0.06000000000000005,0.1200000000000001,1.35,1.48,1.11,0.37,0.13,1.28,1.32,0.0,0.0,-1.4600000000000009,8.39,2.0,0.8850000000000001,1.48,-0.6100000000000001,0.06,1.4100000000000001,2.8604851241459652,0.09098658676803777,1.653870448297634,2.2731633741348567,3.0087663379855023,3.5798809769996165,2.192285611289857,2.314427851801515,2.2773481506083826,1.741483445742964,2.403335839137921,2.403335839137921,2.6380693108862374,0.9426534645672335,0.16,0.14,0.08,0.07,8.2,8.2,8.3,9.0,2.9407479652212314,3.180550710546533,2.9139797716817317,3.453789831781326
2012-09-01,229.918,230.233,92.18,0.17,1.65,0.23,2.82,0.1,0.62,0.13,17469.65,754.0,373250.0,97.4525,394524.0,78.3,8.1,15.73,1.6859349154821235,1.9352524993137443,2.5737123144880414,2.285596731143258,4.965678710158028,28.888888888888896,0.010000000000000009,0.010000000000000009,0.010000000000000009,0.030000000000000027,0.07999999999999985,0.13999999999999968,1.42,1.5499999999999998,1.17,0.39,0.13,1.35,1.3399999999999999,-0.03,-0.09999999999999964,-1.7399999999999984,-4.289999999999992,4.0,0.9316666666666666,1.5499999999999998,-0.645,0.1,1.52,2.7555697170701863,-0.0454888918900999,1.4175114798464783,1.7379429374660749,2.8981784423473878,3.75499603070808,2.109955687378462,2.252258280361308,2.1598204405657295,1.9651571719433658,2.5737123144880414,2.403335839137921,2.6380693108862374,0.9426534645672335,0.16,0.16,0.1,0.1,8.2,8.2,8.3,9.0,2.8604851241459652,2.837908188360424,2.740840023925201,3.7602694502006093
2012-10-01,231.015,230.659,86.23,0.18,1.72,0.3,2.85,0.11,0.72,0.14,17469.65,847.0,381800.0,97.381,397681.0,82.6,7.8,18.6,1.9497168982819613,2.0082434834909124,2.5737123144880414,2.2951570495009843,4.641329116255566,30.307692307692303,0.009999999999999995,0.009999999999999981,0.06999999999999998,0.09999999999999998,0.07000000000000006,0.03000000000000025,1.42,1.6099999999999999,1.1300000000000001,0.42,0.19,1.42,1.28,0.010000000000000009,-0.2999999999999998,2.870000000000001,-5.950000000000003,4.299999999999997,0.9800000000000001,1.6099999999999999,-0.615,0.15999999999999998,1.58,2.9231615807191558,-0.06672504232812916,1.6859349154821235,1.653870448297634,2.5828752813320977,3.812621692818685,1.9352524993137443,2.192285611289857,2.2483374654291177,1.9877227562006272,2.5737123144880414,2.403335839137921,2.6380693108862374,0.9426534645672335,0.13,0.16,0.13,0.08,8.1,8.2,8.2,9.0,2.7555697170701863,2.9407479652212314,2.8419981736119486,3.3998631586490187
2012-11-01,231.638,231.024,88.54,0.18,1.62,0.25,2.81,0.08,0.61,0.16,17489.852,915.0,368500.0,97.7193,397494.0,82.7,7.8,15.87,2.1556780595369363,1.9946491483669337,1.551852007332477,1.9430024786973865,3.9996651029416075,50.0,-0.03,0.0,-0.04999999999999999,-0.10999999999999999,-0.09999999999999987,-0.040000000000000036,1.37,1.54,1.19,0.36,0.16999999999999998,1.42,1.35,0.01999999999999999,0.0,-2.730000000000002,2.3100000000000023,0.10000000000000853,0.9250000000000002,1.54,-0.6000000000000001,0.09,1.4600000000000002,2.7644305345383176,0.02643628233976187,1.9497168982819613,1.4175114798464783,2.2731633741348567,3.5222681306640524,2.0082434834909124,2.109955687378462,2.314427851801515,2.1079204796465634,2.5737123144880414,2.5737123144880414,2.403335839137921,1.543075871606514,0.14,0.16,0.14,0.07,7.8,8.2,8.2,8.8,2.9231615807191558,2.8604851241459652,3.180550710546533,3.3250360206965914
2012-12-01,231.249,231.33,91.83,0.16,1.78,0.25,2.95,0.05,0.72,0.16,17489.852,833.0,401250.0,98.0777,399708.0,72.9,7.7,18.02,1.7960197033926262,1.9528512686261434,1.551852007332477,2.3257536633332743,4.247539264830924,17.15893108298172,-0.03,-0.01999999999999999,0.0,0.10999999999999999,0.15999999999999992,0.14000000000000012,1.53,1.73,1.1700000000000002,0.47,0.2,1.37,1.42,0.0,-0.09999999999999964,2.1500000000000004,3.289999999999992,-9.799999999999997,0.985,1.73,-0.665,0.09,1.62,2.8914822521801917,0.0364846143214357,2.1556780595369363,1.6859349154821235,1.7379429374660749,3.451432214581729,1.9946491483669337,1.9352524993137443,2.252258280361308,2.138204538395394,1.551852007332477,2.5737123144880414,2.403335839137921,1.543075871606514,0.16,0.13,0.16,0.08,7.8,8.1,8.2,8.6,2.7644305345383176,2.7555697170701863,2.837908188360424,3.152736022363656
2013-01-01,231.221,231.725,97.65,0.15,2.02,0.27,3.17,0.07,0.88,0.16,17489.852,976.0,359000.0,98.3101,401093.0,73.8,7.9,14.28,1.7595049796895523,1.8996943778720743,1.551852007332477,2.0268355938483085,4.455382371707217,40.63400576368876,0.020000000000000004,-0.010000000000000009,0.020000000000000018,0.16000000000000003,0.24,0.21999999999999975,1.75,1.95,1.15,0.61,0.2,1.53,1.42,0.0,0.20000000000000018,-3.74,5.820000000000007,0.8999999999999915,1.0933333333333335,1.95,-0.7749999999999999,0.11000000000000001,1.86,2.658859956911438,0.06145061569725722,1.7960197033926262,1.9497168982819613,1.653870448297634,3.062066838419386,1.9528512686261434,2.0082434834909124,2.192285611289857,2.276662633858506,1.551852007332477,2.5737123144880414,2.403335839137921,1.543075871606514,0.16,0.14,0.16,0.07,7.7,7.8,8.2,8.5,2.8914822521801917,2.9231615807191558,2.9407479652212314,2.967332799032293
2013-02-01,231.679,232.229,92.03,0.17,1.89,0.25,3.1,0.11,0.77,0.14,17662.4,888.0,353000.0,98.3342,404434.0,77.6,8.0,15.51,1.684061762098299,1.9098022178631435,1.700868485709428,1.4467904237824847,4.361715578882719,22.821576763485485,0.039999999999999994,0.020000000000000018,-0.020000000000000018,-0.10999999999999999,-0.13000000000000012,-0.06999999999999984,1.64,1.7799999999999998,1.2100000000000002,0.52,0.14,1.75,1.37,-0.01999999999999999,0.09999999999999964,1.2300000000000004,-5.6200000000000045,3.799999999999997,1.0483333333333333,1.7799999999999998,-0.75,0.10999999999999999,1.75,2.7414849771884473,-0.05927504647192249,1.7595049796895523,2.1556780595369363,1.4175114798464783,3.0087663379855023,1.8996943778720743,1.9946491483669337,2.109955687378462,2.2773481506083826,1.551852007332477,1.551852007332477,2.5737123144880414,2.6380693108862374,0.16,0.16,0.16,0.08,7.9,7.8,8.2,8.3,2.658859956911438,2.7644305345383176,2.8604851241459652,2.9139797716817317
2013-03-01,232.937,232.569,97.24,0.14,1.87,0.25,3.1,0.07,0.77,0.15,17662.4,962.0,353000.0,98.7941,409118.0,78.6,7.7,12.7,2.0181404902574807,1.9887385214485631,1.700868485709428,1.5945538776370727,4.284366954704177,36.64772727272727,-0.039999999999999994,-0.03,0.0,0.0,-0.019999999999999796,0.0,1.62,1.8,1.23,0.52,0.18,1.64,1.53,0.009999999999999981,-0.2999999999999998,-2.8100000000000005,5.209999999999994,1.0,1.0333333333333334,1.8,-0.7200000000000001,0.1,1.7200000000000002,2.5416019934645457,0.05506753859715704,1.684061762098299,1.7960197033926262,1.6859349154821235,2.8981784423473878,1.9098022178631435,1.9528512686261434,1.9352524993137443,2.1598204405657295,1.700868485709428,1.551852007332477,2.5737123144880414,2.6380693108862374,0.14,0.16,0.13,0.1,8.0,7.7,8.1,8.3,2.7414849771884473,2.8914822521801917,2.7555697170701863,2.740840023925201
2013-04-01,232.282,232.794,93.22,0.11,1.7,0.22,2.88,0.05,0.68,0.14,17662.4,1010.0,351800.0,99.1921,406223.0,76.4,7.5,13.52,1.5187472411246183,1.8890221377988237,1.700868485709428,2.534732272069462,3.181372524117476,45.32374100719425,-0.020000000000000004,-0.030000000000000013,-0.03,-0.08999999999999997,-0.17000000000000015,-0.2200000000000002,1.48,1.65,1.18,0.4600000000000001,0.16999999999999998,1.62,1.75,-0.009999999999999981,-0.20000000000000018,0.8200000000000003,-4.019999999999996,-2.1999999999999886,0.94,1.65,-0.655,0.07999999999999999,1.56,2.604170070614818,-0.04221985850332772,2.0181404902574807,1.7595049796895523,1.9497168982819613,2.5828752813320977,1.9887385214485631,1.8996943778720743,2.0082434834909124,2.2483374654291177,1.700868485709428,1.551852007332477,2.5737123144880414,2.6380693108862374,0.15,0.16,0.14,0.13,7.7,7.9,7.8,8.2,2.5416019934645457,2.658859956911438,2.9231615807191558,2.8419981736119486
2013-05-01,231.797,232.832,91.93,0.14,2.16,0.3,3.3,0.04,1.05,0.15,17709.671,835.0,347250.0,99.1065,404231.0,84.5,7.6,16.3,1.138808047576867,1.715558856294086,1.5199382041070075,1.7145631127746475,3.1009531388287437,10.889774236387773,-0.010000000000000002,0.030000000000000013,0.07999999999999999,0.37,0.4600000000000002,0.41999999999999993,1.86,2.12,1.1399999999999997,0.75,0.26,1.48,1.64,0.009999999999999981,0.09999999999999964,2.780000000000001,-1.289999999999992,8.099999999999994,1.165,2.12,-0.8,0.15,2.0100000000000002,2.791165107812717,-0.01393487306893156,1.5187472411246183,1.684061762098299,2.1556780595369363,2.2731633741348567,1.8890221377988237,1.9098022178631435,1.9946491483669337,2.314427851801515,1.700868485709428,1.700868485709428,1.551852007332477,2.403335839137921,0.14,0.14,0.16,0.14,7.5,8.0,7.8,8.2,2.604170070614818,2.7414849771884473,2.7644305345383176,3.180550710546533
2013-06-01,231.893,232.996,96.36,0.15,2.52,0.36,3.52,0.04,1.41,0.11,17709.671,930.0,347750.0,99.1839,406677.0,84.1,7.5,16.86,1.3903888279197085,1.6455519491850756,1.5199382041070075,1.5594777439077445,3.909539675401663,31.355932203389834,0.0,0.009999999999999981,0.06,0.3599999999999999,0.3599999999999999,0.2200000000000002,2.16,2.48,1.0,1.0499999999999998,0.32,1.86,1.62,-0.039999999999999994,-0.09999999999999964,0.5599999999999987,4.429999999999993,-0.4000000000000057,1.3333333333333333,2.48,-0.92,0.25,2.41,2.8249439525737094,0.04706375987100725,1.138808047576867,2.0181404902574807,1.7960197033926262,1.7379429374660749,1.715558856294086,1.9887385214485631,1.9528512686261434,2.252258280361308,1.5199382041070075,1.700868485709428,1.551852007332477,2.403335839137921,0.15,0.15,0.16,0.16,7.6,7.7,7.7,8.2,2.791165107812717,2.5416019934645457,2.8914822521801917,2.837908188360424
2013-07-01,232.445,233.35,105.1,0.11,2.6,0.31,3.64,0.04,1.38,0.09,17709.671,839.0,344600.0,99.3897,407921.0,85.1,7.5,13.45,1.7157935271568725,1.6230952474272975,1.5199382041070075,1.7645800035426706,5.161110695770321,10.832232496697491,0.0,-0.039999999999999994,-0.04999999999999999,-0.030000000000000027,0.08000000000000007,0.1200000000000001,2.29,2.56,1.04,1.0699999999999998,0.27,2.16,1.48,-0.020000000000000004,0.0,-3.41,8.739999999999995,1.0,1.3466666666666667,2.56,-1.01,0.22,2.5100000000000002,2.598979106047848,0.08682110013623481,1.3903888279197085,1.5187472411246183,1.7595049796895523,1.653870448297634,1.6455519491850756,1.8890221377988237,1.8996943778720743,2.192285611289857,1.5199382041070075,1.700868485709428,1.551852007332477,2.403335839137921,0.11,0.14,0.16,0.16,7.5,7.5,7.9,8.2,2.8249439525737094,2.604170070614818,2.658859956911438,2.9407479652212314
2013-08-01,232.9,233.88,107.98,0.13,2.78,0.39,3.7,0.03,1.62,0.09,17860.45,880.0,346000.0,99.0814,410268.0,82.1,7.3,17.01,1.885471805415806,1.7002217680567089,2.237022493295515,1.2364196654177428,5.281688333684054,18.918918918918926,-0.010000000000000002,0.020000000000000004,0.08000000000000002,0.2400000000000002,0.17999999999999972,0.06000000000000005,2.3899999999999997,2.75,0.9200000000000004,1.23,0.36,2.29,1.86,0.0,-0.20000000000000018,3.5600000000000023,2.8800000000000097,-3.0,1.4416666666666664,2.75,-1.0149999999999997,0.30000000000000004,2.69,2.8338014064077703,0.02703374690723548,1.7157935271568725,1.138808047576867,1.684061762098299,1.4175114798464783,1.6230952474272975,1.715558856294086,1.9098022178631435,2.109955687378462,1.5199382041070075,1.5199382041070075,1.700868485709428,2.5737123144880414,0.09,0.15,0.14,0.16,7.5,7.6,8.0,8.2,2.598979106047848,2.791165107812717,2.7414849771884473,2.8604851241459652
2013-09-01,233.456,234.336,102.36,0.1,2.64,0.33,3.69,0.02,1.39,0.08,17860.45,917.0,333400.0,99.6543,409691.0,77.5,7.2,16.6,1.538809488600279,1.782107690904433,2.237022493295515,2.2593571227008002,3.844379556123334,21.618037135278524,-0.009999999999999998,-0.03,-0.06,-0.2300000000000002,-0.13999999999999968,-0.010000000000000231,2.31,2.62,1.0499999999999998,1.0599999999999998,0.31,2.3899999999999997,2.16,-0.009999999999999995,-0.09999999999999964,-0.41000000000000014,-5.6200000000000045,-4.599999999999994,1.3616666666666666,2.62,-1.0,0.25,2.56,2.8094026953624978,-0.05345001349855288,1.885471805415806,1.3903888279197085,2.0181404902574807,1.6859349154821235,1.7002217680567089,1.6455519491850756,1.9887385214485631,1.9352524993137443,2.237022493295515,1.5199382041070075,1.700868485709428,2.5737123144880414,0.09,0.11,0.15,0.13,7.3,7.5,7.7,8.1,2.8338014064077703,2.8249439525737094,2.5416019934645457,2.7555697170701863
2013-10-01,233.544,234.7,96.29,0.1,2.57,0.31,3.63,0.04,1.31,0.08,17860.45,850.0,314000.0,100.161,410044.0,73.2,7.2,13.75,1.0947341081747997,1.7519368418314363,2.237022493295515,2.854766330187619,3.108773112117502,0.35419126328217754,0.02,0.0,-0.020000000000000018,-0.07999999999999985,-0.07000000000000028,-0.06000000000000005,2.26,2.53,1.06,1.0,0.27,2.31,2.29,0.0,0.0,-2.8500000000000014,-6.069999999999993,-4.299999999999997,1.3266666666666667,2.53,-0.9949999999999999,0.22999999999999998,2.4899999999999998,2.6210388241125804,-0.06113154003939537,1.538809488600279,1.7157935271568725,1.5187472411246183,1.9497168982819613,1.782107690904433,1.6230952474272975,1.8890221377988237,2.0082434834909124,2.237022493295515,1.5199382041070075,1.700868485709428,2.5737123144880414,0.08,0.09,0.14,0.14,7.2,7.5,7.5,7.8,2.8094026953624978,2.598979106047848,2.604170070614818,2.9231615807191558
2013-11-01,233.669,234.921,92.55,0.13,2.75,0.28,3.82,0.06,1.37,0.09,18016.147,925.0,358500.0,100.082,411399.0,75.1,7.2,13.7,0.8767991434911471,1.686837731144819,3.0091449601746367,2.4178437626957816,3.498166010052972,1.0928961748633892,0.019999999999999997,0.03,-0.02999999999999997,0.06000000000000005,0.18000000000000016,0.18999999999999995,2.4699999999999998,2.69,1.0699999999999998,1.09,0.22000000000000003,2.26,2.3899999999999997,0.009999999999999995,0.0,-0.05000000000000071,-3.740000000000009,1.8999999999999915,1.4016666666666666,2.69,-1.125,0.19000000000000003,2.66,2.617395832834079,-0.039615432232686106,1.0947341081747997,1.885471805415806,1.138808047576867,2.1556780595369363,1.7519368418314363,1.7002217680567089,1.715558856294086,1.9946491483669337,2.237022493295515,2.237022493295515,1.5199382041070075,1.551852007332477,0.08,0.09,0.15,0.16,7.2,7.3,7.6,7.8,2.6210388241125804,2.8338014064077703,2.791165107812717,2.7644305345383176
2013-12-01,234.1,235.359,98.17,0.13,3.04,0.38,3.96,0.07,1.75,0.08,18016.147,1100.0,328200.0,100.3158,412561.0,82.5,6.9,13.72,1.2328701961954458,1.7416677473738762,3.0091449601746367,2.281966236973343,3.2155973860918508,32.052821128451384,0.010000000000000009,0.0,0.09999999999999998,0.3799999999999999,0.29000000000000004,0.14000000000000012,2.66,2.97,0.9199999999999999,1.37,0.31,2.4699999999999998,2.31,-0.009999999999999995,-0.2999999999999998,0.02000000000000135,5.6200000000000045,7.400000000000006,1.555,2.97,-1.1749999999999998,0.3,2.96,2.6188546222977394,0.05895163068492351,0.8767991434911471,1.538809488600279,1.3903888279197085,1.7960197033926262,1.686837731144819,1.782107690904433,1.6455519491850756,1.9528512686261434,3.0091449601746367,2.237022493295515,1.5199382041070075,1.551852007332477,0.09,0.08,0.11,0.16,7.2,7.2,7.5,7.7,2.617395832834079,2.8094026953624978,2.8249439525737094,2.8914822521801917
2014-01-01,234.719,235.759,97.55,0.1,2.67,0.34,3.61,0.02,1.49,0.09,18016.147,1002.0,346000.0,100.5175,414812.0,81.2,6.7,18.41,1.5128383667573297,1.7408566188369834,3.0091449601746367,2.245344069429267,3.4204037467619797,2.6639344262294973,-0.05,-0.03,-0.03999999999999998,-0.26,-0.3700000000000001,-0.3500000000000001,2.33,2.65,0.94,1.15,0.32,2.66,2.26,0.009999999999999995,-0.20000000000000018,4.6899999999999995,-0.6200000000000045,-1.2999999999999972,1.3716666666666668,2.65,-1.005,0.25,2.58,2.9128939952449864,-0.006335602635309847,1.2328701961954458,1.0947341081747997,1.7157935271568725,1.7595049796895523,1.7416677473738762,1.7519368418314363,1.6230952474272975,1.8996943778720743,3.0091449601746367,2.237022493295515,1.5199382041070075,1.551852007332477,0.08,0.08,0.09,0.16,6.9,7.2,7.5,7.9,2.6188546222977394,2.6210388241125804,2.598979106047848,2.658859956911438
2014-02-01,235.288,235.961,102.88,0.12,2.66,0.33,3.59,0.05,1.51,0.07,17953.974,888.0,326750.0,100.1599,411561.0,81.6,6.6,14.0,1.557758795574915,1.6070344358370292,1.6508175559380112,1.8566277042981971,1.7622158374419605,0.0,0.030000000000000002,0.01999999999999999,-0.010000000000000009,0.020000000000000018,-0.009999999999999787,-0.020000000000000018,2.33,2.6100000000000003,0.9299999999999997,1.18,0.28,2.33,2.4699999999999998,-0.01999999999999999,-0.10000000000000053,-4.41,5.329999999999998,0.3999999999999915,1.3766666666666667,2.6100000000000003,-1.025,0.26,2.5900000000000003,2.6390573296152584,0.05319819342018908,1.5128383667573297,0.8767991434911471,1.885471805415806,1.684061762098299,1.7408566188369834,1.686837731144819,1.7002217680567089,1.9098022178631435,3.0091449601746367,3.0091449601746367,2.237022493295515,1.700868485709428,0.09,0.09,0.09,0.14,6.7,7.2,7.3,8.0,2.9128939952449864,2.617395832834079,2.8338014064077703,2.7414849771884473
2014-03-01,235.547,236.185,101.57,0.13,2.73,0.44,3.56,0.05,1.73,0.07,17953.974,944.0,335250.0,100.9168,416736.0,80.0,6.7,13.88,1.1204746347724948,1.5548073904948723,1.6508175559380112,2.148610089064018,1.8620544683929818,-1.8711018711018657,0.0,0.010000000000000009,0.10999999999999999,0.21999999999999997,0.06999999999999984,-0.029999999999999805,2.29,2.68,0.8300000000000001,1.29,0.39,2.33,2.66,0.0,0.10000000000000053,-0.11999999999999922,-1.3100000000000023,-1.5999999999999943,1.4400000000000002,2.68,-0.95,0.37,2.66,2.6304489550786583,-0.012815044537899488,1.557758795574915,1.2328701961954458,1.538809488600279,2.0181404902574807,1.6070344358370292,1.7416677473738762,1.782107690904433,1.9887385214485631,1.6508175559380112,3.0091449601746367,2.237022493295515,1.700868485709428,0.07,0.08,0.08,0.15,6.6,6.9,7.2,7.7,2.6390573296152584,2.6188546222977394,2.8094026953624978,2.5416019934645457
2014-04-01,236.028,236.625,100.07,0.11,2.67,0.42,3.47,0.03,1.69,0.08,17953.974,970.0,321000.0,101.8942,421230.0,84.1,6.7,13.41,1.6126949139408042,1.6456609706435588,1.6508175559380112,2.724108069090181,3.6942762965169296,-3.960396039603964,-0.020000000000000004,-0.020000000000000004,-0.020000000000000018,-0.040000000000000036,-0.06000000000000005,-0.08999999999999986,2.25,2.64,0.8000000000000003,1.27,0.39,2.29,2.33,0.009999999999999995,0.0,-0.47000000000000064,-1.5,4.099999999999994,1.3983333333333334,2.64,-0.9299999999999999,0.33999999999999997,2.59,2.596000697293587,-0.014878274849045074,1.1204746347724948,1.5128383667573297,1.0947341081747997,1.5187472411246183,1.5548073904948723,1.7408566188369834,1.7519368418314363,1.8890221377988237,1.6508175559380112,3.0091449601746367,2.237022493295515,1.700868485709428,0.07,0.09,0.08,0.14,6.7,6.7,7.2,7.5,2.6304489550786583,2.9128939952449864,2.6210388241125804,2.604170070614818
2014-05-01,236.468,237.072,103.4,0.1,2.48,0.37,3.33,0.04,1.54,0.09,18185.911,1043.0,322750.0,101.9928,425546.0,81.9,6.2,11.4,2.015125303606169,1.8210555250137483,2.6891521587272926,2.9123215934373725,5.272975105818212,24.910179640718553,0.010000000000000002,-0.009999999999999995,-0.04999999999999999,-0.1499999999999999,-0.18999999999999995,-0.14000000000000012,2.11,2.44,0.8500000000000001,1.17,0.33,2.25,2.33,0.009999999999999995,-0.5,-2.01,3.3300000000000125,-2.1999999999999886,1.3099999999999998,2.44,-0.89,0.28,2.39,2.4336133554004498,0.03273502097196427,1.6126949139408042,1.557758795574915,0.8767991434911471,1.138808047576867,1.6456609706435588,1.6070344358370292,1.686837731144819,1.715558856294086,1.6508175559380112,1.6508175559380112,3.0091449601746367,1.5199382041070075,0.08,0.07,0.09,0.15,6.7,6.6,7.2,7.6,2.596000697293587,2.6390573296152584,2.617395832834079,2.791165107812717
2014-06-01,236.918,237.529,106.07,0.11,2.53,0.47,3.34,0.04,1.62,0.09,18185.911,1007.0,313800.0,102.3836,426253.0,82.5,6.3,11.57,2.166947687079812,1.9455269618362525,2.6891521587272926,3.226027611336124,4.813648177792196,8.279569892473116,0.0,0.009999999999999995,0.09999999999999998,0.08000000000000007,0.04999999999999982,0.009999999999999787,2.0599999999999996,2.4899999999999998,0.81,1.1500000000000001,0.43,2.11,2.29,0.0,0.09999999999999964,0.16999999999999993,2.6699999999999875,0.5999999999999943,1.3516666666666666,2.4899999999999998,-0.815,0.38,2.44,2.448415541205585,0.025494291443049887,2.015125303606169,1.1204746347724948,1.2328701961954458,1.3903888279197085,1.8210555250137483,1.5548073904948723,1.7416677473738762,1.6455519491850756,2.6891521587272926,1.6508175559380112,3.0091449601746367,1.5199382041070075,0.09,0.07,0.08,0.11,6.2,6.7,6.9,7.5,2.4336133554004498,2.6304489550786583,2.6188546222977394,2.8249439525737094
2014-07-01,237.231,237.837,98.23,0.12,2.58,0.53,3.32,0.03,1.76,0.1,18185.911,911.0,313500.0,102.735,427305.0,81.8,6.1,16.95,2.0589816945944195,1.9228626526676562,2.6891521587272926,3.365841732090935,4.751900490536154,8.58164481525625,-0.010000000000000002,0.009999999999999995,0.06000000000000005,0.1399999999999999,0.050000000000000266,-0.020000000000000018,2.05,2.5500000000000003,0.7399999999999998,1.23,0.5,2.0599999999999996,2.25,0.010000000000000009,-0.20000000000000018,5.379999999999999,-7.839999999999989,-0.7000000000000028,1.39,2.5500000000000003,-0.7749999999999999,0.43000000000000005,2.48,2.830267833826459,-0.07678758583060058,2.166947687079812,1.6126949139408042,1.5128383667573297,1.7157935271568725,1.9455269618362525,1.6456609706435588,1.7408566188369834,1.6230952474272975,2.6891521587272926,1.6508175559380112,3.0091449601746367,1.5199382041070075,0.09,0.08,0.09,0.09,6.3,6.7,6.7,7.5,2.448415541205585,2.596000697293587,2.9128939952449864,2.598979106047848
2014-08-01,237.498,238.195,97.86,0.09,2.35,0.48,3.09,0.03,1.63,0.09,18406.941,1085.0,301750.0,102.9632,428079.0,82.5,6.2,11.98,1.9742378703305974,1.8449632290063356,3.059782928201682,3.9177888079901857,4.341308608031813,23.29545454545454,0.0,-0.03,-0.050000000000000044,-0.13000000000000012,-0.22999999999999998,-0.22999999999999998,1.87,2.3200000000000003,0.7399999999999998,1.15,0.44999999999999996,2.05,2.11,-0.010000000000000009,0.10000000000000053,-4.969999999999999,-0.37000000000000455,0.7000000000000028,1.2783333333333333,2.3200000000000003,-0.71,0.39,2.2600000000000002,2.4832385926873033,-0.003773781825800751,2.0589816945944195,2.015125303606169,1.557758795574915,1.885471805415806,1.9228626526676562,1.8210555250137483,1.6070344358370292,1.7002217680567089,2.6891521587272926,2.6891521587272926,1.6508175559380112,2.237022493295515,0.1,0.09,0.07,0.09,6.1,6.2,6.6,7.3,2.830267833826459,2.4336133554004498,2.6390573296152584,2.8338014064077703
2014-09-01,237.46,238.405,91.17,0.13,2.52,0.58,3.21,0.02,1.78,0.09,18406.941,984.0,302000.0,102.7688,431379.0,84.6,6.1,16.31,1.7150983482969062,1.73639560289498,3.059782928201682,3.1253041765382905,5.293745774254255,7.306434023991271,-0.009999999999999998,0.04000000000000001,0.09999999999999998,0.15000000000000013,0.16999999999999993,0.1200000000000001,1.94,2.5,0.69,1.2000000000000002,0.5599999999999999,1.87,2.0599999999999996,0.0,-0.10000000000000053,4.329999999999998,-6.689999999999998,2.0999999999999943,1.373333333333333,2.5,-0.6900000000000001,0.49,2.43,2.7917784166329223,-0.07081199026416606,1.9742378703305974,2.166947687079812,1.1204746347724948,1.538809488600279,1.8449632290063356,1.9455269618362525,1.5548073904948723,1.782107690904433,3.059782928201682,2.6891521587272926,1.6508175559380112,2.237022493295515,0.09,0.09,0.07,0.08,6.2,6.3,6.7,7.2,2.4832385926873033,2.448415541205585,2.6304489550786583,2.8094026953624978
2014-10-01,237.477,238.786,80.53,0.11,2.35,0.5,3.07,0.01,1.62,0.09,18406.941,1023.0,295000.0,103.0641,430189.0,86.9,5.9,14.03,1.6840509711232077,1.7409458883681284,3.059782928201682,2.89843352202952,4.912887397450039,20.352941176470594,-0.01,-0.020000000000000004,-0.07999999999999996,-0.15999999999999992,-0.16999999999999993,-0.14000000000000012,1.85,2.3400000000000003,0.7199999999999998,1.12,0.49,1.94,2.05,0.0,-0.1999999999999993,-2.2799999999999994,-10.64,2.3000000000000114,1.2766666666666666,2.3400000000000003,-0.6799999999999999,0.41000000000000003,2.2600000000000002,2.6411978941143697,-0.12409610978935784,1.7150983482969062,2.0589816945944195,1.6126949139408042,1.0947341081747997,1.73639560289498,1.9228626526676562,1.6456609706435588,1.7519368418314363,3.059782928201682,2.6891521587272926,1.6508175559380112,2.237022493295515,0.09,0.1,0.08,0.08,6.1,6.1,6.7,7.2,2.7917784166329223,2.830267833826459,2.596000697293587,2.6210388241125804
2014-11-01,237.43,239.191,65.94,0.13,2.18,0.47,2.89,0.02,1.49,0.09,18500.031,1074.0,288750.0,103.0764,431903.0,88.8,5.7,13.33,1.6095417021513292,1.817632310436279,2.6858351011456394,2.9919466037849007,4.98396933390699,16.108108108108098,0.01,0.020000000000000004,-0.030000000000000027,-0.13000000000000012,-0.16999999999999993,-0.17999999999999972,1.7100000000000002,2.16,0.71,1.02,0.44999999999999996,1.85,1.87,0.0,-0.20000000000000018,-0.6999999999999993,-14.590000000000003,1.8999999999999915,1.1966666666666665,2.16,-0.6300000000000001,0.38,2.0900000000000003,2.5900171341906173,-0.19988454816386864,1.6840509711232077,1.9742378703305974,2.015125303606169,0.8767991434911471,1.7409458883681284,1.8449632290063356,1.8210555250137483,1.686837731144819,3.059782928201682,3.059782928201682,2.6891521587272926,3.0091449601746367,0.09,0.09,0.09,0.09,5.9,6.2,6.2,7.2,2.6411978941143697,2.4832385926873033,2.4336133554004498,2.617395832834079
2014-12-01,236.983,239.458,53.45,0.25,2.17,0.67,2.75,0.04,1.65,0.09,18500.031,1001.0,291600.0,103.7126,433113.0,93.6,5.8,19.2,1.231524989320798,1.7415947552462452,2.6858351011456394,3.3861066751199598,4.981566362307643,-8.999999999999996,0.02,0.12,0.20000000000000007,0.15999999999999992,-0.010000000000000231,-0.14000000000000012,1.5,2.13,0.5800000000000001,0.9799999999999999,0.63,1.7100000000000002,1.94,0.0,0.09999999999999964,5.869999999999999,-12.489999999999995,4.799999999999997,1.255,2.13,-0.43499999999999994,0.5800000000000001,2.08,2.954910279033736,-0.2099986001725306,1.6095417021513292,1.7150983482969062,2.166947687079812,1.2328701961954458,1.817632310436279,1.73639560289498,1.9455269618362525,1.7416677473738762,2.6858351011456394,3.059782928201682,2.6891521587272926,3.0091449601746367,0.09,0.09,0.09,0.08,5.7,6.1,6.3,6.9,2.5900171341906173,2.7917784166329223,2.448415541205585,2.6188546222977394
2015-01-01,236.252,239.584,47.79,0.18,1.68,0.47,2.25,0.02,1.18,0.12,18500.031,1073.0,284500.0,103.7044,430110.0,98.1,5.6,20.97,0.6531213919623191,1.6224195046636636,2.6858351011456394,3.170492700276073,3.687935739563941,7.085828343313372,-0.02,-0.07,-0.20000000000000007,-0.47,-0.49,-0.5,1.21,1.66,0.5700000000000001,0.71,0.44999999999999996,1.5,1.85,0.03,-0.20000000000000018,1.7699999999999996,-5.660000000000004,4.5,0.9633333333333333,1.66,-0.38,0.35,1.56,3.0430928449138284,-0.11193022488098742,1.231524989320798,1.6840509711232077,2.0589816945944195,1.5128383667573297,1.7415947552462452,1.7409458883681284,1.9228626526676562,1.7408566188369834,2.6858351011456394,3.059782928201682,2.6891521587272926,3.0091449601746367,0.09,0.09,0.1,0.09,5.8,5.9,6.1,6.7,2.954910279033736,2.6411978941143697,2.830267833826459,2.9128939952449864
2015-02-01,234.747,239.811,49.84,0.22,2.0,0.63,2.6,0.02,1.5,0.11,18666.621,1085.0,287600.0,102.8905,428208.0,95.4,5.7,13.34,-0.22993097820542818,1.631625565241701,3.9692994988184793,2.7262407410550527,4.0448438992032765,22.184684684684687,0.0,0.04000000000000001,0.16000000000000003,0.32000000000000006,0.32000000000000006,0.3500000000000001,1.37,1.98,0.6000000000000001,0.87,0.61,1.21,1.7100000000000002,-0.009999999999999995,0.10000000000000053,-7.629999999999999,2.0500000000000043,-2.6999999999999886,1.1616666666666668,1.98,-0.38,0.52,1.89,2.590767040487478,0.04200146188913093,0.6531213919623191,1.6095417021513292,1.9742378703305974,1.557758795574915,1.6224195046636636,1.817632310436279,1.8449632290063356,1.6070344358370292,2.6858351011456394,2.6858351011456394,3.059782928201682,1.6508175559380112,0.12,0.09,0.09,0.07,5.6,5.7,6.2,6.6,3.0430928449138284,2.5900171341906173,2.4832385926873033,2.6390573296152584
2015-03-01,235.342,240.172,47.72,0.26,1.94,0.56,2.54,0.03,1.37,0.11,18666.621,886.0,301250.0,102.2335,427119.0,93.0,5.5,15.29,-0.08703146293520536,1.6880834938713285,3.9692994988184793,1.30473816054415,2.4915054134991843,-6.144067796610164,0.009999999999999998,0.04000000000000001,-0.06999999999999995,-0.1299999999999999,-0.06000000000000005,-0.06000000000000005,1.38,1.91,0.6000000000000001,0.81,0.53,1.37,1.5,0.0,-0.20000000000000018,1.9499999999999993,-2.1200000000000045,-2.4000000000000057,1.1166666666666667,1.91,-0.42499999999999993,0.45000000000000007,1.8299999999999998,2.727199019940971,-0.04346727724948241,-0.22993097820542818,1.231524989320798,1.7150983482969062,1.1204746347724948,1.631625565241701,1.7415947552462452,1.73639560289498,1.5548073904948723,3.9692994988184793,2.6858351011456394,3.059782928201682,1.6508175559380112,0.11,0.09,0.09,0.07,5.7,5.8,6.1,6.7,2.590767040487478,2.954910279033736,2.7917784166329223,2.6304489550786583
2015-04-01,235.976,240.755,59.62,0.24,2.05,0.58,2.75,0.01,1.43,0.11,18666.621,960.0,284000.0,101.8914,433647.0,95.9,5.4,14.55,-0.022031284423873476,1.7453777073428434,3.9692994988184793,-0.0027479483621140055,2.9477957410440903,-1.0309278350515427,-0.019999999999999997,-0.020000000000000018,0.019999999999999907,0.05999999999999983,0.10999999999999988,0.20999999999999996,1.4699999999999998,2.04,0.7000000000000002,0.85,0.57,1.38,1.21,0.0,-0.09999999999999964,-0.7399999999999984,11.899999999999999,2.9000000000000057,1.1766666666666665,2.04,-0.44999999999999984,0.47,1.9399999999999997,2.6775909936175015,0.22264049102020997,-0.08703146293520536,0.6531213919623191,1.6840509711232077,1.6126949139408042,1.6880834938713285,1.6224195046636636,1.7409458883681284,1.6456609706435588,3.9692994988184793,2.6858351011456394,3.059782928201682,1.6508175559380112,0.11,0.12,0.09,0.08,5.5,5.6,5.9,6.7,2.727199019940971,3.0430928449138284,2.6411978941143697,2.596000697293587
2015-05-01,236.222,241.346,60.25,0.26,2.12,0.61,2.88,0.01,1.49,0.12,18782.243,1190.0,286000.0,101.3355,434470.0,90.7,5.4,13.84,-0.10403098939391064,1.802827832894649,3.2790878609270546,-0.6444572558062966,2.0970705869635786,14.093959731543615,0.0,0.020000000000000018,0.030000000000000027,0.06000000000000005,0.07000000000000028,0.1299999999999999,1.5100000000000002,2.1100000000000003,0.7599999999999998,0.88,0.6,1.4699999999999998,1.37,0.009999999999999995,0.0,-0.7100000000000009,0.6300000000000026,-5.200000000000003,1.2283333333333333,2.1100000000000003,-0.45499999999999996,0.49,2.0,2.6275629501895237,0.010511484120839139,-0.022031284423873476,-0.22993097820542818,1.6095417021513292,2.015125303606169,1.7453777073428434,1.631625565241701,1.817632310436279,1.8210555250137483,3.9692994988184793,3.9692994988184793,2.6858351011456394,2.6891521587272926,0.11,0.11,0.09,0.09,5.4,5.7,5.7,6.2,2.6775909936175015,2.590767040487478,2.5900171341906173,2.4336133554004498
2015-06-01,237.001,241.688,59.48,0.28,2.35,0.64,3.11,0.01,1.63,0.12,18782.243,1079.0,274000.0,100.8883,437865.0,96.1,5.6,18.23,0.03503321824429584,1.7509440952473199,3.2790878609270546,-1.460487812501221,2.724203700619121,7.1499503475670245,0.0,0.020000000000000018,0.030000000000000027,0.1399999999999999,0.22999999999999998,0.22999999999999998,1.71,2.3400000000000003,0.7599999999999998,0.9899999999999999,0.63,1.5100000000000002,1.38,0.0,0.1999999999999993,4.390000000000001,-0.7700000000000031,5.3999999999999915,1.3366666666666667,2.3400000000000003,-0.5399999999999999,0.52,2.23,2.9030685886905716,-0.01286245077881014,-0.10403098939391064,-0.08703146293520536,1.231524989320798,2.166947687079812,1.802827832894649,1.6880834938713285,1.7415947552462452,1.9455269618362525,3.2790878609270546,3.9692994988184793,2.6858351011456394,2.6891521587272926,0.12,0.11,0.09,0.09,5.4,5.5,5.8,6.3,2.6275629501895237,2.727199019940971,2.954910279033736,2.448415541205585
2015-07-01,237.657,242.064,47.11,0.33,2.2,0.67,2.92,0.08,1.54,0.13,18782.243,1205.0,273750.0,100.571,437951.0,93.1,5.3,12.12,0.1795718097550525,1.7772676244655061,3.2790878609270546,-2.106390227283794,2.4914288388855788,32.2722283205269,0.07,0.04999999999999999,0.030000000000000027,-0.08999999999999986,-0.1499999999999999,-0.18999999999999995,1.5300000000000002,2.12,0.7199999999999998,0.87,0.5900000000000001,1.71,1.4699999999999998,0.010000000000000009,-0.2999999999999998,-6.110000000000001,-12.369999999999997,-3.0,1.29,2.12,-0.4700000000000001,0.54,2.0700000000000003,2.4948569806411682,-0.23315482888000458,0.03503321824429584,-0.022031284423873476,0.6531213919623191,2.0589816945944195,1.7509440952473199,1.7453777073428434,1.6224195046636636,1.9228626526676562,3.2790878609270546,3.9692994988184793,2.6858351011456394,2.6891521587272926,0.12,0.11,0.12,0.1,5.6,5.4,5.6,6.1,2.9030685886905716,2.6775909936175015,3.0430928449138284,2.830267833826459
2015-08-01,238.034,242.565,49.2,0.39,2.21,0.74,2.95,0.08,1.54,0.13,18857.418,1146.0,277750.0,101.2228,441942.0,91.9,5.2,28.43,0.22568611104094582,1.8346312894897077,2.4473213664345517,-1.6903126553953207,3.238420945666576,5.622119815668203,0.0,0.06,0.06999999999999995,0.0,0.009999999999999787,0.03000000000000025,1.47,2.13,0.7400000000000002,0.8,0.66,1.5300000000000002,1.5100000000000002,0.0,-0.09999999999999964,16.310000000000002,2.0900000000000034,-1.1999999999999886,1.3183333333333334,2.13,-0.405,0.61,2.08,3.3474449256629084,0.04340833078631275,0.1795718097550525,-0.10403098939391064,-0.22993097820542818,1.9742378703305974,1.7772676244655061,1.802827832894649,1.631625565241701,1.8449632290063356,3.2790878609270546,3.2790878609270546,3.9692994988184793,3.059782928201682,0.13,0.12,0.11,0.09,5.3,5.4,5.7,6.2,2.4948569806411682,2.6275629501895237,2.590767040487478,2.4832385926873033
2015-09-01,238.033,242.817,45.06,0.33,2.06,0.64,2.87,0.0,1.37,0.14,18857.418,1130.0,275200.0,101.0367,441849.0,87.2,5.1,24.5,0.2413037985344868,1.8506323273421277,2.4473213664345517,-1.6854337113987983,2.4271000674580767,14.837398373983746,-0.08,-0.06,-0.09999999999999998,-0.16999999999999993,-0.1499999999999999,-0.08000000000000007,1.42,2.06,0.81,0.7300000000000001,0.64,1.47,1.71,0.010000000000000009,-0.10000000000000053,-3.9299999999999997,-4.140000000000001,-4.700000000000003,1.2116666666666667,2.06,-0.39,0.5,1.92,3.1986731175506815,-0.08789868849416402,0.22568611104094582,0.03503321824429584,-0.08703146293520536,1.7150983482969062,1.8346312894897077,1.7509440952473199,1.6880834938713285,1.73639560289498,2.4473213664345517,3.2790878609270546,3.9692994988184793,3.059782928201682,0.13,0.12,0.11,0.09,5.2,5.6,5.5,6.1,3.3474449256629084,2.9030685886905716,2.727199019940971,2.7917784166329223
2015-10-01,237.498,243.316,46.6,0.34,2.16,0.75,2.93,0.08,1.52,0.14,18857.418,1224.0,269500.0,100.7547,439867.0,90.0,5.0,15.07,0.008842961634170088,1.8970961446650891,2.4473213664345517,-2.2407414414912674,2.2497088489012995,19.648093841642233,0.08,0.010000000000000009,0.10999999999999999,0.1499999999999999,0.10000000000000009,0.06000000000000005,1.4100000000000001,2.08,0.77,0.77,0.67,1.42,1.5300000000000002,0.0,-0.09999999999999964,-9.43,1.5399999999999991,2.799999999999997,1.2966666666666666,2.08,-0.3700000000000001,0.61,2.02,2.712706012638404,0.03360560612750181,0.2413037985344868,0.1795718097550525,-0.022031284423873476,1.6840509711232077,1.8506323273421277,1.7772676244655061,1.7453777073428434,1.7409458883681284,2.4473213664345517,3.2790878609270546,3.9692994988184793,3.059782928201682,0.14,0.13,0.11,0.09,5.1,5.3,5.4,5.9,3.1986731175506815,2.4948569806411682,2.6775909936175015,2.6411978941143697
2015-11-01,237.733,243.768,40.43,0.51,2.21,0.94,2.98,0.22,1.65,0.12,18892.206,1058.0,267000.0,100.2675,438693.0,91.3,5.0,16.13,0.12761656067050708,1.9135335359607986,2.119861312664817,-2.72506606749946,1.5721122566872747,-1.4897579143389184,0.14,0.16999999999999998,0.18999999999999995,0.1299999999999999,0.04999999999999982,0.04999999999999982,1.27,1.99,0.77,0.71,0.72,1.4100000000000001,1.47,-0.020000000000000018,0.0,1.0599999999999987,-6.170000000000002,1.2999999999999972,1.4183333333333332,1.99,-0.27500000000000013,0.82,2.09,2.7806808921371173,-0.14202845747892065,0.008842961634170088,0.22568611104094582,-0.10403098939391064,1.6095417021513292,1.8970961446650891,1.8346312894897077,1.802827832894649,1.817632310436279,2.4473213664345517,2.4473213664345517,3.2790878609270546,2.6858351011456394,0.14,0.13,0.12,0.09,5.0,5.2,5.4,5.7,2.712706012638404,3.3474449256629084,2.6275629501895237,2.5900171341906173
2015-12-01,238.017,244.241,37.13,0.65,2.27,1.06,3.01,0.16,1.76,0.12,18892.206,1172.0,268500.0,99.5298,440303.0,92.6,5.1,18.21,0.4363182169185187,1.9974275238246353,2.119861312664817,-4.033068306068888,1.660074853444704,17.082917082917092,-0.06,0.14,0.1200000000000001,0.1100000000000001,0.06000000000000005,0.029999999999999805,1.21,2.11,0.7399999999999998,0.7,0.9,1.27,1.42,0.0,0.09999999999999964,2.080000000000002,-3.299999999999997,1.2999999999999972,1.485,2.11,-0.15500000000000003,0.9400000000000001,2.15,2.9019708937395166,-0.08514681546369071,0.12761656067050708,0.2413037985344868,0.03503321824429584,1.231524989320798,1.9135335359607986,1.8506323273421277,1.7509440952473199,1.7415947552462452,2.119861312664817,2.4473213664345517,3.2790878609270546,2.6858351011456394,0.12,0.14,0.12,0.09,5.0,5.1,5.6,5.8,2.7806808921371173,3.1986731175506815,2.9030685886905716,2.954910279033736
2016-01-01,237.761,244.547,33.66,0.47,1.94,0.76,2.75,0.33,1.33,0.24,18892.206,1146.0,271000.0,99.0417,442149.0,92.0,5.0,20.2,0.6387247515364791,2.0715072792840905,2.119861312664817,-4.496144811599123,2.7990514054544224,6.803355079217144,0.17,-0.18000000000000005,-0.30000000000000004,-0.42999999999999994,-0.33000000000000007,-0.2599999999999998,1.18,1.6099999999999999,0.81,0.5700000000000001,0.43,1.21,1.4100000000000001,0.12,-0.09999999999999964,1.9899999999999984,-3.470000000000006,-0.5999999999999943,1.2633333333333334,1.6099999999999999,-0.375,0.52,1.7,3.005682604407159,-0.09811507942632894,0.4363182169185187,0.008842961634170088,0.1795718097550525,0.6531213919623191,1.9974275238246353,1.8970961446650891,1.7772676244655061,1.6224195046636636,2.119861312664817,2.4473213664345517,3.2790878609270546,2.6858351011456394,0.12,0.14,0.13,0.12,5.1,5.0,5.3,5.6,2.9019708937395166,2.712706012638404,2.4948569806411682,3.0430928449138284
2016-02-01,237.652,244.955,32.74,0.62,1.74,0.78,2.61,0.33,1.22,0.34,19001.69,1092.0,279600.0,99.5607,439466.0,91.7,4.8,20.55,1.2375025026943876,2.145022538582464,1.7950168913805964,-3.236256019749162,2.629096140193554,0.6451612903225712,0.0,0.15000000000000002,0.020000000000000018,-0.1100000000000001,-0.19999999999999996,-0.14000000000000012,0.96,1.41,0.8699999999999999,0.43999999999999995,0.45,1.18,1.27,0.10000000000000003,-0.20000000000000018,0.3500000000000014,-0.9199999999999946,-0.29999999999999716,1.2166666666666668,1.41,-0.2549999999999999,0.44,1.4,3.022860940942244,-0.027712616819670962,0.6387247515364791,0.12761656067050708,0.22568611104094582,-0.22993097820542818,2.0715072792840905,1.9135335359607986,1.8346312894897077,1.631625565241701,2.119861312664817,2.119861312664817,2.4473213664345517,3.9692994988184793,0.24,0.12,0.13,0.11,5.0,5.0,5.2,5.7,3.005682604407159,2.7806808921371173,3.3474449256629084,2.590767040487478
2016-03-01,237.336,245.51,36.94,0.59,1.78,0.73,2.61,0.21,1.21,0.38,19001.69,1225.0,266750.0,99.0445,443117.0,91.0,4.9,13.95,0.8472775790126619,2.222573822094165,1.7950168913805964,-3.1193297695960798,3.74556037076319,38.261851015801355,-0.12000000000000002,-0.030000000000000027,-0.050000000000000044,-0.010000000000000009,0.040000000000000036,0.0,1.05,1.57,0.8299999999999998,0.48,0.52,0.96,1.21,0.03999999999999998,0.10000000000000053,-6.600000000000001,4.199999999999996,-0.7000000000000028,1.1883333333333332,1.57,-0.265,0.35,1.4,2.6354795082673745,0.12069740282810486,1.2375025026943876,0.4363182169185187,0.2413037985344868,-0.08703146293520536,2.145022538582464,1.9974275238246353,1.8506323273421277,1.6880834938713285,1.7950168913805964,2.119861312664817,2.4473213664345517,3.9692994988184793,0.34,0.12,0.14,0.11,4.8,5.1,5.1,5.5,3.022860940942244,2.9019708937395166,3.1986731175506815,2.727199019940971
2016-04-01,238.08,245.913,45.98,0.56,1.83,0.77,2.66,0.22,1.28,0.36,19001.69,1111.0,263250.0,98.3096,441856.0,89.0,5.0,15.7,0.8916160965521946,2.142426948557663,1.7950168913805964,-3.515311400177057,1.8930143642178932,15.72916666666666,0.010000000000000009,-0.029999999999999916,0.040000000000000036,0.07000000000000006,0.050000000000000044,0.050000000000000266,1.06,1.61,0.8300000000000001,0.51,0.55,1.05,1.18,-0.020000000000000018,0.09999999999999964,1.75,9.04,-2.0,1.22,1.61,-0.2550000000000001,0.41000000000000003,1.4700000000000002,2.7536607123542622,0.2189115445639416,0.8472775790126619,0.6387247515364791,0.008842961634170088,-0.022031284423873476,2.222573822094165,2.0715072792840905,1.8970961446650891,1.7453777073428434,1.7950168913805964,2.119861312664817,2.4473213664345517,3.9692994988184793,0.38,0.24,0.14,0.11,4.9,5.0,5.0,5.4,2.6354795082673745,3.005682604407159,2.712706012638404,2.6775909936175015
2016-05-01,238.992,246.551,49.1,0.68,1.84,0.87,2.64,0.34,1.37,0.37,19062.709,1163.0,266000.0,98.6421,444254.0,94.7,5.1,14.19,1.1726257503534843,2.156654761214183,1.493250832714721,-2.6579036961380753,2.251939144244708,-2.268907563025213,0.12000000000000002,0.12,0.09999999999999998,0.09000000000000008,0.010000000000000009,-0.020000000000000018,0.9700000000000001,1.5,0.8,0.5000000000000001,0.53,1.06,0.96,0.010000000000000009,0.09999999999999964,-1.5099999999999998,3.1200000000000045,5.700000000000003,1.29,1.5,-0.22000000000000008,0.5,1.4700000000000002,2.6525374911719513,0.06565251546543943,0.8916160965521946,1.2375025026943876,0.12761656067050708,-0.10403098939391064,2.142426948557663,2.145022538582464,1.9135335359607986,1.802827832894649,1.7950168913805964,1.7950168913805964,2.119861312664817,3.2790878609270546,0.36,0.34,0.12,0.12,5.0,4.8,5.0,5.4,2.7536607123542622,3.022860940942244,2.7806808921371173,2.6275629501895237
2016-06-01,239.557,247.137,48.27,0.45,1.49,0.58,2.3,0.26,1.01,0.37,19062.709,1148.0,274500.0,98.4184,445490.0,93.5,4.8,15.63,1.0784764621246223,2.2545595974976074,1.493250832714721,-2.448153056399993,1.7414043141150914,6.394810009267848,-0.08000000000000002,-0.23000000000000004,-0.29000000000000004,-0.3600000000000001,-0.3500000000000001,-0.3400000000000003,0.91,1.23,0.8099999999999998,0.43000000000000005,0.31999999999999995,0.9700000000000001,1.05,0.0,-0.2999999999999998,1.4400000000000013,-0.8299999999999983,-1.2000000000000028,1.015,1.23,-0.29500000000000004,0.20999999999999996,1.12,2.749192144433385,-0.017048785128073354,1.1726257503534843,0.8472775790126619,0.4363182169185187,0.03503321824429584,2.156654761214183,2.222573822094165,1.9974275238246353,1.7509440952473199,1.493250832714721,1.7950168913805964,2.119861312664817,3.2790878609270546,0.37,0.38,0.12,0.12,5.1,4.9,5.1,5.6,2.6525374911719513,2.6354795082673745,2.9019708937395166,2.9030685886905716
2016-07-01,240.222,247.54,41.54,0.5,1.46,0.67,2.18,0.28,1.03,0.38,19062.709,1203.0,265250.0,98.8833,450237.0,90.0,4.9,11.87,1.0792865347959424,2.2622116465067066,1.493250832714721,-1.678117946525337,2.805336670084091,-0.16597510373443924,0.020000000000000018,0.04999999999999999,0.09000000000000008,0.020000000000000018,-0.030000000000000027,-0.11999999999999966,0.7899999999999999,1.18,0.7200000000000002,0.36,0.39,0.91,1.06,0.010000000000000009,0.10000000000000053,-3.7600000000000016,-6.730000000000004,-3.5,1.0200000000000002,1.18,-0.19999999999999996,0.29000000000000004,1.08,2.4740142086215764,-0.15015343122443536,1.0784764621246223,0.8916160965521946,0.6387247515364791,0.1795718097550525,2.2545595974976074,2.142426948557663,2.0715072792840905,1.7772676244655061,1.493250832714721,1.7950168913805964,2.119861312664817,3.2790878609270546,0.37,0.36,0.24,0.13,4.8,5.0,5.0,5.3,2.749192144433385,2.7536607123542622,3.005682604407159,2.4948569806411682
2016-08-01,240.101,247.829,44.68,0.61,1.58,0.8,2.23,0.33,1.19,0.39,19197.938,1239.0,259400.0,98.9992,449789.0,89.8,4.8,13.42,0.8683633430518256,2.1701399624842965,1.8057615310855146,-2.196738284260069,1.7755723601739604,8.115183246073299,0.04999999999999999,0.10999999999999999,0.13,0.15999999999999992,0.1200000000000001,0.04999999999999982,0.78,1.25,0.6499999999999999,0.3899999999999999,0.47000000000000003,0.7899999999999999,0.9700000000000001,0.010000000000000009,-0.10000000000000053,1.5500000000000007,3.1400000000000006,-0.20000000000000284,1.1233333333333333,1.25,-0.15500000000000003,0.41000000000000003,1.19,2.5967461315435356,0.07286915575303383,1.0792865347959424,1.1726257503534843,1.2375025026943876,0.22568611104094582,2.2622116465067066,2.156654761214183,2.145022538582464,1.8346312894897077,1.493250832714721,1.493250832714721,1.7950168913805964,2.4473213664345517,0.38,0.37,0.34,0.13,4.9,5.1,4.8,5.2,2.4740142086215764,2.6525374911719513,3.022860940942244,3.3474449256629084
2016-09-01,240.545,248.423,47.72,0.59,1.6,0.77,2.32,0.29,1.14,0.4,19197.938,1171.0,263500.0,98.85,449946.0,91.2,4.9,13.29,1.0553158595656864,2.3087345614186683,1.8057615310855146,-2.164263084601936,1.8325264966085664,3.6283185840708,-0.040000000000000036,-0.020000000000000018,-0.030000000000000027,-0.050000000000000044,0.020000000000000018,0.08999999999999986,0.8300000000000001,1.31,0.7199999999999998,0.3699999999999999,0.48000000000000004,0.78,0.91,0.010000000000000009,0.10000000000000053,-0.13000000000000078,3.039999999999999,1.4000000000000057,1.1183333333333334,1.31,-0.17500000000000004,0.37,1.2000000000000002,2.587011872725154,0.06582462302871545,0.8683633430518256,1.0784764621246223,0.8472775790126619,0.2413037985344868,2.1701399624842965,2.2545595974976074,2.222573822094165,1.8506323273421277,1.8057615310855146,1.493250832714721,1.7950168913805964,2.4473213664345517,0.39,0.37,0.38,0.14,4.8,4.8,4.9,5.1,2.5967461315435356,2.749192144433385,2.6354795082673745,3.1986731175506815
2016-10-01,241.176,248.842,46.83,0.66,1.84,0.86,2.58,0.34,1.31,0.4,19197.938,1068.0,251500.0,98.7457,453056.0,87.2,5.0,17.06,1.5486446201652182,2.271120682569183,1.8057615310855146,-1.9939516469206886,2.9984063364608016,-12.745098039215685,0.050000000000000044,0.07000000000000006,0.08999999999999997,0.17000000000000015,0.24,0.26000000000000023,0.9800000000000001,1.5,0.74,0.45000000000000007,0.52,0.8300000000000001,0.7899999999999999,0.0,0.09999999999999964,3.7699999999999996,-0.8900000000000006,-4.0,1.265,1.5,-0.2300000000000001,0.45999999999999996,1.44,2.836736542063533,-0.01882657403426497,1.0553158595656864,1.0792865347959424,0.8916160965521946,0.008842961634170088,2.3087345614186683,2.2622116465067066,2.142426948557663,1.8970961446650891,1.8057615310855146,1.493250832714721,1.7950168913805964,2.4473213664345517,0.4,0.38,0.36,0.14,4.9,4.9,5.0,5.0,2.587011872725154,2.4740142086215764,2.7536607123542622,2.712706012638404
2016-11-01,241.741,249.142,49.41,0.8,2.37,1.11,3.02,0.48,1.83,0.4,19304.352,1313.0,255800.0,98.7611,453847.0,93.8,4.9,13.33,1.685924966243646,2.2045551507991146,2.1815663030564147,-1.5023811304759715,3.4543519044069493,24.102079395085063,0.13999999999999996,0.14,0.2500000000000001,0.52,0.53,0.43999999999999995,1.26,1.8900000000000001,0.6499999999999999,0.72,0.6300000000000001,0.9800000000000001,0.78,0.0,-0.09999999999999964,-3.7299999999999986,2.5799999999999983,6.599999999999994,1.6016666666666668,1.8900000000000001,-0.31499999999999995,0.7100000000000001,1.9700000000000002,2.5900171341906173,0.05362880966220826,1.5486446201652182,0.8683633430518256,1.1726257503534843,0.12761656067050708,2.271120682569183,2.1701399624842965,2.156654761214183,1.9135335359607986,1.8057615310855146,1.8057615310855146,1.493250832714721,2.119861312664817,0.4,0.39,0.37,0.12,5.0,4.8,5.1,5.0,2.836736542063533,2.5967461315435356,2.6525374911719513,2.7806808921371173
2016-12-01,242.026,249.481,53.75,0.85,2.45,1.2,3.06,0.51,1.93,0.41,19304.352,1140.0,245750.0,98.3491,453892.0,98.2,4.7,14.04,1.6843334719788938,2.1454219398053587,2.1815663030564147,-1.1862778785850958,3.0862837636809193,-2.7303754266211566,0.030000000000000027,0.04999999999999993,0.08999999999999986,0.09999999999999987,0.08000000000000007,0.040000000000000036,1.2500000000000002,1.9400000000000002,0.6099999999999999,0.73,0.69,1.26,0.8300000000000001,0.009999999999999953,-0.20000000000000018,0.7099999999999991,4.340000000000003,4.400000000000006,1.6666666666666667,1.9400000000000002,-0.28,0.79,2.04,2.641910398597665,0.08419083415011351,1.685924966243646,1.0553158595656864,1.0784764621246223,0.4363182169185187,2.2045551507991146,2.3087345614186683,2.2545595974976074,1.9974275238246353,2.1815663030564147,1.8057615310855146,1.493250832714721,2.119861312664817,0.4,0.4,0.37,0.12,4.9,4.9,4.8,5.1,2.5900171341906173,2.587011872725154,2.749192144433385,2.9019708937395166
2017-01-01,242.637,249.92,52.75,0.84,2.45,1.19,3.05,0.52,1.9,0.54,19304.352,1252.0,252200.0,99.0214,459305.0,98.5,4.7,11.99,2.0507989115119862,2.197123661300271,2.1815663030564147,-0.02049641716570516,3.8801399528213265,9.24956369982548,0.010000000000000009,-0.010000000000000009,-0.010000000000000009,-0.030000000000000027,0.0,-0.010000000000000231,1.2600000000000002,1.9300000000000002,0.5999999999999996,0.71,0.6699999999999999,1.2500000000000002,0.9800000000000001,0.13000000000000006,0.0,-2.049999999999999,-1.0,0.29999999999999716,1.6583333333333332,1.9300000000000002,-0.29500000000000015,0.6499999999999999,1.9100000000000001,2.4840729690394228,-0.01877989465159636,1.6843334719788938,1.5486446201652182,1.0792865347959424,0.6387247515364791,2.1454219398053587,2.271120682569183,2.2622116465067066,2.0715072792840905,2.1815663030564147,1.8057615310855146,1.493250832714721,2.119861312664817,0.41,0.4,0.38,0.24,4.7,5.0,4.9,5.0,2.641910398597665,2.836736542063533,2.4740142086215764,3.005682604407159
2017-02-01,243.618,250.467,54.0,0.88,2.36,1.22,2.97,0.53,1.89,0.65,19398.343,1190.0,244000.0,98.7611,464412.0,96.3,4.7,12.92,2.5103933482571117,2.2502092221020176,2.0874616941966906,-0.8031281419274894,5.676434581969936,8.974358974358964,0.010000000000000009,0.040000000000000036,0.030000000000000027,-0.010000000000000009,-0.0900000000000003,-0.07999999999999963,1.14,1.8299999999999998,0.6100000000000003,0.6699999999999999,0.69,1.2600000000000002,1.26,0.10999999999999999,0.0,0.9299999999999997,1.25,-2.200000000000003,1.6416666666666666,1.8299999999999998,-0.22499999999999987,0.57,1.71,2.558776498354456,0.023420274208098422,2.0507989115119862,1.685924966243646,0.8683633430518256,1.2375025026943876,2.197123661300271,2.2045551507991146,2.1701399624842965,2.145022538582464,2.1815663030564147,2.1815663030564147,1.8057615310855146,1.7950168913805964,0.54,0.4,0.39,0.34,4.7,4.9,4.8,4.8,2.4840729690394228,2.5900171341906173,2.5967461315435356,3.022860940942244
2017-03-01,244.006,250.998,50.54,1.03,2.4,1.27,3.02,0.76,1.93,0.66,19398.343,1271.0,230250.0,98.3646,464284.0,96.9,4.6,12.37,2.8103616813294208,2.2353468290497336,2.0874616941966906,-0.6864591168616152,4.776842233541023,3.755102040816327,0.22999999999999998,0.15000000000000002,0.050000000000000044,0.040000000000000036,0.040000000000000036,0.04999999999999982,1.13,1.64,0.6200000000000001,0.6599999999999999,0.51,1.14,1.2500000000000002,0.010000000000000009,-0.10000000000000053,-0.5500000000000007,-3.460000000000001,0.6000000000000085,1.735,1.64,-0.31000000000000005,0.61,1.7399999999999998,2.5152741864043966,-0.0662189446042262,2.5103933482571117,1.6843334719788938,1.0553158595656864,0.8472775790126619,2.2502092221020176,2.1454219398053587,2.3087345614186683,2.222573822094165,2.0874616941966906,2.1815663030564147,1.8057615310855146,1.7950168913805964,0.65,0.41,0.4,0.38,4.7,4.7,4.9,4.9,2.558776498354456,2.641910398597665,2.587011872725154,2.6354795082673745
2017-04-01,243.892,250.944,49.31,1.07,2.29,1.28,2.96,0.8,1.81,0.79,19398.343,1190.0,233750.0,99.0137,463674.0,97.0,4.4,10.82,2.44119623655914,2.045845481938735,2.0874616941966906,0.7162067590550603,4.937807792584015,7.110711071107101,0.040000000000000036,0.040000000000000036,0.010000000000000009,-0.11999999999999988,-0.10999999999999988,-0.06000000000000005,1.01,1.49,0.6699999999999999,0.53,0.48,1.13,1.2600000000000002,0.13,-0.1999999999999993,-1.549999999999999,-1.2299999999999969,0.09999999999999432,1.7016666666666669,1.49,-0.2649999999999999,0.49,1.5,2.3813962734183356,-0.024638201724013396,2.8103616813294208,2.0507989115119862,1.5486446201652182,0.8916160965521946,2.2353468290497336,2.197123661300271,2.271120682569183,2.142426948557663,2.0874616941966906,2.1815663030564147,1.8057615310855146,1.7950168913805964,0.66,0.54,0.4,0.36,4.6,4.7,5.0,5.0,2.5152741864043966,2.4840729690394228,2.836736542063533,2.7536607123542622
2017-05-01,244.193,251.227,48.29,1.17,2.21,1.28,2.87,0.98,1.75,0.9,19506.949,1146.0,227800.0,100.0224,465276.0,97.1,4.4,10.41,2.176223471915395,1.8965650108902388,2.3304137937582903,1.3993011097695573,4.7319776524240575,-1.4617368873602765,0.17999999999999994,0.09999999999999987,0.0,-0.06000000000000005,-0.08000000000000007,-0.08999999999999986,0.9299999999999999,1.23,0.6600000000000001,0.47,0.30000000000000004,1.01,1.14,0.10999999999999999,0.0,-0.41000000000000014,-1.0200000000000031,0.09999999999999432,1.71,1.23,-0.31499999999999995,0.38,1.31,2.3427668826268775,-0.02090240035058428,2.44119623655914,2.5103933482571117,1.685924966243646,1.1726257503534843,2.045845481938735,2.2502092221020176,2.2045551507991146,2.156654761214183,2.0874616941966906,2.0874616941966906,2.1815663030564147,1.493250832714721,0.79,0.65,0.4,0.37,4.4,4.7,4.9,5.1,2.3813962734183356,2.558776498354456,2.5900171341906173,2.6525374911719513
2017-06-01,244.004,251.43,46.02,1.24,2.31,1.38,2.84,1.03,1.89,0.91,19506.949,1157.0,239000.0,100.1408,462754.0,95.0,4.4,11.18,1.8563431667619756,1.7370931912259246,2.3304137937582903,1.7500792534729248,3.8752833958113575,0.7839721254355503,0.050000000000000044,0.07000000000000006,0.09999999999999987,0.1399999999999999,0.10000000000000009,-0.03000000000000025,0.9300000000000002,1.28,0.5299999999999998,0.51,0.34999999999999987,0.9299999999999999,1.13,0.010000000000000009,0.0,0.7699999999999996,-2.269999999999996,-2.0999999999999943,1.7816666666666665,1.28,-0.29000000000000004,0.46999999999999986,1.4,2.414126467726953,-0.048148415278230584,2.176223471915395,2.8103616813294208,1.6843334719788938,1.0784764621246223,1.8965650108902388,2.2353468290497336,2.1454219398053587,2.2545595974976074,2.3304137937582903,2.0874616941966906,2.1815663030564147,1.493250832714721,0.9,0.66,0.41,0.37,4.4,4.6,4.7,4.8,2.3427668826268775,2.5152741864043966,2.641910398597665,2.749192144433385
2017-07-01,244.163,251.746,50.21,1.23,2.3,1.34,2.89,1.07,1.84,1.04,19506.949,1249.0,248000.0,100.3471,465130.0,93.4,4.3,10.26,1.640565809959127,1.6991193342490218,2.3304137937582903,1.4803308546539107,3.3078134404769033,3.8237738985868575,0.040000000000000036,-0.010000000000000009,-0.039999999999999813,-0.04999999999999982,-0.010000000000000231,0.050000000000000266,0.9599999999999997,1.2299999999999998,0.5900000000000003,0.5,0.27,0.9300000000000002,1.01,0.13,-0.10000000000000053,-0.9199999999999999,4.189999999999998,-1.5999999999999943,1.7783333333333333,1.2299999999999998,-0.345,0.30000000000000004,1.2599999999999998,2.3282528397426234,0.0871381254393943,1.8563431667619756,2.44119623655914,2.0507989115119862,1.0792865347959424,1.7370931912259246,2.045845481938735,2.197123661300271,2.2622116465067066,2.3304137937582903,2.0874616941966906,2.1815663030564147,1.493250832714721,0.91,0.79,0.54,0.38,4.4,4.4,4.7,4.9,2.414126467726953,2.3813962734183356,2.4840729690394228,2.4740142086215764
2017-08-01,244.243,251.985,47.26,1.23,2.12,1.33,2.73,1.01,1.7,1.15,19660.766,1206.0,250800.0,100.1068,465089.0,96.8,4.3,10.59,1.7251073506566073,1.6769627444729984,2.410821412174591,1.1187969195710634,3.401594970085964,-2.66343825665859,-0.06000000000000005,0.0,-0.010000000000000009,-0.14000000000000012,-0.17999999999999972,-0.16000000000000014,0.79,1.11,0.6099999999999999,0.3699999999999999,0.32000000000000006,0.9599999999999997,0.9299999999999999,0.10999999999999988,0.0,0.33000000000000007,-2.950000000000003,3.3999999999999915,1.6866666666666668,1.11,-0.23499999999999988,0.18000000000000016,0.9700000000000002,2.359910159613315,-0.06054993828785243,1.640565809959127,2.176223471915395,2.5103933482571117,0.8683633430518256,1.6991193342490218,1.8965650108902388,2.2502092221020176,2.1701399624842965,2.3304137937582903,2.3304137937582903,2.0874616941966906,1.8057615310855146,1.04,0.9,0.65,0.39,4.3,4.4,4.7,4.8,2.3282528397426234,2.3427668826268775,2.558776498354456,2.5967461315435356
2017-09-01,245.183,252.535,51.67,1.31,2.33,1.47,2.86,1.06,1.92,1.16,19660.766,1159.0,247750.0,99.6925,466020.0,95.1,4.4,9.51,1.92812155729698,1.6552412618799472,2.410821412174591,0.8523014668689877,3.5724286914429637,-1.0247651579846306,0.050000000000000044,0.08000000000000007,0.1399999999999999,0.21999999999999997,0.20999999999999996,0.1299999999999999,0.8600000000000001,1.27,0.5299999999999998,0.44999999999999996,0.4099999999999999,0.79,0.9300000000000002,0.010000000000000009,0.10000000000000053,-1.08,4.410000000000004,-1.7000000000000028,1.825,1.27,-0.2250000000000001,0.31000000000000005,1.1700000000000002,2.252343876557299,0.08921307054033152,1.7251073506566073,1.8563431667619756,2.8103616813294208,1.0553158595656864,1.6769627444729984,1.7370931912259246,2.2353468290497336,2.3087345614186683,2.410821412174591,2.3304137937582903,2.0874616941966906,1.8057615310855146,1.15,0.91,0.66,0.4,4.3,4.4,4.6,4.9,2.359910159613315,2.414126467726953,2.5152741864043966,2.587011872725154
2017-10-01,246.435,252.812,54.36,1.43,2.38,1.6,2.88,1.15,2.01,1.15,19660.766,1181.0,272400.0,99.7954,475724.0,100.7,4.3,10.18,2.1805652303711787,1.5953898457655935,2.410821412174591,1.0630336308315114,5.003354993643172,10.580524344569287,0.08999999999999986,0.11999999999999988,0.13000000000000012,0.08999999999999986,0.04999999999999982,0.020000000000000018,0.7799999999999998,1.23,0.5,0.4099999999999997,0.4500000000000002,0.8600000000000001,0.9599999999999997,-0.010000000000000009,-0.10000000000000053,0.6699999999999999,2.6899999999999977,5.6000000000000085,1.9083333333333332,1.23,-0.1649999999999998,0.4500000000000002,1.23,2.3204250111223765,0.050751246983849696,1.92812155729698,1.640565809959127,2.44119623655914,1.5486446201652182,1.6552412618799472,1.6991193342490218,2.045845481938735,2.271120682569183,2.410821412174591,2.3304137937582903,2.0874616941966906,1.8057615310855146,1.16,1.04,0.79,0.4,4.4,4.3,4.4,5.0,2.252343876557299,2.3282528397426234,2.3813962734183356,2.836736542063533
2017-11-01,246.626,253.526,57.4,1.62,2.42,1.78,2.83,1.27,2.14,1.15,19882.352,1257.0,242250.0,101.0247,476107.0,98.5,4.2,11.28,2.020757753132485,1.7596390813271245,2.9941434967617697,2.2919955326540453,4.904736618287653,-4.265041888804266,0.1200000000000001,0.19000000000000017,0.17999999999999994,0.13000000000000034,0.040000000000000036,-0.04999999999999982,0.6399999999999999,1.15,0.41000000000000014,0.3600000000000001,0.51,0.7799999999999998,0.79,0.0,-0.09999999999999964,1.0999999999999996,3.039999999999999,-2.200000000000003,2.0100000000000002,1.15,-0.06499999999999995,0.6300000000000001,1.27,2.423031246069913,0.054415714042577765,2.1805652303711787,1.7251073506566073,2.176223471915395,1.685924966243646,1.5953898457655935,1.6769627444729984,1.8965650108902388,2.2045551507991146,2.410821412174591,2.410821412174591,2.3304137937582903,2.1815663030564147,1.15,1.15,0.9,0.4,4.3,4.3,4.4,4.9,2.3204250111223765,2.359910159613315,2.3427668826268775,2.5900171341906173
2017-12-01,247.284,253.816,60.46,1.76,2.4,1.89,2.74,1.39,2.2,1.16,19882.352,1273.0,247750.0,101.2664,480949.0,95.9,4.2,11.04,2.172493864295566,1.7376072726981162,2.9941434967617697,2.9662701539719283,5.961109691292199,11.66666666666667,0.11999999999999988,0.1399999999999999,0.10999999999999988,0.06000000000000005,-0.020000000000000018,-0.08999999999999986,0.51,1.01,0.3400000000000003,0.3100000000000003,0.5,0.6399999999999999,0.8600000000000001,0.010000000000000009,0.0,-0.2400000000000002,3.0600000000000023,-2.5999999999999943,2.0633333333333335,1.01,-0.0050000000000001155,0.73,1.24,2.401525040848949,0.05193768602579124,2.020757753132485,1.92812155729698,1.8563431667619756,1.6843334719788938,1.7596390813271245,1.6552412618799472,1.7370931912259246,2.1454219398053587,2.9941434967617697,2.410821412174591,2.3304137937582903,2.1815663030564147,1.15,1.16,0.91,0.41,4.2,4.4,4.4,4.7,2.423031246069913,2.252343876557299,2.414126467726953,2.641910398597665
2018-01-01,247.805,254.344,64.82,1.9,2.72,2.14,2.95,1.46,2.52,1.3,19882.352,1177.0,242600.0,101.4644,483586.0,95.7,4.1,13.54,2.129930719552253,1.770166453265043,2.9941434967617697,2.467143465957866,5.286465420581088,-5.990415335463261,0.07000000000000006,0.1399999999999999,0.2500000000000002,0.31999999999999984,0.3200000000000003,0.20999999999999996,0.5800000000000001,1.2600000000000002,0.22999999999999998,0.3799999999999999,0.6800000000000002,0.51,0.7799999999999998,0.14000000000000012,-0.10000000000000053,2.5,4.359999999999992,-0.20000000000000284,2.2816666666666667,1.2600000000000002,0.050000000000000266,0.8400000000000001,1.4200000000000002,2.605648267484129,0.06963220836208911,2.172493864295566,2.1805652303711787,1.640565809959127,2.0507989115119862,1.7376072726981162,1.5953898457655935,1.6991193342490218,2.197123661300271,2.9941434967617697,2.410821412174591,2.3304137937582903,2.1815663030564147,1.16,1.15,1.04,0.54,4.2,4.3,4.3,4.7,2.401525040848949,2.3204250111223765,2.3282528397426234,2.4840729690394228
2018-02-01,248.859,255.204,61.43,2.07,2.87,2.25,3.13,1.65,2.65,1.41,20044.077,1299.0,235250.0,101.4625,481414.0,99.7,4.0,19.85,2.151318868063945,1.8912671130328462,3.328810094759116,2.7352874765469437,3.660973445991922,9.159663865546207,0.18999999999999995,0.16999999999999993,0.10999999999999988,0.1299999999999999,0.1499999999999999,0.17999999999999972,0.6200000000000001,1.2200000000000002,0.2599999999999998,0.3999999999999999,0.6000000000000001,0.5800000000000001,0.6399999999999999,0.10999999999999988,-0.09999999999999964,6.310000000000002,-3.3899999999999935,4.0,2.436666666666666,1.2200000000000002,-0.009999999999999787,0.8400000000000001,1.4600000000000002,2.9882040071331994,-0.05371588253756523,2.129930719552253,2.020757753132485,1.7251073506566073,2.5103933482571117,1.770166453265043,1.7596390813271245,1.6769627444729984,2.2502092221020176,2.9941434967617697,2.9941434967617697,2.410821412174591,2.0874616941966906,1.3,1.15,1.15,0.65,4.1,4.2,4.3,4.7,2.605648267484129,2.423031246069913,2.359910159613315,2.558776498354456
2018-03-01,249.529,255.711,64.87,2.09,2.74,2.27,2.97,1.73,2.56,1.42,20044.077,1277.0,221000.0,101.7085,484031.0,101.4,4.1,19.97,2.263468931091861,1.87770420481439,3.328810094759116,3.3994953469032696,4.253215704181068,0.472069236821393,0.08000000000000007,0.020000000000000018,0.020000000000000018,-0.08999999999999986,-0.1299999999999999,-0.1599999999999997,0.4700000000000002,1.0100000000000002,0.22999999999999998,0.29000000000000004,0.54,0.6200000000000001,0.51,0.010000000000000009,0.09999999999999964,0.11999999999999744,3.440000000000005,1.7000000000000028,2.3933333333333335,1.0100000000000002,0.0349999999999997,0.8500000000000001,1.3200000000000003,2.994231147427724,0.05448695204912811,2.151318868063945,2.172493864295566,1.92812155729698,2.8103616813294208,1.8912671130328462,1.7376072726981162,1.6552412618799472,2.2353468290497336,3.328810094759116,2.9941434967617697,2.410821412174591,2.0874616941966906,1.41,1.16,1.16,0.66,4.0,4.2,4.4,4.6,2.9882040071331994,2.401525040848949,2.252343876557299,2.5152741864043966
2018-04-01,249.577,256.271,68.56,2.24,2.95,2.49,3.11,1.87,2.79,1.51,20044.077,1318.0,225800.0,102.2067,484110.0,98.8,4.0,15.93,2.3309497646499366,2.1227843662331214,3.328810094759116,3.224806264183644,4.407406928143476,10.75630252100841,0.14000000000000012,0.15000000000000036,0.2200000000000002,0.22999999999999998,0.20999999999999996,0.13999999999999968,0.45999999999999996,1.08,0.1599999999999997,0.2999999999999998,0.6200000000000001,0.4700000000000002,0.5800000000000001,0.09000000000000008,-0.09999999999999964,-4.039999999999999,3.6899999999999977,-2.6000000000000085,2.5749999999999997,1.08,0.08000000000000007,0.9800000000000002,1.4400000000000002,2.768204123921957,0.05532400706456025,2.263468931091861,2.129930719552253,2.1805652303711787,2.44119623655914,1.87770420481439,1.770166453265043,1.5953898457655935,2.045845481938735,3.328810094759116,2.9941434967617697,2.410821412174591,2.0874616941966906,1.42,1.3,1.15,0.79,4.1,4.1,4.3,4.4,2.994231147427724,2.605648267484129,2.3204250111223765,2.3813962734183356
2018-05-01,250.227,256.63,66.98,2.23,2.83,2.4,3.0,1.93,2.68,1.69,20150.476,1276.0,221500.0,103.3329,484154.0,98.0,4.0,15.43,2.4709963021052994,2.150644636125887,3.2989628465220244,3.309758614070435,4.057376696842296,11.343804537521818,0.05999999999999983,-0.010000000000000231,-0.0900000000000003,-0.10999999999999988,-0.1200000000000001,-0.10999999999999988,0.43000000000000016,0.9000000000000001,0.16999999999999993,0.28000000000000025,0.47,0.45999999999999996,0.6200000000000001,0.17999999999999994,0.0,-0.5,-1.5799999999999983,-0.7999999999999972,2.5116666666666667,0.9000000000000001,0.020000000000000018,0.71,1.1400000000000001,2.7363136663750693,-0.023315206923465837,2.3309497646499366,2.151318868063945,2.020757753132485,2.176223471915395,2.1227843662331214,1.8912671130328462,1.7596390813271245,1.8965650108902388,3.328810094759116,3.328810094759116,2.9941434967617697,2.3304137937582903,1.51,1.41,1.15,0.9,4.0,4.0,4.2,4.4,2.768204123921957,2.9882040071331994,2.423031246069913,2.3427668826268775
2018-06-01,250.792,257.145,74.13,2.33,2.85,2.52,2.98,1.93,2.73,1.7,20150.476,1357.0,221250.0,102.4024,491960.0,98.2,3.8,16.09,2.781921607842497,2.272998448872432,3.2989628465220244,2.2584201444366236,6.311344688538623,17.286084701815028,0.0,0.10000000000000009,0.1200000000000001,0.04999999999999982,0.020000000000000018,-0.020000000000000018,0.33000000000000007,0.9200000000000002,0.1299999999999999,0.20999999999999996,0.5900000000000001,0.43000000000000016,0.4700000000000002,0.010000000000000009,-0.20000000000000018,0.6600000000000001,7.1499999999999915,0.20000000000000284,2.5566666666666666,0.9200000000000002,0.1299999999999999,0.8200000000000001,1.1500000000000001,2.7781979610042917,0.10142624130256982,2.4709963021052994,2.263468931091861,2.172493864295566,1.8563431667619756,2.150644636125887,1.87770420481439,1.7376072726981162,1.7370931912259246,3.2989628465220244,3.328810094759116,2.9941434967617697,2.3304137937582903,1.69,1.42,1.16,0.91,4.0,4.1,4.2,4.4,2.7363136663750693,2.994231147427724,2.401525040848949,2.414126467726953
2018-07-01,251.018,257.399,69.88,2.44,2.96,2.67,3.08,2.03,2.85,1.82,20150.476,1192.0,222600.0,103.198,490228.0,97.9,4.0,12.83,2.8075506935940187,2.245517307127032,3.2989628465220244,2.8410387544831828,5.3959108206308,-4.563650920736584,0.09999999999999987,0.10999999999999988,0.1499999999999999,0.1200000000000001,0.10999999999999988,0.10000000000000009,0.29000000000000004,0.9300000000000002,0.1200000000000001,0.18000000000000016,0.6400000000000001,0.33000000000000007,0.45999999999999996,0.1200000000000001,0.20000000000000018,-3.26,-4.25,-0.29999999999999716,2.671666666666667,0.9300000000000002,0.17499999999999982,0.8499999999999999,1.14,2.551786178627545,-0.05904082340277255,2.781921607842497,2.3309497646499366,2.129930719552253,1.640565809959127,2.272998448872432,2.1227843662331214,1.770166453265043,1.6991193342490218,3.2989628465220244,3.328810094759116,2.9941434967617697,2.3304137937582903,1.7,1.51,1.3,1.04,3.8,4.0,4.1,4.3,2.7781979610042917,2.768204123921957,2.605648267484129,2.3282528397426234
2018-08-01,251.214,257.699,69.84,2.46,2.86,2.62,3.02,2.11,2.74,1.91,20276.154,1208.0,209500.0,103.3646,493142.0,96.2,3.8,12.86,2.854124785561929,2.267595293370639,3.130030640718684,3.2543243815604805,6.031748762064892,0.16583747927032544,0.08000000000000007,0.020000000000000018,-0.04999999999999982,-0.10999999999999988,-0.10000000000000009,-0.06000000000000005,0.23999999999999977,0.75,0.16000000000000014,0.1200000000000001,0.5100000000000002,0.29000000000000004,0.43000000000000016,0.08999999999999986,-0.20000000000000018,0.02999999999999936,-0.03999999999999204,-1.7000000000000028,2.635,0.75,0.13500000000000023,0.7100000000000002,0.95,2.554121718809473,-0.0005725737345089708,2.8075506935940187,2.4709963021052994,2.151318868063945,1.7251073506566073,2.245517307127032,2.150644636125887,1.8912671130328462,1.6769627444729984,3.2989628465220244,3.2989628465220244,3.328810094759116,2.410821412174591,1.82,1.69,1.41,1.15,4.0,4.0,4.0,4.3,2.551786178627545,2.7363136663750693,2.9882040071331994,2.359910159613315
2018-09-01,251.663,257.891,73.16,2.59,3.05,2.81,3.19,2.19,2.94,1.91,20276.154,1288.0,208500.0,104.0327,493445.0,100.1,3.8,12.12,2.6429238568742575,2.1208941334864617,3.130030640718684,4.353587280888749,5.884940560490959,11.13028472821398,0.08000000000000007,0.1299999999999999,0.18999999999999995,0.19999999999999973,0.18999999999999995,0.16999999999999993,0.23999999999999977,0.8599999999999999,0.14000000000000012,0.1299999999999999,0.6200000000000001,0.23999999999999977,0.33000000000000007,0.0,0.0,-0.7400000000000002,3.319999999999993,3.8999999999999915,2.795,0.8599999999999999,0.18999999999999995,0.9000000000000001,1.14,2.4948569806411682,0.04644191199131802,2.854124785561929,2.781921607842497,2.263468931091861,1.92812155729698,2.267595293370639,2.272998448872432,1.87770420481439,1.6552412618799472,3.130030640718684,3.2989628465220244,3.328810094759116,2.410821412174591,1.91,1.7,1.42,1.16,3.8,3.8,4.1,4.4,2.554121718809473,2.7781979610042917,2.994231147427724,2.252343876557299
2018-10-01,252.182,258.368,65.31,2.69,3.15,2.87,3.39,2.34,2.98,1.95,20276.154,1250.0,205200.0,104.1004,491507.0,98.6,3.7,21.23,2.332055105808828,2.1976804898501623,3.130030640718684,4.313826088176409,3.31767999932735,5.842506350550392,0.1499999999999999,0.10000000000000009,0.06000000000000005,0.040000000000000036,0.10000000000000009,0.20000000000000018,0.2799999999999998,0.81,0.2400000000000002,0.10999999999999988,0.5300000000000002,0.23999999999999977,0.29000000000000004,0.040000000000000036,-0.09999999999999964,9.110000000000001,-7.849999999999994,-1.5,2.903333333333333,0.81,0.125,0.9200000000000002,1.2,3.055415275715165,-0.1135036596080991,2.6429238568742575,2.8075506935940187,2.3309497646499366,2.1805652303711787,2.1208941334864617,2.245517307127032,2.1227843662331214,1.5953898457655935,3.130030640718684,3.2989628465220244,3.328810094759116,2.410821412174591,1.91,1.82,1.51,1.15,3.8,4.0,4.0,4.3,2.4948569806411682,2.551786178627545,2.768204123921957,2.3204250111223765
2018-11-01,252.772,258.917,50.78,2.7,3.01,2.8,3.3,2.37,2.84,2.19,20304.874,1221.0,213000.0,103.9856,496416.0,97.5,3.8,18.07,2.492032470218053,2.126409125691242,2.125110751484538,2.930867401734427,4.265637766300423,-2.863961813842486,0.03000000000000025,0.010000000000000231,-0.07000000000000028,-0.14000000000000012,-0.14000000000000012,-0.0900000000000003,0.20999999999999996,0.6399999999999997,0.29000000000000004,0.040000000000000036,0.4299999999999997,0.2799999999999998,0.23999999999999977,0.24,0.09999999999999964,-3.16,-14.530000000000001,-1.0999999999999943,2.8366666666666664,0.6399999999999997,0.10999999999999988,0.6099999999999999,0.8199999999999998,2.8942531046041373,-0.25164258763803343,2.332055105808828,2.854124785561929,2.4709963021052994,2.020757753132485,2.1976804898501623,2.267595293370639,2.150644636125887,1.7596390813271245,3.130030640718684,3.130030640718684,3.2989628465220244,2.9941434967617697,1.95,1.91,1.69,1.15,3.7,3.8,4.0,4.2,3.055415275715165,2.554121718809473,2.7363136663750693,2.423031246069913
2018-12-01,252.594,259.439,45.15,2.63,2.69,2.48,3.02,2.45,2.51,2.2,20304.874,1181.0,225250.0,104.0681,498854.0,98.3,3.8,25.42,2.147328577667773,2.2153843729315836,2.125110751484538,2.7666629800210174,3.722847952693531,-7.227022780832682,0.08000000000000007,-0.07000000000000028,-0.31999999999999984,-0.33000000000000007,-0.31999999999999984,-0.2799999999999998,0.20999999999999996,0.23999999999999977,0.33000000000000007,0.029999999999999805,0.029999999999999805,0.20999999999999996,0.23999999999999977,0.010000000000000231,0.0,7.350000000000001,-5.630000000000003,0.7999999999999972,2.63,0.23999999999999977,-0.0900000000000003,0.2799999999999998,0.48999999999999977,3.2355362657613083,-0.11751229641353798,2.492032470218053,2.6429238568742575,2.781921607842497,2.172493864295566,2.126409125691242,2.1208941334864617,2.272998448872432,1.7376072726981162,2.125110751484538,3.130030640718684,3.2989628465220244,2.9941434967617697,2.19,1.91,1.7,1.16,3.8,3.8,3.8,4.2,2.8942531046041373,2.4948569806411682,2.7781979610042917,2.401525040848949
2019-01-01,252.767,260.063,53.84,2.55,2.63,2.45,2.99,2.41,2.43,2.27,20304.874,1095.0,224600.0,104.0936,489113.0,91.2,3.9,16.57,2.0023809043401064,2.2485295505299874,2.125110751484538,2.5912536810940523,1.1429197702166771,-6.966864910790149,-0.040000000000000036,-0.08000000000000007,-0.029999999999999805,-0.07999999999999963,-0.06000000000000005,-0.029999999999999805,0.17999999999999972,0.21999999999999975,0.3600000000000003,-0.020000000000000018,0.040000000000000036,0.20999999999999996,0.2799999999999998,0.06999999999999984,0.10000000000000009,-8.850000000000001,8.690000000000005,-7.099999999999994,2.5766666666666667,0.21999999999999975,-0.06999999999999984,0.18000000000000016,0.3599999999999999,2.8075938314384716,0.17602640547347806,2.147328577667773,2.332055105808828,2.8075506935940187,2.129930719552253,2.2153843729315836,2.1976804898501623,2.245517307127032,1.770166453265043,2.125110751484538,3.130030640718684,3.2989628465220244,2.9941434967617697,2.2,1.95,1.82,1.3,3.8,3.7,4.0,4.1,3.2355362657613083,3.055415275715165,2.551786178627545,2.605648267484129
2019-02-01,252.561,260.766,57.21,2.54,2.73,2.52,3.09,2.45,2.52,2.4,20431.641,1226.0,222750.0,103.4021,490440.0,93.8,4.0,14.78,1.4875893578291333,2.1794329242488475,1.9335587266003706,1.9116422323518512,1.874893542771927,-5.61970746728252,0.040000000000000036,-0.009999999999999787,0.06999999999999984,0.08999999999999986,0.10000000000000009,0.09999999999999964,0.20999999999999996,0.2799999999999998,0.3599999999999999,0.0,0.06999999999999984,0.17999999999999972,0.20999999999999996,0.1299999999999999,0.10000000000000009,-1.790000000000001,3.3699999999999974,2.5999999999999943,2.6416666666666666,0.2799999999999998,-0.06999999999999984,0.1200000000000001,0.33000000000000007,2.6932749155200555,0.06071202294396502,2.0023809043401064,2.492032470218053,2.854124785561929,2.151318868063945,2.2485295505299874,2.126409125691242,2.267595293370639,1.8912671130328462,2.125110751484538,2.125110751484538,3.130030640718684,3.328810094759116,2.27,2.19,1.91,1.41,3.9,3.8,3.8,4.0,2.8075938314384716,2.8942531046041373,2.554121718809473,2.9882040071331994
2019-03-01,253.319,261.186,60.19,2.4,2.41,2.27,2.81,2.4,2.23,2.4,20431.641,1121.0,222500.0,102.8371,491751.0,98.4,3.8,13.71,1.5188615351321877,2.1410889637129227,1.9335587266003706,1.1096417703535089,1.594939167119458,-12.21613155833986,-0.050000000000000266,-0.14000000000000012,-0.25,-0.29000000000000004,-0.31999999999999984,-0.2799999999999998,0.14000000000000012,0.010000000000000231,0.3999999999999999,-0.040000000000000036,-0.1299999999999999,0.20999999999999996,0.20999999999999996,0.0,-0.20000000000000018,-1.0699999999999985,2.979999999999997,4.6000000000000085,2.4200000000000004,0.010000000000000231,-0.13500000000000023,-0.1299999999999999,0.010000000000000231,2.6181254935742233,0.05077751727924204,1.4875893578291333,2.147328577667773,2.6429238568742575,2.263468931091861,2.1794329242488475,2.2153843729315836,2.1208941334864617,1.87770420481439,1.9335587266003706,2.125110751484538,3.130030640718684,3.328810094759116,2.4,2.2,1.91,1.42,4.0,3.8,3.8,4.1,2.6932749155200555,3.2355362657613083,2.4948569806411682,2.994231147427724
2019-04-01,254.277,261.567,63.83,2.39,2.51,2.27,2.93,2.43,2.28,2.41,20431.641,1191.0,211800.0,102.8757,499292.0,97.2,3.8,13.12,1.8831863513063984,2.06656235001228,1.9335587266003706,0.6545559146318158,3.1360641176592097,-9.635811836115327,0.03000000000000025,-0.009999999999999787,0.0,0.04999999999999982,0.09999999999999964,0.1200000000000001,0.23999999999999977,0.07999999999999963,0.4200000000000004,0.009999999999999787,-0.16000000000000014,0.14000000000000012,0.17999999999999972,0.010000000000000231,0.0,-0.5900000000000016,3.6400000000000006,-1.2000000000000028,2.4683333333333333,0.07999999999999963,-0.19999999999999973,-0.14000000000000012,0.09999999999999964,2.574137783515943,0.058717073708286424,1.5188615351321877,2.0023809043401064,2.332055105808828,2.3309497646499366,2.1410889637129227,2.2485295505299874,2.1976804898501623,2.1227843662331214,1.9335587266003706,2.125110751484538,3.130030640718684,3.328810094759116,2.4,2.27,1.95,1.51,3.8,3.9,3.7,4.0,2.6181254935742233,2.8075938314384716,3.055415275715165,2.768204123921957
2019-05-01,255.233,261.997,53.49,2.21,2.14,1.95,2.58,2.35,1.93,2.42,20602.275,1272.0,209750.0,102.274,499343.0,100.0,3.7,18.71,2.000583470209061,2.0913377235709074,2.242125694698238,-1.0247462328067725,3.1372249325627877,-0.31347962382445305,-0.08000000000000007,-0.18000000000000016,-0.32000000000000006,-0.34999999999999987,-0.36999999999999966,-0.3500000000000001,0.19000000000000017,-0.20999999999999996,0.43999999999999995,-0.020000000000000018,-0.40000000000000013,0.23999999999999977,0.20999999999999996,0.009999999999999787,-0.09999999999999964,5.590000000000002,-10.339999999999996,2.799999999999997,2.193333333333334,-0.20999999999999996,-0.29500000000000015,-0.47,-0.2799999999999998,2.9290581402859983,-0.17672857872480713,1.8831863513063984,1.4875893578291333,2.492032470218053,2.4709963021052994,2.06656235001228,2.1794329242488475,2.126409125691242,2.150644636125887,1.9335587266003706,1.9335587266003706,2.125110751484538,3.2989628465220244,2.41,2.4,2.19,1.69,3.8,4.0,3.8,4.0,2.574137783515943,2.6932749155200555,2.8942531046041373,2.7363136663750693
2019-06-01,255.296,262.217,58.2,1.92,2.0,1.75,2.52,2.12,1.76,2.39,20602.275,1293.0,218500.0,102.392,504741.0,98.2,3.6,15.08,1.7959105553606136,1.97242800754438,2.242125694698238,-0.010156011968476264,2.5979754451581405,-4.716285924834196,-0.22999999999999998,-0.29000000000000004,-0.19999999999999996,-0.16999999999999993,-0.14000000000000012,-0.06000000000000005,0.25,-0.1200000000000001,0.52,0.010000000000000009,-0.3700000000000001,0.19000000000000017,0.14000000000000012,-0.029999999999999805,-0.10000000000000009,-3.630000000000001,4.710000000000001,-1.7999999999999972,2.0116666666666667,-0.1200000000000001,-0.31000000000000005,-0.6400000000000001,-0.3900000000000001,2.71336936257981,0.08439063419423341,2.000583470209061,1.5188615351321877,2.147328577667773,2.781921607842497,2.0913377235709074,2.1410889637129227,2.2153843729315836,2.272998448872432,2.242125694698238,1.9335587266003706,2.125110751484538,3.2989628465220244,2.42,2.4,2.2,1.7,3.7,3.8,3.8,3.8,2.9290581402859983,2.6181254935742233,3.2355362657613083,2.7781979610042917
2019-07-01,255.213,262.739,58.53,2.0,2.02,1.89,2.53,2.08,1.84,2.38,20602.275,1243.0,225200.0,102.4375,505251.0,98.4,3.6,16.12,1.671194894390049,2.0746001344216447,2.242125694698238,-0.7369328862962377,3.0644924402522866,4.278523489932895,-0.040000000000000036,0.08000000000000007,0.1399999999999999,0.08000000000000007,0.020000000000000018,0.009999999999999787,0.13000000000000012,-0.06000000000000005,0.5099999999999998,-0.04999999999999982,-0.19000000000000017,0.25,0.23999999999999977,-0.010000000000000231,0.0,1.040000000000001,0.3299999999999983,0.20000000000000284,2.06,-0.06000000000000005,-0.15999999999999992,-0.49,-0.3599999999999999,2.7800607370784824,0.005654088565737375,1.7959105553606136,1.8831863513063984,2.0023809043401064,2.8075506935940187,1.97242800754438,2.06656235001228,2.2485295505299874,2.245517307127032,2.242125694698238,1.9335587266003706,2.125110751484538,3.2989628465220244,2.39,2.41,2.27,1.82,3.6,3.8,3.9,4.0,2.71336936257981,2.574137783515943,2.8075938314384716,2.551786178627545
2019-08-01,255.802,263.28,55.07,1.76,1.5,1.5,1.96,1.99,1.39,2.4,20843.322,1240.0,208500.0,101.9408,509091.0,89.8,3.7,18.98,1.826331335037068,2.1657049503490455,2.797216868642849,-1.3774541767684445,3.2341597349242246,2.6490066225165476,-0.09000000000000008,-0.24,-0.3899999999999999,-0.4500000000000002,-0.52,-0.5699999999999998,0.0,-0.49,0.45999999999999996,-0.1100000000000001,-0.49,0.13000000000000012,0.19000000000000017,0.020000000000000018,0.10000000000000009,2.8599999999999994,-3.460000000000001,-8.600000000000009,1.6833333333333336,-0.49,-0.2450000000000001,-0.8999999999999999,-0.8999999999999999,2.9433857931817817,-0.06093434002873943,1.671194894390049,2.000583470209061,1.4875893578291333,2.854124785561929,2.0746001344216447,2.0913377235709074,2.1794329242488475,2.267595293370639,2.242125694698238,2.242125694698238,1.9335587266003706,3.130030640718684,2.38,2.42,2.4,1.91,3.6,3.7,4.0,3.8,2.7800607370784824,2.9290581402859983,2.6932749155200555,2.554121718809473
2019-09-01,256.036,263.877,54.09,1.75,1.68,1.63,2.12,1.88,1.55,2.13,20843.322,1375.0,211000.0,102.639,512561.0,93.2,3.6,16.24,1.7376412106666406,2.321135673598529,2.797216868642849,-1.3396749291328724,3.8739879824499113,6.754658385093171,-0.1100000000000001,-0.010000000000000009,0.1299999999999999,0.16000000000000014,0.17999999999999994,0.16000000000000014,0.050000000000000044,-0.19999999999999996,0.44000000000000017,-0.07999999999999985,-0.25,0.0,0.25,-0.27,-0.10000000000000009,-2.740000000000002,-0.9799999999999969,3.4000000000000057,1.7683333333333333,-0.19999999999999996,-0.1499999999999999,-0.5,-0.44999999999999996,2.787477334733532,-0.017955777391054507,1.826331335037068,1.7959105553606136,1.5188615351321877,2.6429238568742575,2.1657049503490455,1.97242800754438,2.1410889637129227,2.1208941334864617,2.797216868642849,2.242125694698238,1.9335587266003706,3.130030640718684,2.4,2.39,2.4,1.91,3.7,3.6,3.8,3.8,2.9433857931817817,2.71336936257981,2.6181254935742233,2.4948569806411682
2019-10-01,256.43,264.388,54.02,1.53,1.69,1.52,2.17,1.54,1.51,2.04,20843.322,1311.0,209500.0,102.2917,509282.0,95.5,3.5,13.22,1.6844977040391562,2.3300099083477743,2.797216868642849,-1.7374573008364869,3.6164286571707116,4.8799999999999955,-0.33999999999999986,-0.21999999999999997,-0.10999999999999988,-0.040000000000000036,0.010000000000000009,0.04999999999999982,0.16999999999999993,0.1499999999999999,0.48,-0.010000000000000009,-0.020000000000000018,0.050000000000000044,0.13000000000000012,-0.08999999999999986,-0.10000000000000009,-3.019999999999998,-0.07000000000000028,2.299999999999997,1.66,0.1499999999999999,-0.09499999999999997,-0.52,-0.3500000000000001,2.5817308344235403,-0.0012949775188661151,1.7376412106666406,1.671194894390049,1.8831863513063984,2.332055105808828,2.321135673598529,2.0746001344216447,2.06656235001228,2.1976804898501623,2.797216868642849,2.242125694698238,1.9335587266003706,3.130030640718684,2.13,2.38,2.41,1.95,3.6,3.6,3.8,3.7,2.787477334733532,2.7800607370784824,2.574137783515943,3.055415275715165
2019-11-01,257.155,264.97,58.12,1.6,1.78,1.61,2.21,1.59,1.62,1.83,20985.448,1325.0,212250.0,101.4281,510648.0,96.8,3.6,12.62,1.7339736996186295,2.3378148209658223,3.3517765241980912,-2.4594751580988228,2.866950299748594,8.517608517608522,0.050000000000000044,0.07000000000000006,0.09000000000000008,0.1100000000000001,0.09000000000000008,0.040000000000000036,0.16999999999999993,0.18999999999999995,0.42999999999999994,0.010000000000000009,0.020000000000000018,0.16999999999999993,0.0,-0.20999999999999996,0.10000000000000009,-0.6000000000000014,4.099999999999994,1.2999999999999972,1.735,0.18999999999999995,-0.07499999999999996,-0.21999999999999997,-0.050000000000000044,2.5352828571130672,0.07315549033761264,1.6844977040391562,1.826331335037068,2.000583470209061,2.492032470218053,2.3300099083477743,2.1657049503490455,2.0913377235709074,2.126409125691242,2.797216868642849,2.797216868642849,2.242125694698238,2.125110751484538,2.04,2.4,2.42,2.19,3.5,3.7,3.7,3.8,2.5817308344235403,2.9433857931817817,2.9290581402859983,2.8942531046041373
2019-12-01,257.879,265.548,61.14,1.59,1.92,1.58,2.39,1.55,1.69,1.55,20985.448,1353.0,224400.0,101.9372,514215.0,99.3,3.6,13.78,2.092290394862917,2.3546960942649298,3.3517765241980912,-2.047601522464615,3.0792576585534137,14.56392887383573,-0.040000000000000036,-0.010000000000000009,-0.030000000000000027,0.06999999999999984,0.1399999999999999,0.18000000000000016,0.33999999999999986,0.3699999999999999,0.4700000000000002,0.10999999999999988,0.030000000000000027,0.16999999999999993,0.050000000000000044,-0.28,0.0,1.1600000000000001,3.020000000000003,2.5,1.7866666666666668,0.3699999999999999,-0.1549999999999998,0.030000000000000027,0.3699999999999999,2.6232182655855123,0.050656477760606264,1.7339736996186295,1.7376412106666406,1.7959105553606136,2.147328577667773,2.3378148209658223,2.321135673598529,1.97242800754438,2.2153843729315836,3.3517765241980912,2.797216868642849,2.242125694698238,2.125110751484538,1.83,2.13,2.39,2.2,3.6,3.6,3.6,3.8,2.5352828571130672,2.787477334733532,2.71336936257981,3.2355362657613083
2020-01-01,258.63,266.02,51.58,1.45,1.51,1.33,1.99,1.55,1.32,1.55,20985.448,1548.0,236000.0,101.7003,515866.0,99.8,3.6,18.84,2.3195274699624457,2.2905988164406255,3.3517765241980912,-2.2991807373363926,5.469697186539713,41.36986301369863,0.0,-0.14000000000000012,-0.25,-0.3699999999999999,-0.4099999999999999,-0.40000000000000013,0.17999999999999994,-0.040000000000000036,0.48,-0.010000000000000009,-0.21999999999999997,0.33999999999999986,0.16999999999999993,0.0,0.0,5.0600000000000005,-9.560000000000002,0.5,1.5250000000000001,-0.040000000000000036,-0.19999999999999996,-0.21999999999999997,-0.040000000000000036,2.935982269148217,-0.17003231600948976,2.092290394862917,1.6844977040391562,1.671194894390049,2.0023809043401064,2.3546960942649298,2.3300099083477743,2.0746001344216447,2.2485295505299874,3.3517765241980912,2.797216868642849,2.242125694698238,2.125110751484538,1.55,2.04,2.38,2.27,3.6,3.5,3.6,3.9,2.6232182655855123,2.5817308344235403,2.7800607370784824,2.8075938314384716
2020-02-01,259.127,266.716,44.83,0.97,1.13,0.86,1.65,1.27,0.89,1.55,20709.212,1581.0,215500.0,101.0338,515119.0,101.0,3.6,40.11,2.599767976845202,2.2817391837892886,1.3585350290757248,-2.290379015513233,5.032012070793579,28.95595432300162,-0.28,-0.48,-0.4700000000000001,-0.43000000000000005,-0.3800000000000001,-0.3400000000000001,0.2699999999999999,-0.14000000000000012,0.52,0.030000000000000027,-0.41000000000000003,0.17999999999999994,0.16999999999999993,0.0,0.0,21.27,-6.75,1.2000000000000028,1.1283333333333332,-0.14000000000000012,-0.33999999999999997,-0.6900000000000001,-0.42000000000000015,3.6916256797819615,-0.14025644228585057,2.3195274699624457,1.7339736996186295,1.826331335037068,1.4875893578291333,2.2905988164406255,2.3378148209658223,2.1657049503490455,2.1794329242488475,3.3517765241980912,3.3517765241980912,2.797216868642849,1.9335587266003706,1.55,1.83,2.4,2.4,3.6,3.6,3.7,4.0,2.935982269148217,2.5352828571130672,2.9433857931817817,2.6932749155200555
2020-03-01,259.25,267.37,20.51,0.17,0.7,0.23,1.35,0.11,0.37,1.58,20709.212,1549.0,210200.0,101.3735,515330.0,89.1,3.5,53.54,2.3413166797595197,2.3676613601035346,1.3585350290757248,-1.4232217750208775,4.794906365213292,38.18019625334523,-1.16,-0.7999999999999999,-0.63,-0.52,-0.42999999999999994,-0.2999999999999998,0.47,0.59,0.6500000000000001,0.13999999999999999,0.12000000000000001,0.2699999999999999,0.33999999999999986,0.030000000000000027,-0.10000000000000009,13.43,-24.319999999999997,-11.900000000000006,0.48833333333333334,0.59,-0.17499999999999996,-1.35,-0.8800000000000001,3.9804290380922063,-0.7819649860830588,2.599767976845202,2.092290394862917,1.7376412106666406,1.5188615351321877,2.2817391837892886,2.3546960942649298,2.321135673598529,2.1410889637129227,1.3585350290757248,3.3517765241980912,2.797216868642849,1.9335587266003706,1.55,1.55,2.13,2.4,3.6,3.6,3.6,3.8,3.6916256797819615,2.6232182655855123,2.787477334733532,2.6181254935742233
2020-04-01,258.076,267.054,19.23,0.16,0.64,0.2,1.28,0.09,0.36,0.65,20709.212,1266.0,2335250.0,97.4078,468324.0,71.8,4.4,34.15,1.4940399642909163,2.097741687598198,1.3585350290757248,-5.315054964389065,-6.202382573724396,6.297229219143574,-0.020000000000000004,-0.010000000000000009,-0.03,-0.010000000000000009,-0.05999999999999994,-0.07000000000000006,0.44,0.55,0.64,0.15999999999999998,0.11000000000000001,0.47,0.17999999999999994,-0.93,0.9000000000000004,-19.39,-1.2800000000000011,-17.299999999999997,0.45500000000000007,0.55,-0.16499999999999998,-0.45,-0.010000000000000009,3.530762586016799,-0.06444101248360097,2.3413166797595197,2.3195274699624457,1.6844977040391562,1.8831863513063984,2.3676613601035346,2.2905988164406255,2.3300099083477743,2.06656235001228,1.3585350290757248,3.3517765241980912,2.797216868642849,1.9335587266003706,1.58,1.55,2.04,2.41,3.5,3.6,3.5,3.8,3.9804290380922063,2.935982269148217,2.5817308344235403,2.574137783515943
2020-05-01,256.032,265.746,35.57,0.17,0.65,0.16,1.41,0.14,0.3,0.05,19077.992,936.0,4663250.0,84.5619,401028.0,72.3,14.8,27.51,0.3130472940411133,1.4309324152566472,-7.39861495878491,-17.318282261376304,-19.68887117672622,-26.415094339622648,0.05000000000000002,0.010000000000000009,-0.04000000000000001,-0.06,0.010000000000000009,0.1299999999999999,0.49,0.51,0.7599999999999999,0.13999999999999999,0.01999999999999999,0.44,0.2699999999999999,-0.6,10.4,-6.639999999999997,16.34,0.5,0.4716666666666667,0.51,-0.23500000000000001,0.11,0.6,3.3145495749364833,0.6150310263596754,1.4940399642909163,2.599767976845202,1.7339736996186295,2.000583470209061,2.097741687598198,2.2817391837892886,2.3378148209658223,2.0913377235709074,1.3585350290757248,1.3585350290757248,3.3517765241980912,2.242125694698238,0.65,1.55,1.83,2.42,4.4,3.6,3.6,3.7,3.530762586016799,3.6916256797819615,2.5352828571130672,2.9290581402859983
2020-06-01,255.802,265.412,39.27,0.16,0.66,0.16,1.41,0.16,0.29,0.05,19077.992,1039.0,2173400.0,85.9604,478449.0,78.1,13.2,30.43,0.1982013035848551,1.2184564692601985,-7.39861495878491,-16.047738104539413,-5.209008184395558,-19.64423820572312,0.01999999999999999,-0.010000000000000009,0.0,-0.010000000000000009,0.010000000000000009,0.0,0.5,0.5,0.7499999999999999,0.12999999999999998,0.0,0.49,0.47,0.0,-1.6000000000000014,2.919999999999998,3.700000000000003,5.799999999999997,0.47333333333333333,0.5,-0.25,0.11,0.61,3.4154289639088797,0.09895828262955439,0.3130472940411133,2.3413166797595197,2.092290394862917,1.7959105553606136,1.4309324152566472,2.3676613601035346,2.3546960942649298,1.97242800754438,-7.39861495878491,1.3585350290757248,3.3517765241980912,2.242125694698238,0.05,1.58,1.55,2.39,14.8,3.5,3.6,3.6,3.3145495749364833,3.9804290380922063,2.6232182655855123,2.71336936257981
2020-07-01,257.042,265.849,40.1,0.11,0.55,0.11,1.2,0.09,0.21,0.08,19077.992,1266.0,1490250.0,91.5934,518038.0,72.5,11.0,24.46,0.7166562831830481,1.1836841884912408,-7.39861495878491,-10.586064673581452,2.5308213145545544,1.8503620273531807,-0.07,-0.05,-0.05,-0.07999999999999999,-0.10999999999999999,-0.20999999999999996,0.44000000000000006,0.4600000000000001,0.6499999999999999,0.09999999999999999,0.020000000000000004,0.5,0.44,0.03,-2.1999999999999993,-5.969999999999999,0.8299999999999983,-5.599999999999994,0.37833333333333335,0.4600000000000001,-0.21000000000000002,0.03,0.47000000000000003,3.1970391302590264,0.020915465722605157,0.1982013035848551,1.4940399642909163,2.3195274699624457,1.671194894390049,1.2184564692601985,2.097741687598198,2.2905988164406255,2.0746001344216447,-7.39861495878491,1.3585350290757248,3.3517765241980912,2.242125694698238,0.05,0.65,1.55,2.38,13.2,4.4,3.6,3.6,3.4154289639088797,3.530762586016799,2.935982269148217,2.7800607370784824
2020-08-01,258.352,267.389,42.61,0.12,0.72,0.14,1.49,0.11,0.28,0.09,20558.879,1526.0,1383500.0,95.0256,526304.0,74.1,10.2,26.41,0.9968647625897997,1.560695837131587,-1.3646720997737227,-6.783544959427434,3.381124396227797,23.064516129032263,0.020000000000000004,0.009999999999999995,0.030000000000000013,0.07000000000000003,0.16999999999999993,0.29000000000000004,0.58,0.61,0.77,0.14,0.030000000000000013,0.44000000000000006,0.49,0.009999999999999995,-0.8000000000000007,1.9499999999999993,2.509999999999998,1.5999999999999943,0.47666666666666674,0.61,-0.27499999999999997,0.05000000000000002,0.63,3.273742726309041,0.06071263319929704,0.7166562831830481,0.3130472940411133,2.599767976845202,1.826331335037068,1.1836841884912408,1.4309324152566472,2.2817391837892886,2.1657049503490455,-7.39861495878491,-7.39861495878491,1.3585350290757248,2.797216868642849,0.08,0.05,1.55,2.4,11.0,14.8,3.6,3.7,3.1970391302590264,3.3145495749364833,3.6916256797819615,2.9433857931817817
2020-09-01,259.316,268.422,40.05,0.12,0.69,0.13,1.46,0.1,0.28,0.1,20558.879,1396.0,922400.0,95.9549,530735.0,80.4,8.4,26.37,1.2810698495523853,1.7223933878284248,-1.3646720997737227,-6.512241935326724,3.5457243137889893,1.5272727272727327,-0.009999999999999995,0.0,-0.010000000000000009,0.0,-0.030000000000000027,-0.030000000000000027,0.5599999999999999,0.59,0.77,0.15000000000000002,0.03,0.58,0.5,0.010000000000000009,-1.799999999999999,-0.03999999999999915,-2.5600000000000023,6.300000000000011,0.4633333333333333,0.59,-0.26499999999999996,0.03,0.59,3.2722270003651954,-0.06196029399745254,0.9968647625897997,0.1982013035848551,2.3413166797595197,1.7376412106666406,1.560695837131587,1.2184564692601985,2.3676613601035346,2.321135673598529,-1.3646720997737227,-7.39861495878491,1.3585350290757248,2.797216868642849,0.09,0.05,1.58,2.13,10.2,13.2,3.5,3.6,3.273742726309041,3.4154289639088797,3.9804290380922063,2.787477334733532
2020-10-01,259.997,268.933,35.64,0.13,0.88,0.14,1.65,0.09,0.38,0.09,20558.879,1473.0,851750.0,95.9669,541302.0,81.8,7.8,38.02,1.3910228912373812,1.7190644053436621,-1.3646720997737227,-6.183101854793705,6.28728288060445,12.35697940503433,-0.010000000000000009,0.010000000000000009,0.010000000000000009,0.09999999999999998,0.19000000000000006,0.18999999999999995,0.74,0.79,0.7699999999999999,0.24,0.05000000000000002,0.5599999999999999,0.44000000000000006,-0.010000000000000009,-0.6000000000000005,11.650000000000002,-4.409999999999997,1.3999999999999915,0.545,0.79,-0.345,0.05000000000000002,0.79,3.6381123370602833,-0.11666007091175962,1.2810698495523853,0.7166562831830481,1.4940399642909163,1.6844977040391562,1.7223933878284248,1.1836841884912408,2.097741687598198,2.3300099083477743,-1.3646720997737227,-7.39861495878491,1.3585350290757248,2.797216868642849,0.1,0.08,0.65,2.04,8.4,11.0,4.4,3.5,3.2722270003651954,3.1970391302590264,3.530762586016799,2.5817308344235403
2020-11-01,260.319,269.306,45.2,0.11,0.84,0.16,1.58,0.08,0.36,0.09,20791.917,1543.0,795400.0,96.7394,539114.0,76.9,6.9,20.57,1.2303863428671624,1.6364116692455521,-0.9222152417236895,-4.622683457542831,5.574485751437397,16.452830188679247,-0.009999999999999995,-0.020000000000000004,0.01999999999999999,-0.020000000000000018,-0.040000000000000036,-0.06999999999999984,0.6799999999999999,0.76,0.7400000000000001,0.19999999999999998,0.08,0.74,0.58,0.0,-0.8999999999999995,-17.450000000000003,9.560000000000002,-4.8999999999999915,0.5216666666666666,0.76,-0.29999999999999993,0.07,0.75,3.0238337036648657,0.23762848423557695,1.3910228912373812,0.9968647625897997,0.3130472940411133,1.7339736996186295,1.7190644053436621,1.560695837131587,1.4309324152566472,2.3378148209658223,-1.3646720997737227,-1.3646720997737227,-7.39861495878491,3.3517765241980912,0.09,0.09,0.05,1.83,7.8,10.2,14.8,3.6,3.6381123370602833,3.273742726309041,3.3145495749364833,2.5352828571130672
2020-12-01,260.911,269.981,48.35,0.1,0.93,0.13,1.65,0.09,0.36,0.09,20791.917,1543.0,751250.0,97.0816,533941.0,80.7,6.7,22.75,1.1757452138405844,1.6693780408814973,-0.9222152417236895,-4.763324870606622,3.836138580165893,14.042867701404283,0.009999999999999995,-0.009999999999999995,-0.03,0.0,0.09000000000000008,0.06999999999999984,0.8,0.8400000000000001,0.7199999999999999,0.22999999999999998,0.04000000000000001,0.6799999999999999,0.5599999999999999,0.0,-0.20000000000000018,2.1799999999999997,3.1499999999999986,3.799999999999997,0.5433333333333333,0.8400000000000001,-0.38,0.04000000000000001,0.8400000000000001,3.1245651453969594,0.06736913506111769,1.2303863428671624,1.2810698495523853,0.1982013035848551,2.092290394862917,1.6364116692455521,1.7223933878284248,1.2184564692601985,2.3546960942649298,-0.9222152417236895,-1.3646720997737227,-7.39861495878491,3.3517765241980912,0.09,0.1,0.05,1.55,6.9,8.4,13.2,3.6,3.0238337036648657,3.2722270003651954,3.4154289639088797,2.6232182655855123
2021-01-01,262.045,270.341,52.16,0.1,1.11,0.11,1.87,0.06,0.45,0.09,20791.917,1614.0,836750.0,98.363,538548.0,79.0,6.7,33.09,1.3204191315779434,1.624313961356294,-0.9222152417236895,-3.28150457766595,4.396878259082793,4.263565891472876,-0.03,0.0,-0.020000000000000004,0.09000000000000002,0.18000000000000005,0.2200000000000002,1.0,1.05,0.76,0.34,0.05,0.8,0.74,0.0,0.0,10.340000000000003,3.809999999999995,-1.7000000000000028,0.6166666666666667,1.05,-0.4750000000000001,0.020000000000000004,1.02,3.499231121933521,0.07584969571909403,1.1757452138405844,1.3910228912373812,0.7166562831830481,2.3195274699624457,1.6693780408814973,1.7190644053436621,1.1836841884912408,2.2905988164406255,-0.9222152417236895,-1.3646720997737227,-7.39861495878491,3.3517765241980912,0.09,0.09,0.08,1.55,6.7,7.8,11.0,3.6,3.1245651453969594,3.6381123370602833,3.1970391302590264,2.935982269148217
2021-02-01,262.687,270.387,61.55,0.08,1.44,0.14,2.17,0.04,0.75,0.09,21082.134,1624.0,827800.0,98.8822,559230.0,76.8,6.4,27.95,1.3738437137002402,1.3763703714812836,1.8007541764505586,-2.1295843569181794,8.563264022488015,2.719797596457929,-0.019999999999999997,-0.020000000000000004,0.030000000000000013,0.3,0.32999999999999985,0.2999999999999998,1.2999999999999998,1.4,0.73,0.61,0.1,1.0,0.6799999999999999,0.0,-0.2999999999999998,-5.140000000000004,9.39,-2.200000000000003,0.77,1.4,-0.6,0.05000000000000002,1.3499999999999999,3.3304171996011083,0.16553393501206493,1.3204191315779434,1.2303863428671624,0.9968647625897997,2.599767976845202,1.624313961356294,1.6364116692455521,1.560695837131587,2.2817391837892886,-0.9222152417236895,-0.9222152417236895,-1.3646720997737227,1.3585350290757248,0.09,0.09,0.09,1.55,6.7,6.9,10.2,3.6,3.499231121933521,3.0238337036648657,3.273742726309041,3.6916256797819615
2021-03-01,263.579,270.793,59.19,0.07,1.74,0.16,2.41,0.03,0.92,0.08,21082.134,1398.0,755000.0,95.6149,544891.0,84.9,6.2,19.4,1.6698167791706853,1.280248344990098,1.8007541764505586,-5.680577271180343,5.736324297052375,-9.748224661071658,-0.010000000000000002,-0.009999999999999995,0.01999999999999999,0.17000000000000004,0.30000000000000004,0.2400000000000002,1.58,1.71,0.6700000000000002,0.76,0.13,1.2999999999999998,0.8,-0.009999999999999995,-0.20000000000000018,-8.55,-2.3599999999999994,8.100000000000009,0.8883333333333333,1.71,-0.725,0.08,1.66,2.9652730660692823,-0.039097243927828804,1.3738437137002402,1.1757452138405844,1.2810698495523853,2.3413166797595197,1.3763703714812836,1.6693780408814973,1.7223933878284248,2.3676613601035346,1.8007541764505586,-0.9222152417236895,-1.3646720997737227,1.3585350290757248,0.09,0.09,0.1,1.58,6.4,6.7,8.4,3.5,3.3304171996011083,3.1245651453969594,3.2722270003651954,3.9804290380922063
2021-04-01,264.961,271.459,63.5,0.05,1.65,0.16,2.3,0.01,0.86,0.07,21082.134,1688.0,669250.0,98.3856,603581.0,88.3,6.1,18.61,2.6678187820641908,1.6494791315614155,1.8007541764505586,1.0038210492383515,28.88107378652387,33.33333333333333,-0.019999999999999997,-0.020000000000000004,0.0,-0.06000000000000005,-0.09000000000000008,-0.11000000000000032,1.49,1.64,0.6499999999999999,0.7,0.15,1.58,1.0,-0.009999999999999995,-0.10000000000000053,-0.7899999999999991,4.310000000000002,3.3999999999999915,0.8383333333333333,1.64,-0.6699999999999999,0.09,1.5799999999999998,2.9236990706541595,0.07028729719601237,1.6698167791706853,1.3204191315779434,1.3910228912373812,1.4940399642909163,1.280248344990098,1.624313961356294,1.7190644053436621,2.097741687598198,1.8007541764505586,-0.9222152417236895,-1.3646720997737227,1.3585350290757248,0.08,0.09,0.09,0.65,6.2,6.7,7.8,4.4,2.9652730660692823,3.499231121933521,3.6381123370602833,3.530762586016799
2021-05-01,266.614,273.66,66.31,0.05,1.58,0.14,2.26,0.01,0.79,0.07,21440.929,1489.0,589000.0,98.5587,608961.0,82.9,6.1,16.76,4.133077115360573,2.9780316542864504,12.385669309432568,16.55213518144698,51.849995511535354,59.08119658119657,0.0,0.0,-0.01999999999999999,-0.06999999999999995,-0.06999999999999984,-0.040000000000000036,1.44,1.57,0.6799999999999997,0.65,0.13,1.49,1.2999999999999998,0.0,0.0,-1.8499999999999979,2.8100000000000023,-5.3999999999999915,0.805,1.57,-0.655,0.07,1.51,2.818995095053937,0.043300809482130366,2.6678187820641908,1.3738437137002402,1.2303863428671624,0.3130472940411133,1.6494791315614155,1.3763703714812836,1.6364116692455521,1.4309324152566472,1.8007541764505586,1.8007541764505586,-0.9222152417236895,-7.39861495878491,0.07,0.09,0.09,0.05,6.1,6.4,6.9,14.8,2.9236990706541595,3.3304171996011083,3.0238337036648657,3.3145495749364833
2021-06-01,268.383,275.465,73.52,0.07,1.45,0.25,2.06,0.05,0.87,0.06,21440.929,1600.0,469200.0,99.4333,605282.0,85.5,5.8,15.83,4.918257089467626,3.7876961101984907,12.385669309432568,15.673379835366053,26.50919951760793,53.99422521655437,0.04,0.020000000000000004,0.10999999999999999,0.07999999999999996,-0.13000000000000012,-0.19999999999999973,1.2,1.4,0.6100000000000001,0.62,0.2,1.44,1.58,-0.010000000000000009,-0.2999999999999998,-0.9300000000000015,7.209999999999994,2.5999999999999943,0.7916666666666666,1.4,-0.5,0.19,1.39,2.761906873892921,0.10321676266665529,4.133077115360573,1.6698167791706853,1.1757452138405844,0.1982013035848551,2.9780316542864504,1.280248344990098,1.6693780408814973,1.2184564692601985,12.385669309432568,1.8007541764505586,-0.9222152417236895,-7.39861495878491,0.07,0.08,0.09,0.05,6.1,6.2,6.7,13.2,2.818995095053937,2.9652730660692823,3.1245651453969594,3.4154289639088797
2021-07-01,270.654,277.651,73.93,0.07,1.24,0.19,1.89,0.06,0.69,0.08,21440.929,1664.0,409500.0,99.7987,611950.0,81.2,5.9,18.24,5.295632620349999,4.439362194328367,12.385669309432568,8.958396565691418,18.128399847115475,31.43759873617693,0.009999999999999995,0.0,-0.06,-0.18000000000000005,-0.20999999999999996,-0.17000000000000015,1.05,1.18,0.6499999999999999,0.49999999999999994,0.13,1.2,1.49,0.020000000000000004,0.10000000000000053,2.4099999999999984,0.4100000000000108,-4.299999999999997,0.69,1.18,-0.46,0.11,1.16,2.9036169846461855,0.005561221521577166,4.918257089467626,2.6678187820641908,1.3204191315779434,0.7166562831830481,3.7876961101984907,1.6494791315614155,1.624313961356294,1.1836841884912408,12.385669309432568,1.8007541764505586,-0.9222152417236895,-7.39861495878491,0.06,0.07,0.09,0.08,5.8,6.1,6.7,11.0,2.761906873892921,2.9236990706541595,3.499231121933521,3.1970391302590264
2021-08-01,271.903,278.648,68.43,0.07,1.3,0.2,1.92,0.04,0.77,0.1,21617.828,1600.0,370000.0,100.2519,601817.0,70.3,5.4,16.48,5.245169381309234,4.210719214328185,5.1508109950936465,5.4998863464161385,14.347791390527153,4.849279161205766,-0.019999999999999997,0.0,0.010000000000000009,0.08000000000000007,0.06000000000000005,0.030000000000000027,1.1,1.26,0.6199999999999999,0.5700000000000001,0.16,1.05,1.44,0.020000000000000004,-0.5,-1.759999999999998,-5.5,-10.900000000000006,0.7166666666666667,1.26,-0.47000000000000003,0.1,1.2,2.8021475244813256,-0.07730737460460235,5.295632620349999,4.133077115360573,1.3738437137002402,0.9968647625897997,4.439362194328367,2.9780316542864504,1.3763703714812836,1.560695837131587,12.385669309432568,12.385669309432568,1.8007541764505586,-1.3646720997737227,0.08,0.07,0.09,0.09,5.9,6.1,6.4,10.2,2.9036169846461855,2.818995095053937,3.3304171996011083,3.273742726309041
2021-09-01,272.676,278.997,75.22,0.09,1.52,0.28,2.08,0.04,0.98,0.09,21617.828,1596.0,359750.0,100.0437,605533.0,72.8,5.1,23.14,5.152015301793966,3.9396919775577244,5.1508109950936465,4.261168528131454,14.093285726398296,14.326647564469909,0.0,0.01999999999999999,0.08000000000000002,0.20999999999999996,0.21999999999999997,0.16000000000000014,1.24,1.48,0.56,0.7,0.24000000000000002,1.1,1.2,-0.010000000000000009,-0.3000000000000007,6.66,6.789999999999992,2.5,0.8316666666666667,1.48,-0.5,0.19000000000000003,1.43,3.1415627217655304,0.09460582807778378,5.245169381309234,4.918257089467626,1.6698167791706853,1.2810698495523853,4.210719214328185,3.7876961101984907,1.280248344990098,1.7223933878284248,5.1508109950936465,12.385669309432568,1.8007541764505586,-1.3646720997737227,0.1,0.06,0.08,0.1,5.4,5.8,6.2,8.4,2.8021475244813256,2.761906873892921,2.9652730660692823,3.2722270003651954
2021-10-01,273.91,279.698,83.5,0.15,1.55,0.48,1.93,0.05,1.18,0.08,21617.828,1576.0,354750.0,98.8579,609671.0,71.7,4.7,16.26,5.351215590949132,4.002855729865806,5.1508109950936465,3.0124970172007215,12.63047245345481,6.9925322471147355,0.010000000000000002,0.06,0.19999999999999996,0.19999999999999996,0.030000000000000027,-0.15000000000000013,1.07,1.5,0.3799999999999999,0.7,0.43,1.24,1.05,-0.009999999999999995,-0.39999999999999947,-6.879999999999999,8.280000000000001,-1.0999999999999943,0.89,1.5,-0.32000000000000006,0.39999999999999997,1.47,2.7887081041196646,0.10442947881461954,5.152015301793966,5.295632620349999,2.6678187820641908,1.3910228912373812,3.9396919775577244,4.439362194328367,1.6494791315614155,1.7190644053436621,5.1508109950936465,12.385669309432568,1.8007541764505586,-1.3646720997737227,0.09,0.08,0.07,0.09,5.1,5.9,6.1,7.8,3.1415627217655304,2.9036169846461855,2.9236990706541595,3.6381123370602833
2021-11-01,276.55,281.668,66.14,0.24,1.43,0.52,1.78,0.05,1.14,0.08,21988.737,1587.0,284400.0,100.1861,618573.0,67.4,4.5,27.19,6.235042390298062,4.590317334184912,5.756179192135091,3.5628709708763973,14.73881219927511,2.8515878159429686,0.0,0.09,0.040000000000000036,-0.040000000000000036,-0.1200000000000001,-0.1499999999999999,0.9099999999999999,1.38,0.3500000000000001,0.6199999999999999,0.47000000000000003,1.07,1.1,0.0,-0.20000000000000018,10.93,-17.36,-4.299999999999997,0.86,1.38,-0.21999999999999997,0.44,1.3499999999999999,3.3028492586443794,-0.23307292430316304,5.351215590949132,5.245169381309234,4.133077115360573,1.2303863428671624,4.002855729865806,4.210719214328185,2.9780316542864504,1.6364116692455521,5.1508109950936465,5.1508109950936465,12.385669309432568,-0.9222152417236895,0.08,0.1,0.07,0.09,4.7,5.4,6.1,6.9,2.7887081041196646,2.8021475244813256,2.818995095053937,3.0238337036648657
2021-12-01,278.919,283.406,75.33,0.39,1.52,0.73,1.9,0.06,1.26,0.08,21988.737,1707.0,236500.0,100.8654,624874.0,70.6,4.1,17.22,6.901970403700863,4.972572143965692,5.756179192135091,3.897545981936834,17.0305333360802,10.628645495787437,0.009999999999999995,0.15000000000000002,0.20999999999999996,0.1200000000000001,0.09000000000000008,0.11999999999999988,0.79,1.46,0.3799999999999999,0.53,0.6699999999999999,0.9099999999999999,1.24,0.0,-0.40000000000000036,-9.970000000000002,9.189999999999998,3.1999999999999886,0.9766666666666666,1.46,-0.06000000000000005,0.65,1.44,2.8460714989995846,0.13010475428395657,6.235042390298062,5.152015301793966,4.918257089467626,1.1757452138405844,4.590317334184912,3.9396919775577244,3.7876961101984907,1.6693780408814973,5.756179192135091,5.1508109950936465,12.385669309432568,-0.9222152417236895,0.08,0.09,0.06,0.09,4.5,5.1,5.8,6.7,3.3028492586443794,3.1415627217655304,2.761906873892921,3.1245651453969594
2022-01-01,280.845,285.18,89.16,0.78,1.79,1.18,2.11,0.22,1.62,0.08,21988.737,1711.0,216250.0,100.5726,619938.0,67.2,3.9,24.83,7.174340285065539,5.488993530393094,5.756179192135091,2.2463731281071153,15.112859020922919,6.009913258983901,0.16,0.39,0.44999999999999996,0.3600000000000001,0.27,0.20999999999999996,0.6100000000000001,1.57,0.31999999999999984,0.44000000000000017,0.96,0.79,1.07,0.0,-0.19999999999999973,7.609999999999999,13.829999999999998,-3.3999999999999915,1.2833333333333332,1.57,0.17499999999999982,1.0999999999999999,1.71,3.2120525995200753,0.16855404668006485,6.901970403700863,5.351215590949132,5.295632620349999,1.3204191315779434,4.972572143965692,4.002855729865806,4.439362194328367,1.624313961356294,5.756179192135091,5.1508109950936465,12.385669309432568,-0.9222152417236895,0.08,0.08,0.08,0.09,4.1,4.7,5.9,6.7,2.8460714989995846,2.7887081041196646,2.9036169846461855,3.499231121933521
2022-02-01,282.543,286.757,96.13,1.01,1.83,1.44,2.17,0.35,1.71,0.08,21932.71,1693.0,239200.0,100.1856,631509.0,62.8,4.0,30.15,7.558805726967832,6.05428515424189,4.034582077886428,1.3181341030033655,12.92473579743576,4.248768472906406,0.12999999999999998,0.22999999999999998,0.26,0.08999999999999986,0.040000000000000036,0.06000000000000005,0.3900000000000001,1.48,0.33999999999999986,0.27,1.0899999999999999,0.6100000000000001,0.9099999999999999,0.0,0.10000000000000009,5.32,6.969999999999999,-4.400000000000006,1.4183333333333332,1.48,0.34999999999999987,1.3599999999999999,1.75,3.4061849231731944,0.0752689335600566,7.174340285065539,6.235042390298062,5.245169381309234,1.3738437137002402,5.488993530393094,4.590317334184912,4.210719214328185,1.3763703714812836,5.756179192135091,5.756179192135091,5.1508109950936465,1.8007541764505586,0.08,0.08,0.1,0.09,3.9,4.5,5.4,6.4,3.2120525995200753,3.3028492586443794,2.8021475244813256,3.3304171996011083
2022-03-01,284.5,288.273,100.53,1.63,2.32,2.28,2.44,0.52,2.42,0.08,21932.71,1730.0,219000.0,100.8064,638101.0,59.4,3.9,20.56,7.937278766517819,6.4551151617656455,4.034582077886428,5.429593086433182,17.10617352828363,23.748211731044357,0.17000000000000004,0.6199999999999999,0.8399999999999999,0.71,0.48999999999999977,0.27,0.040000000000000036,1.7999999999999998,0.1200000000000001,0.14000000000000012,1.7599999999999998,0.3900000000000001,0.79,0.0,-0.10000000000000009,-9.59,4.400000000000006,-3.3999999999999986,1.9349999999999998,1.7999999999999998,0.8599999999999999,2.1999999999999997,2.2399999999999998,3.0233474405869645,0.04475474833960396,7.558805726967832,6.901970403700863,5.152015301793966,1.6698167791706853,6.05428515424189,4.972572143965692,3.9396919775577244,1.280248344990098,4.034582077886428,5.756179192135091,5.1508109950936465,1.8007541764505586,0.08,0.08,0.09,0.08,4.0,4.1,5.1,6.2,3.4061849231731944,2.8460714989995846,3.1415627217655304,2.9652730660692823
2022-04-01,287.674,289.056,104.59,2.1,2.89,2.7,2.96,0.85,2.92,0.2,21932.71,1700.0,215000.0,101.3907,651027.0,65.2,3.7,33.4,8.572204966013853,6.482378554404167,4.034582077886428,3.0544104015221674,7.860751083947304,0.7109004739336511,0.32999999999999996,0.4700000000000002,0.4200000000000004,0.5,0.5700000000000003,0.52,0.18999999999999995,2.04,0.06999999999999984,0.21999999999999975,1.85,0.040000000000000036,0.6100000000000001,0.12000000000000001,-0.19999999999999973,12.84,4.060000000000002,5.800000000000004,2.4033333333333338,2.04,0.8300000000000001,2.5,2.69,3.5085558999826545,0.03959175434884805,7.937278766517819,7.174340285065539,5.351215590949132,2.6678187820641908,6.4551151617656455,5.488993530393094,4.002855729865806,1.6494791315614155,4.034582077886428,5.756179192135091,5.1508109950936465,1.8007541764505586,0.08,0.08,0.08,0.07,3.9,3.9,4.7,6.1,3.0233474405869645,3.2120525995200753,2.7887081041196646,2.9236990706541595
2022-05-01,288.561,290.514,114.38,2.08,2.85,2.53,3.07,1.16,2.81,0.33,21967.045,1807.0,213000.0,101.44,660194.0,58.4,3.7,26.19,8.231750770777225,6.158737119052837,2.4537929303342976,2.923435475508507,8.413182453391933,21.356615177971783,0.30999999999999994,-0.020000000000000018,-0.17000000000000037,-0.10999999999999988,-0.040000000000000036,0.10999999999999988,0.3200000000000003,1.6900000000000002,0.21999999999999975,0.28000000000000025,1.3699999999999999,0.18999999999999995,0.3900000000000001,0.13,0.0,-7.209999999999997,9.789999999999992,-6.800000000000004,2.4166666666666665,1.6900000000000002,0.5249999999999999,2.1999999999999997,2.52,3.2653776585196206,0.08947829372099325,8.572204966013853,7.558805726967832,6.235042390298062,4.133077115360573,6.482378554404167,6.05428515424189,4.590317334184912,2.9780316542864504,4.034582077886428,4.034582077886428,5.756179192135091,12.385669309432568,0.2,0.08,0.08,0.07,3.7,4.0,4.5,6.1,3.5085558999826545,3.4061849231731944,3.3028492586443794,2.818995095053937
2022-06-01,291.298,292.063,107.76,2.8,2.98,2.92,3.14,1.72,3.01,0.77,21967.045,1546.0,209750.0,101.3335,659847.0,50.0,3.6,28.71,8.538171195642065,6.0254478790408905,2.4537929303342976,1.9110298059100916,9.014806321681457,-3.3749999999999947,0.56,0.7199999999999998,0.3900000000000001,0.19999999999999973,0.1299999999999999,0.07000000000000028,0.06000000000000005,1.26,0.16000000000000014,0.08999999999999986,1.2,0.3200000000000003,0.040000000000000036,0.44,-0.10000000000000009,2.5199999999999996,-6.61999999999999,-8.399999999999999,2.7616666666666667,1.26,0.5699999999999998,2.15,2.21,3.3572454941329726,-0.05961970638506148,8.231750770777225,7.937278766517819,6.901970403700863,4.918257089467626,6.158737119052837,6.4551151617656455,4.972572143965692,3.7876961101984907,2.4537929303342976,4.034582077886428,5.756179192135091,12.385669309432568,0.33,0.08,0.08,0.06,3.7,3.9,4.1,5.8,3.2653776585196206,3.0233474405869645,2.8460714989995846,2.761906873892921
2022-07-01,294.957,294.05,101.31,2.98,2.67,2.89,3.0,2.41,2.7,1.21,21967.045,1556.0,212500.0,101.018,666113.0,51.5,3.6,21.33,8.979361103105798,5.906335651591377,2.4537929303342976,1.2217594016755706,8.850886510335808,-6.490384615384615,0.6900000000000002,0.18000000000000016,-0.029999999999999805,-0.3099999999999996,-0.31000000000000005,-0.14000000000000012,-0.2200000000000002,0.2599999999999998,0.33000000000000007,-0.18999999999999995,0.48,0.06000000000000005,0.18999999999999995,0.43999999999999995,0.0,-7.380000000000003,-6.450000000000003,1.5,2.775,0.2599999999999998,0.3500000000000001,1.6800000000000002,1.46,3.0601145324832593,-0.061721409036522575,8.538171195642065,8.572204966013853,7.174340285065539,5.295632620349999,6.0254478790408905,6.482378554404167,5.488993530393094,4.439362194328367,2.4537929303342976,4.034582077886428,5.756179192135091,12.385669309432568,0.77,0.2,0.08,0.08,3.6,3.7,3.9,5.9,3.3572454941329726,3.5085558999826545,3.2120525995200753,2.9036169846461855
2022-08-01,294.913,295.088,90.09,3.5,3.15,3.45,3.27,2.96,3.3,1.68,22125.625,1382.0,218200.0,101.223,659550.0,58.2,3.5,25.87,8.462576727730099,5.899916740834321,2.3489732641040373,0.968659945597028,9.593115515181516,-13.624999999999998,0.5499999999999998,0.52,0.56,0.5999999999999996,0.48,0.27,-0.30000000000000027,0.18999999999999995,0.1200000000000001,-0.15000000000000036,0.4900000000000002,-0.2200000000000002,0.3200000000000003,0.47,-0.10000000000000009,4.540000000000003,-11.219999999999999,6.700000000000003,3.2716666666666665,0.18999999999999995,0.39500000000000046,1.7700000000000002,1.47,3.2530839961979376,-0.11737595240223735,8.979361103105798,8.231750770777225,7.558805726967832,5.245169381309234,5.906335651591377,6.158737119052837,6.05428515424189,4.210719214328185,2.4537929303342976,2.4537929303342976,4.034582077886428,5.1508109950936465,1.21,0.33,0.08,0.1,3.6,3.7,4.0,5.4,3.0601145324832593,3.2653776585196206,3.4061849231731944,2.8021475244813256
2022-09-01,295.097,296.535,79.91,4.05,3.83,4.22,3.79,3.33,4.06,2.33,22125.625,1532.0,216500.0,101.0963,663566.0,58.6,3.6,31.62,8.222579178218826,6.286089097732228,2.3489732641040373,1.0521402147261716,9.583788166788597,-4.010025062656641,0.3700000000000001,0.5499999999999998,0.7699999999999996,0.7599999999999998,0.6800000000000002,0.52,-0.3899999999999997,0.5,-0.040000000000000036,-0.16000000000000014,0.8899999999999997,-0.30000000000000027,0.06000000000000005,0.6500000000000001,0.10000000000000009,5.75,-10.180000000000007,0.3999999999999986,3.8800000000000003,0.5,0.6399999999999997,1.8899999999999997,1.5,3.453789831781326,-0.1199081692769772,8.462576727730099,8.538171195642065,7.937278766517819,5.152015301793966,5.899916740834321,6.0254478790408905,6.4551151617656455,3.9396919775577244,2.3489732641040373,2.4537929303342976,4.034582077886428,5.1508109950936465,1.68,0.77,0.08,0.09,3.5,3.6,3.9,5.1,3.2530839961979376,3.3572454941329726,3.0233474405869645,3.1415627217655304
2022-10-01,296.349,298.226,86.54,4.66,4.1,4.51,4.22,4.22,4.27,2.56,22125.625,1481.0,197500.0,101.2918,661854.0,59.9,3.5,25.88,8.192106896425821,6.624287624509306,2.3489732641040373,2.462018715752601,8.559206522862329,-6.027918781725883,0.8899999999999997,0.6100000000000003,0.29000000000000004,0.20999999999999996,0.2699999999999996,0.4299999999999997,-0.41000000000000014,-0.1200000000000001,0.1200000000000001,-0.2400000000000002,0.29000000000000004,-0.3899999999999997,-0.2200000000000002,0.22999999999999998,-0.10000000000000009,-5.740000000000002,6.63000000000001,1.2999999999999972,4.329999999999999,-0.1200000000000001,0.34999999999999964,1.9499999999999997,1.5399999999999996,3.2534704696327,0.07970573341036737,8.222579178218826,8.979361103105798,8.572204966013853,5.351215590949132,6.286089097732228,5.906335651591377,6.482378554404167,4.002855729865806,2.3489732641040373,2.4537929303342976,4.034582077886428,5.1508109950936465,2.33,1.21,0.2,0.08,3.6,3.6,3.7,4.7,3.453789831781326,3.0601145324832593,3.5085558999826545,2.7887081041196646
2022-11-01,298.007,299.399,80.48,4.74,3.68,4.38,3.8,4.37,3.82,3.08,22278.345,1446.0,202600.0,101.2529,668671.0,56.7,3.6,20.58,7.758813957693,6.294999786983246,1.3170742821654535,1.0648183730078253,8.098963258984782,-8.884688090737235,0.15000000000000036,0.08000000000000007,-0.1299999999999999,-0.44999999999999973,-0.4199999999999995,-0.41999999999999993,-0.6999999999999997,-0.69,0.11999999999999966,-0.56,0.009999999999999787,-0.41000000000000014,-0.30000000000000027,0.52,0.10000000000000009,-5.300000000000001,-6.060000000000002,-3.1999999999999957,4.131666666666667,-0.69,0.35499999999999954,1.2999999999999998,0.6000000000000001,3.0243197304059035,-0.07259802844530973,8.192106896425821,8.462576727730099,8.231750770777225,6.235042390298062,6.624287624509306,5.899916740834321,6.158737119052837,4.590317334184912,2.3489732641040373,2.3489732641040373,2.4537929303342976,5.756179192135091,2.56,1.68,0.33,0.08,3.5,3.5,3.7,4.5,3.2534704696327,3.2530839961979376,3.2653776585196206,3.3028492586443794
2022-12-01,298.786,300.325,80.16,4.73,3.88,4.41,3.97,4.42,3.99,3.78,22278.345,1434.0,210750.0,100.9552,659458.0,59.8,3.6,21.67,7.122856456533988,5.969880665899807,1.3170742821654535,0.08902953837490735,5.534555766442506,-15.992970123022843,0.04999999999999982,-0.009999999999999787,0.03000000000000025,0.17000000000000037,0.19999999999999973,0.17000000000000037,-0.5300000000000002,-0.54,0.0900000000000003,-0.41999999999999993,-0.009999999999999787,-0.6999999999999997,-0.3899999999999997,0.6999999999999997,0.0,1.0900000000000034,-0.3200000000000074,3.0999999999999943,4.233333333333333,-0.54,0.2599999999999998,0.6300000000000003,0.10000000000000009,3.075928815548268,-0.003984069014874459,7.758813957693,8.222579178218826,8.538171195642065,6.901970403700863,6.294999786983246,6.286089097732228,6.0254478790408905,4.972572143965692,1.3170742821654535,2.3489732641040373,2.4537929303342976,5.756179192135091,3.08,2.33,0.77,0.08,3.6,3.6,3.6,4.1,3.0243197304059035,3.453789831781326,3.3572454941329726,2.8460714989995846
2023-01-01,298.832,301.394,78.95,4.68,3.52,4.21,3.65,4.7,3.63,4.1,22278.345,1296.0,208200.0,99.7664,651763.0,64.9,3.5,19.4,6.404600402357152,5.685531944736666,1.3170742821654535,-0.8016099812473643,5.133577873916417,-24.254821741671538,0.28000000000000025,-0.05000000000000071,-0.20000000000000018,-0.3600000000000003,-0.3599999999999999,-0.3200000000000003,-0.69,-1.1800000000000002,0.1299999999999999,-0.5800000000000001,-0.4900000000000002,-0.5300000000000002,-0.41000000000000014,0.31999999999999984,-0.10000000000000009,-2.270000000000003,-1.2099999999999937,5.1000000000000085,4.0649999999999995,-1.1800000000000002,0.09999999999999964,0.11000000000000032,-0.5799999999999996,2.9652730660692823,-0.015209896634903483,7.122856456533988,8.192106896425821,8.979361103105798,7.174340285065539,5.969880665899807,6.624287624509306,5.906335651591377,5.488993530393094,1.3170742821654535,2.3489732641040373,2.4537929303342976,5.756179192135091,3.78,2.56,1.21,0.08,3.6,3.5,3.6,3.9,3.075928815548268,3.2534704696327,3.0601145324832593,3.2120525995200753
2023-02-01,300.42,302.642,76.88,5.02,3.92,4.81,3.93,4.88,4.18,4.33,22439.607,1358.0,204500.0,100.505,680253.0,66.9,3.5,20.7,6.327178517960097,5.539533472591773,2.3111462286238282,0.3188082918103907,7.718654841023653,-19.787359716479624,0.17999999999999972,0.33999999999999986,0.5999999999999996,0.5499999999999998,0.3999999999999999,0.28000000000000025,-0.8899999999999997,-0.96,0.010000000000000231,-0.6299999999999999,-0.07000000000000028,-0.69,-0.6999999999999997,0.23000000000000043,0.0,1.3000000000000007,-2.0700000000000074,2.0,4.456666666666666,-0.96,0.40999999999999925,0.47999999999999954,-0.41000000000000014,3.0301337002713233,-0.02656897603961414,6.404600402357152,7.758813957693,8.462576727730099,7.558805726967832,5.685531944736666,6.294999786983246,5.899916740834321,6.05428515424189,1.3170742821654535,1.3170742821654535,2.3489732641040373,4.034582077886428,4.1,3.08,1.68,0.08,3.5,3.6,3.5,4.0,2.9652730660692823,3.0243197304059035,3.2530839961979376,3.4061849231731944
2023-03-01,301.45,304.123,75.68,4.64,3.48,4.06,3.67,4.85,3.6,4.57,22439.607,1395.0,214750.0,100.6416,672152.0,62.0,3.6,18.7,5.957820738137087,5.498260329618088,2.3111462286238282,-0.1634816837026265,5.336302560252992,-19.36416184971098,-0.03000000000000025,-0.3799999999999999,-0.75,-0.5799999999999996,-0.43999999999999995,-0.26000000000000023,-0.5799999999999996,-1.3699999999999997,0.18999999999999995,-0.4599999999999995,-0.79,-0.8899999999999997,-0.5300000000000002,0.2400000000000002,0.10000000000000009,-2.0,-1.1999999999999886,-4.900000000000006,4.05,-1.3699999999999997,-0.10500000000000043,-0.5100000000000007,-1.0900000000000003,2.928523523860541,-0.01573183991841412,6.327178517960097,7.122856456533988,8.222579178218826,7.937278766517819,5.539533472591773,5.969880665899807,6.286089097732228,6.4551151617656455,2.3111462286238282,1.3170742821654535,2.3489732641040373,4.034582077886428,4.33,3.78,2.33,0.08,3.5,3.6,3.6,3.9,3.0301337002713233,3.075928815548268,3.453789831781326,3.0233474405869645
2023-04-01,301.821,305.147,76.78,4.8,3.44,4.04,3.67,5.1,3.51,4.65,22439.607,1366.0,229000.0,101.0205,665071.0,63.7,3.5,15.78,4.917719362889961,5.566741392671326,2.3111462286238282,-0.36512224493961964,2.1572069975592356,-19.647058823529406,0.25,0.16000000000000014,-0.019999999999999574,-0.0900000000000003,-0.040000000000000036,0.0,-0.6000000000000001,-1.6599999999999997,0.22999999999999998,-0.5300000000000002,-1.0599999999999996,-0.5799999999999996,-0.69,0.08000000000000007,-0.10000000000000009,-2.92,1.0999999999999943,1.7000000000000028,4.093333333333333,-1.6599999999999997,-0.22999999999999954,-0.6100000000000003,-1.2100000000000004,2.7587433154177283,0.014430264829028837,5.957820738137087,6.404600402357152,8.192106896425821,8.572204966013853,5.498260329618088,5.685531944736666,6.624287624509306,6.482378554404167,2.3111462286238282,1.3170742821654535,2.3489732641040373,4.034582077886428,4.57,4.1,2.56,0.2,3.6,3.5,3.5,3.7,2.928523523860541,2.9652730660692823,3.2534704696327,3.5085558999826545
2023-05-01,302.845,306.534,68.11,5.18,3.64,4.4,3.85,5.52,3.74,4.83,22580.499,1343.0,216400.0,101.253,670494.0,59.0,3.4,17.94,4.950079879124369,5.514364195873522,2.792610476283919,-0.1843454258675048,1.5601474718037522,-25.677919203099066,0.41999999999999993,0.3799999999999999,0.3600000000000003,0.23000000000000043,0.20000000000000018,0.18000000000000016,-0.7600000000000002,-1.8799999999999994,0.20999999999999996,-0.6600000000000001,-1.1199999999999992,-0.6000000000000001,-0.8899999999999997,0.17999999999999972,-0.10000000000000009,2.160000000000002,-8.670000000000002,-4.700000000000003,4.388333333333334,-1.8799999999999994,-0.17999999999999972,-0.4299999999999997,-1.19,2.88703285663065,-0.11982014431942473,4.917719362889961,6.327178517960097,7.758813957693,8.231750770777225,5.566741392671326,5.539533472591773,6.294999786983246,6.158737119052837,2.3111462286238282,2.3111462286238282,1.3170742821654535,2.4537929303342976,4.65,4.33,3.08,0.33,3.5,3.5,3.6,3.7,2.7587433154177283,3.0301337002713233,3.0243197304059035,3.2653776585196206
2023-06-01,303.334,307.652,70.66,5.4,3.81,4.87,3.85,5.43,4.13,5.06,22580.499,1609.0,226000.0,100.9286,673902.0,64.2,3.6,13.59,4.131851231385042,5.337547036084689,2.792610476283919,-0.39957171123073953,2.1300392363684306,4.07503234152653,-0.08999999999999986,0.22000000000000064,0.46999999999999975,0.3899999999999997,0.16999999999999993,0.0,-1.06,-1.6199999999999997,0.040000000000000036,-0.7400000000000002,-0.5599999999999996,-0.7600000000000002,-0.5799999999999996,0.22999999999999954,0.20000000000000018,-4.350000000000001,2.549999999999997,5.200000000000003,4.581666666666666,-1.6199999999999997,0.25,-0.1899999999999995,-1.2499999999999996,2.6093342281630525,0.03675559667777202,4.950079879124369,5.957820738137087,7.122856456533988,8.538171195642065,5.514364195873522,5.498260329618088,5.969880665899807,6.0254478790408905,2.792610476283919,2.3111462286238282,1.3170742821654535,2.4537929303342976,4.83,4.57,3.78,0.77,3.4,3.6,3.6,3.6,2.88703285663065,2.928523523860541,3.075928815548268,3.3572454941329726
2023-07-01,304.014,308.322,81.8,5.37,3.97,4.88,4.02,5.55,4.18,5.08,22580.499,1420.0,250750.0,100.1196,677117.0,71.5,3.6,13.63,3.070617072997095,4.853596327155252,2.792610476283919,-0.8893464531073647,1.6519719627150264,-8.740359897172233,0.1200000000000001,-0.03000000000000025,0.009999999999999787,0.04999999999999982,0.16000000000000014,0.16999999999999948,-0.9099999999999997,-1.5799999999999996,0.04999999999999938,-0.7000000000000002,-0.6699999999999999,-1.06,-0.6000000000000001,0.020000000000000462,0.0,0.040000000000000924,11.14,7.299999999999997,4.661666666666666,-1.5799999999999996,0.1200000000000001,-0.20000000000000018,-1.1099999999999999,2.612273245708441,0.14639760167770227,4.131851231385042,4.917719362889961,6.404600402357152,8.979361103105798,5.337547036084689,5.566741392671326,5.685531944736666,5.906335651591377,2.792610476283919,2.3111462286238282,1.3170742821654535,2.4537929303342976,5.06,4.65,4.1,1.21,3.6,3.5,3.5,3.6,2.6093342281630525,2.7587433154177283,2.9652730660692823,3.0601145324832593
2023-08-01,304.609,308.96,83.55,5.37,4.09,4.85,4.2,5.56,4.23,5.12,22840.989,1464.0,235200.0,100.9067,678424.0,69.4,3.5,13.57,3.287749268428297,4.700970557935236,3.2331922827038895,-0.31247838929887584,2.861648093397018,5.933429811866864,0.009999999999999787,0.0,-0.03000000000000025,0.05000000000000071,0.11999999999999966,0.1800000000000006,-0.7599999999999998,-1.4699999999999998,0.11000000000000032,-0.6199999999999992,-0.71,-0.9099999999999997,-0.7600000000000002,0.040000000000000036,-0.10000000000000009,-0.0600000000000005,1.75,-2.0999999999999943,4.716666666666666,-1.4699999999999998,0.025000000000000355,-0.27000000000000046,-1.0300000000000002,2.6078614738467776,0.02116801143270143,3.070617072997095,4.950079879124369,6.327178517960097,8.462576727730099,4.853596327155252,5.514364195873522,5.539533472591773,5.899916740834321,2.792610476283919,2.792610476283919,2.3111462286238282,2.3489732641040373,5.08,4.83,4.33,1.68,3.6,3.4,3.5,3.5,2.612273245708441,2.88703285663065,3.0301337002713233,3.2530839961979376
2023-09-01,306.082,309.58,90.77,5.46,4.59,5.03,4.73,5.55,4.6,5.33,22840.989,1321.0,245000.0,100.8393,684755.0,67.8,3.7,17.52,3.722504803505289,4.399143440066089,3.2331922827038895,-0.25421306219911566,3.1932015805511416,-13.77284595300261,-0.009999999999999787,0.08999999999999986,0.1800000000000006,0.3699999999999992,0.5,0.5300000000000002,-0.4400000000000004,-0.96,0.14000000000000057,-0.4300000000000006,-0.5199999999999996,-0.7599999999999998,-1.06,0.20999999999999996,0.20000000000000018,3.9499999999999993,7.219999999999999,-1.6000000000000085,4.993333333333333,-0.96,-0.040000000000000036,-0.2999999999999998,-0.7400000000000002,2.8633430855082453,0.0828835794971332,3.287749268428297,4.131851231385042,5.957820738137087,8.222579178218826,4.700970557935236,5.337547036084689,5.498260329618088,6.286089097732228,3.2331922827038895,2.792610476283919,2.3111462286238282,2.3489732641040373,5.12,5.06,4.57,2.33,3.5,3.6,3.6,3.6,2.6078614738467776,2.6093342281630525,2.928523523860541,3.453789831781326
2023-10-01,307.276,310.539,81.64,5.44,4.88,5.07,5.04,5.59,4.82,5.33,22840.989,1369.0,218600.0,101.0211,689403.0,63.8,3.7,18.14,3.687206638119256,4.128747996485882,3.2331922827038895,-0.2672476942852109,4.16239835371548,-7.562457798784605,0.040000000000000036,-0.019999999999999574,0.040000000000000036,0.22000000000000064,0.29000000000000004,0.3099999999999996,-0.1900000000000004,-0.71,0.16000000000000014,-0.25,-0.5199999999999996,-0.4400000000000004,-0.9099999999999997,0.0,0.0,0.620000000000001,-9.129999999999995,-4.0,5.14,-0.71,-0.16499999999999915,-0.2599999999999998,-0.4500000000000002,2.8981194446869907,-0.1060094965968918,3.722504803505289,3.070617072997095,4.917719362889961,8.192106896425821,4.399143440066089,4.853596327155252,5.566741392671326,6.624287624509306,3.2331922827038895,2.792610476283919,2.3111462286238282,2.3489732641040373,5.33,5.08,4.65,2.56,3.7,3.6,3.5,3.5,2.8633430855082453,2.612273245708441,2.7587433154177283,3.2534704696327
2023-11-01,307.696,311.457,75.66,5.16,4.37,4.73,4.54,5.45,4.31,5.33,23033.78,1380.0,210250.0,100.4689,686148.0,61.3,3.9,12.92,3.2512659098611785,4.027401561127464,3.390893713155063,-0.7742988102069082,2.613691935196827,-4.56431535269709,-0.13999999999999968,-0.28000000000000025,-0.33999999999999986,-0.5100000000000007,-0.5099999999999998,-0.5,-0.3600000000000003,-1.08,0.16999999999999993,-0.4200000000000008,-0.7199999999999998,-0.1900000000000004,-0.7599999999999998,0.0,0.19999999999999973,-5.220000000000001,-5.980000000000004,-2.5,4.76,-1.08,-0.17999999999999972,-0.5999999999999996,-0.96,2.558776498354456,-0.07606971873676095,3.687206638119256,3.287749268428297,4.950079879124369,7.758813957693,4.128747996485882,4.700970557935236,5.514364195873522,6.294999786983246,3.2331922827038895,3.2331922827038895,2.792610476283919,1.3170742821654535,5.33,5.12,4.83,3.08,3.7,3.5,3.4,3.6,2.8981194446869907,2.6078614738467776,2.88703285663065,3.0243197304059035
2023-12-01,308.148,312.392,71.89,4.79,3.88,4.23,4.03,5.4,3.84,5.33,23033.78,1522.0,218000.0,100.8639,685328.0,69.7,3.7,12.45,3.1333462745911866,4.017980521102138,3.390893713155063,-0.09043615385835313,3.922918517934426,6.136680613668055,-0.04999999999999982,-0.3700000000000001,-0.5,-0.46999999999999975,-0.4900000000000002,-0.5099999999999998,-0.35000000000000053,-1.5200000000000005,0.15000000000000036,-0.39000000000000057,-1.17,-0.3600000000000003,-0.4400000000000004,0.0,-0.19999999999999973,-0.47000000000000064,-3.769999999999996,8.400000000000006,4.361666666666667,-1.5200000000000005,-0.41000000000000014,-1.0999999999999996,-1.4500000000000002,2.5217206229107165,-0.051112446209102956,3.2512659098611785,3.722504803505289,4.131851231385042,7.122856456533988,4.027401561127464,4.399143440066089,5.337547036084689,5.969880665899807,3.390893713155063,3.2331922827038895,2.792610476283919,1.3170742821654535,5.33,5.33,5.06,3.78,3.9,3.7,3.6,3.6,2.558776498354456,2.8633430855082453,2.6093342281630525,3.075928815548268
2024-01-01,308.741,313.195,76.28,4.73,3.99,4.27,4.22,5.42,3.91,5.33,23033.78,1504.0,207800.0,100.6031,686277.0,79.0,3.8,14.35,3.3159099427102934,3.9154727698627045,3.390893713155063,0.8386591076755323,5.295483174098559,16.049382716049386,0.019999999999999574,-0.05999999999999961,0.03999999999999915,0.07000000000000028,0.11000000000000032,0.1899999999999995,-0.27999999999999936,-1.4299999999999997,0.22999999999999954,-0.35999999999999943,-1.1500000000000004,-0.35000000000000053,-0.1900000000000004,0.0,0.09999999999999964,1.9000000000000004,4.390000000000001,9.299999999999997,4.423333333333333,-1.4299999999999997,-0.4350000000000005,-1.0600000000000005,-1.3399999999999999,2.66374994220563,0.059273607736438194,3.1333462745911866,3.687206638119256,3.070617072997095,6.404600402357152,4.017980521102138,4.128747996485882,4.853596327155252,5.685531944736666,3.390893713155063,3.2331922827038895,2.792610476283919,1.3170742821654535,5.33,5.33,5.08,4.1,3.7,3.7,3.6,3.5,2.5217206229107165,2.8981194446869907,2.612273245708441,2.9652730660692823
2024-02-01,309.698,314.319,79.22,5.01,4.25,4.64,4.38,5.45,4.26,5.33,23082.119,1378.0,211500.0,99.2223,680456.0,76.9,3.7,13.4,3.0883429864855705,3.8583540949372663,2.8632943527041155,-1.2762549126908995,0.029841838257227415,1.4727540500736325,0.03000000000000025,0.27999999999999936,0.3700000000000001,0.34999999999999964,0.2599999999999998,0.16000000000000014,-0.3899999999999997,-1.2000000000000002,0.1299999999999999,-0.3799999999999999,-0.8100000000000005,-0.27999999999999936,-0.3600000000000003,0.0,-0.09999999999999964,-0.9499999999999993,2.9399999999999977,-2.0999999999999943,4.665,-1.2000000000000002,-0.20999999999999996,-0.6900000000000004,-1.08,2.5952547069568657,0.0378180114615523,3.3159099427102934,3.2512659098611785,3.287749268428297,6.327178517960097,3.9154727698627045,4.027401561127464,4.700970557935236,5.539533472591773,3.390893713155063,3.390893713155063,3.2331922827038895,2.3111462286238282,5.33,5.33,5.12,4.33,3.8,3.9,3.5,3.5,2.66374994220563,2.558776498354456,2.6078614738467776,3.0301337002713233
2024-03-01,310.967,315.564,83.96,5.03,4.2,4.59,4.34,5.46,4.21,5.33,23082.119,1555.0,210000.0,100.285,685280.0,79.4,3.9,13.01,3.157074141648697,3.7619647313751337,2.8632943527041155,-0.3543266402759926,1.9531296492460104,11.46953405017921,0.009999999999999787,0.020000000000000462,-0.04999999999999982,-0.04999999999999982,-0.04999999999999982,-0.040000000000000036,-0.3899999999999997,-1.2599999999999998,0.13999999999999968,-0.3799999999999999,-0.8700000000000001,-0.3899999999999997,-0.35000000000000053,0.0,0.19999999999999973,-0.39000000000000057,4.739999999999995,2.5,4.638333333333333,-1.2599999999999998,-0.2400000000000002,-0.7400000000000002,-1.13,2.565718292524414,0.058111702758661524,3.0883429864855705,3.1333462745911866,3.722504803505289,5.957820738137087,3.8583540949372663,4.017980521102138,4.399143440066089,5.498260329618088,2.8632943527041155,3.390893713155063,3.2331922827038895,2.3111462286238282,5.33,5.33,5.33,4.57,3.7,3.7,3.7,3.6,2.5952547069568657,2.5217206229107165,2.8633430855082453,2.928523523860541
2024-04-01,312.345,316.792,83.49,5.25,4.69,5.04,4.79,5.46,4.72,5.33,23082.119,1297.0,215200.0,100.4575,687641.0,77.2,3.9,15.65,3.4868349120836584,3.8161935067360986,2.8632943527041155,-0.557312624665296,3.393622635778737,-5.051244509516839,0.0,0.21999999999999975,0.4500000000000002,0.5099999999999998,0.4900000000000002,0.4500000000000002,-0.34999999999999964,-0.7699999999999996,0.09999999999999964,-0.3200000000000003,-0.41999999999999993,-0.3899999999999997,-0.27999999999999936,0.0,0.0,2.6400000000000006,-0.46999999999999886,-2.200000000000003,4.991666666666666,-0.7699999999999996,-0.03500000000000014,-0.29000000000000004,-0.6399999999999997,2.750470916986162,-0.005613630746523092,3.157074141648697,3.3159099427102934,3.687206638119256,4.917719362889961,3.7619647313751337,3.9154727698627045,4.128747996485882,5.566741392671326,2.8632943527041155,3.390893713155063,3.2331922827038895,2.3111462286238282,5.33,5.33,5.33,4.65,3.9,3.8,3.7,3.5,2.565718292524414,2.66374994220563,2.8981194446869907,2.7587433154177283
2024-05-01,313.023,317.649,77.97,5.18,4.51,4.89,4.65,5.46,4.52,5.33,23286.508,1379.0,210250.0,100.2434,687602.0,69.1,3.9,12.92,3.3607951262196734,3.6260251717590952,3.1266315239534936,-0.9971062585799939,2.551551542593966,2.6805658972449686,0.0,-0.07000000000000028,-0.15000000000000036,-0.20000000000000018,-0.1800000000000006,-0.13999999999999968,-0.3799999999999999,-0.9500000000000002,0.14000000000000057,-0.3700000000000001,-0.5700000000000003,-0.34999999999999964,-0.3899999999999997,0.0,0.0,-2.7300000000000004,-5.519999999999996,-8.100000000000009,4.868333333333333,-0.9500000000000002,-0.09499999999999975,-0.4400000000000004,-0.8200000000000003,2.558776498354456,-0.06840272688440052,3.4868349120836584,3.0883429864855705,3.2512659098611785,4.950079879124369,3.8161935067360986,3.8583540949372663,4.027401561127464,5.514364195873522,2.8632943527041155,2.8632943527041155,3.390893713155063,2.792610476283919,5.33,5.33,5.33,4.83,3.9,3.7,3.9,3.4,2.750470916986162,2.5952547069568657,2.558776498354456,2.88703285663065
2024-06-01,313.175,318.095,82.83,5.09,4.36,4.71,4.51,5.48,4.33,5.33,23286.508,1329.0,222000.0,100.863,692774.0,68.2,3.9,12.44,3.244278584003113,3.394419668976645,3.1266315239534936,-0.06499644303002983,2.8004071808660713,-17.40211311373524,0.020000000000000462,-0.08999999999999986,-0.17999999999999972,-0.1899999999999995,-0.14999999999999947,-0.14000000000000057,-0.34999999999999964,-1.12,0.14999999999999947,-0.3799999999999999,-0.7700000000000005,-0.3799999999999999,-0.3899999999999997,0.0,0.0,-0.4800000000000004,4.859999999999999,-0.8999999999999915,4.746666666666666,-1.12,-0.20999999999999996,-0.6200000000000001,-0.9699999999999998,2.5209170873110334,0.060466177288664096,3.3607951262196734,3.157074141648697,3.1333462745911866,4.131851231385042,3.6260251717590952,3.7619647313751337,4.017980521102138,5.337547036084689,3.1266315239534936,2.8632943527041155,3.390893713155063,2.792610476283919,5.33,5.33,5.33,5.06,3.9,3.9,3.7,3.6,2.558776498354456,2.565718292524414,2.5217206229107165,2.6093342281630525
2024-07-01,313.044,318.39,79.36,4.73,4.09,4.29,4.35,5.41,3.97,5.33,23286.508,1318.0,234800.0,100.894,692449.0,66.4,4.1,16.36,2.9702579486470926,3.2654173234475614,3.1266315239534936,0.7734749239909133,2.2643058732833454,-7.183098591549298,-0.07000000000000028,-0.35999999999999943,-0.41999999999999993,-0.3599999999999999,-0.27000000000000046,-0.16000000000000014,-0.20000000000000018,-1.3200000000000003,0.2599999999999998,-0.31999999999999984,-1.12,-0.34999999999999964,-0.34999999999999964,0.0,0.19999999999999973,3.92,-3.469999999999999,-1.7999999999999972,4.473333333333333,-1.3200000000000003,-0.45999999999999996,-1.04,-1.2400000000000002,2.794839331174601,-0.042795851633555364,3.244278584003113,3.4868349120836584,3.3159099427102934,3.070617072997095,3.394419668976645,3.8161935067360986,3.9154727698627045,4.853596327155252,3.1266315239534936,2.8632943527041155,3.390893713155063,2.792610476283919,5.33,5.33,5.33,5.08,3.9,3.9,3.8,3.6,2.5209170873110334,2.750470916986162,2.66374994220563,2.612273245708441
2024-08-01,313.569,318.94,74.52,4.38,3.91,3.91,4.2,5.21,3.71,5.33,23478.57,1269.0,237250.0,99.9757,698835.0,67.9,4.2,15.0,2.9414757935583014,3.2301916105644812,2.7913896372876,-0.9226344732312097,3.008590497977659,-13.319672131147541,-0.20000000000000018,-0.35000000000000053,-0.3799999999999999,-0.26000000000000023,-0.17999999999999972,-0.14999999999999947,0.0,-1.2999999999999998,0.29000000000000004,-0.20000000000000018,-1.2999999999999998,-0.20000000000000018,-0.3799999999999999,0.0,0.10000000000000053,-1.3599999999999994,-4.840000000000003,1.5,4.22,-1.2999999999999998,-0.6500000000000004,-1.42,-1.42,2.70805020110221,-0.06292691724322969,2.9702579486470926,3.3607951262196734,3.0883429864855705,3.287749268428297,3.2654173234475614,3.6260251717590952,3.8583540949372663,4.700970557935236,3.1266315239534936,3.1266315239534936,2.8632943527041155,3.2331922827038895,5.33,5.33,5.33,5.12,4.1,3.9,3.7,3.5,2.794839331174601,2.558776498354456,2.5952547069568657,2.6078614738467776
2024-09-01,314.062,319.75,68.75,3.98,3.81,3.66,4.14,4.73,3.58,5.33,23478.57,1394.0,230600.0,100.4309,697039.0,70.1,4.2,16.73,2.607144490692037,3.2850959364300047,2.7913896372876,-0.4050008280501727,1.7939262948061696,5.526116578349738,-0.47999999999999954,-0.3999999999999999,-0.25,-0.1299999999999999,-0.10000000000000009,-0.0600000000000005,0.1499999999999999,-0.9200000000000004,0.3299999999999996,-0.08000000000000007,-1.0700000000000003,0.0,-0.34999999999999964,0.0,0.0,1.7300000000000004,-5.769999999999996,2.1999999999999886,3.983333333333334,-0.9200000000000004,-0.6100000000000003,-1.67,-1.52,2.8172035149987327,-0.08059080918670693,2.9414757935583014,3.244278584003113,3.157074141648697,3.722504803505289,3.2301916105644812,3.394419668976645,3.7619647313751337,4.399143440066089,2.7913896372876,3.1266315239534936,2.8632943527041155,3.2331922827038895,5.33,5.33,5.33,5.33,4.2,3.9,3.9,3.7,2.70805020110221,2.5209170873110334,2.565718292524414,2.8633430855082453
2024-10-01,314.732,320.732,69.58,4.27,4.28,4.16,4.47,4.64,4.15,5.13,23478.57,1357.0,224500.0,99.8084,703055.0,70.5,4.1,23.16,2.4264830315416708,3.2823574494668994,2.7913896372876,-1.2004422838397089,1.9802640835621554,-0.876552227903582,-0.09000000000000075,0.2899999999999996,0.5,0.5700000000000003,0.4700000000000002,0.33000000000000007,0.1200000000000001,-0.35999999999999943,0.1899999999999995,-0.009999999999999787,-0.47999999999999954,0.1499999999999999,-0.20000000000000018,-0.20000000000000018,-0.10000000000000053,6.43,0.8299999999999983,0.4000000000000057,4.328333333333333,-0.35999999999999943,-0.2999999999999998,-0.9699999999999998,-0.8499999999999996,3.1424266527047946,0.012000433177115261,2.607144490692037,2.9702579486470926,3.4868349120836584,3.687206638119256,3.2850959364300047,3.2654173234475614,3.8161935067360986,4.128747996485882,2.7913896372876,3.1266315239534936,2.8632943527041155,3.2331922827038895,5.33,5.33,5.33,5.33,4.2,4.1,3.9,3.7,2.8172035149987327,2.794839331174601,2.750470916986162,2.8981194446869907
2024-11-01,315.631,321.731,68.26,4.3,4.18,4.13,4.36,4.58,4.05,4.83,23586.542,1370.0,236250.0,99.4695,708290.0,71.8,4.1,13.51,2.578844053871343,3.298689706765301,2.3997884845648576,-0.9947356843759692,3.22700058879426,-0.7246376811594235,-0.05999999999999961,0.03000000000000025,-0.03000000000000025,-0.10000000000000053,-0.10000000000000053,-0.10999999999999943,0.04999999999999982,-0.40000000000000036,0.1800000000000006,-0.08000000000000007,-0.4500000000000002,0.1200000000000001,0.0,-0.2999999999999998,0.0,-9.65,-1.3199999999999932,1.2999999999999972,4.266666666666667,-0.40000000000000036,-0.25,-0.7000000000000002,-0.6500000000000004,2.6034301519721073,-0.01915322624523489,2.4264830315416708,2.9414757935583014,3.3607951262196734,3.2512659098611785,3.2823574494668994,3.2301916105644812,3.6260251717590952,4.027401561127464,2.7913896372876,2.7913896372876,3.1266315239534936,3.390893713155063,5.13,5.33,5.33,5.33,4.1,4.2,3.9,3.9,3.1424266527047946,2.70805020110221,2.558776498354456,2.558776498354456
2024-12-01,316.528,322.657,72.44,4.16,4.58,4.25,4.78,4.37,4.38,4.64,23586.542,1300.0,219200.0,99.2925,711853.0,74.0,4.2,17.35,2.719472461284833,3.2859356193500444,2.3997884845648576,-1.5579409481489392,3.87040949735018,-14.58607095926413,-0.20999999999999996,-0.13999999999999968,0.1200000000000001,0.33000000000000007,0.40000000000000036,0.41999999999999993,0.33000000000000007,0.20999999999999996,0.20000000000000018,0.1299999999999999,-0.1200000000000001,0.04999999999999982,0.1499999999999999,-0.1900000000000004,0.10000000000000053,3.8400000000000016,4.179999999999993,2.200000000000003,4.420000000000001,0.20999999999999996,-0.22499999999999964,-0.3899999999999997,-0.05999999999999961,2.8535925063928684,0.05943468953665161,2.578844053871343,2.607144490692037,3.244278584003113,3.1333462745911866,3.298689706765301,3.2850959364300047,3.394419668976645,4.017980521102138,2.3997884845648576,2.7913896372876,3.1266315239534936,3.390893713155063,4.83,5.33,5.33,5.33,4.1,4.2,3.9,3.7,2.6034301519721073,2.8172035149987327,2.5209170873110334,2.5217206229107165
2025-01-01,317.604,323.259,72.84,4.17,4.58,4.22,4.83,4.31,4.36,4.48,23586.542,1494.0,222750.0,100.3273,717265.0,71.7,4.1,16.43,2.870690967509981,3.2133335461932644,2.3997884845648576,-0.2741466217243804,4.515377901343043,-0.6648936170212782,-0.0600000000000005,0.009999999999999787,-0.03000000000000025,-0.019999999999999574,0.0,0.04999999999999982,0.3600000000000003,0.27000000000000046,0.25,0.14000000000000057,-0.08999999999999986,0.33000000000000007,0.1200000000000001,-0.15999999999999925,-0.10000000000000053,-0.9200000000000017,0.4000000000000057,-2.299999999999997,4.411666666666666,0.27000000000000046,-0.22500000000000053,-0.2600000000000007,0.09999999999999964,2.799108932049177,0.005506621844194737,2.719472461284833,2.4264830315416708,2.9702579486470926,3.3159099427102934,3.2859356193500444,3.2823574494668994,3.2654173234475614,3.9154727698627045,2.3997884845648576,2.7913896372876,3.1266315239534936,3.390893713155063,4.64,5.13,5.33,5.33,4.2,4.1,4.1,3.8,2.8535925063928684,3.1424266527047946,2.794839331174601,2.66374994220563
2025-02-01,318.961,324.638,69.97,4.08,4.24,3.99,4.51,4.32,4.03,4.33,23548.21,1353.0,215000.0,100.0647,711260.0,64.7,4.0,19.63,2.9909783078999608,3.282970485398584,2.0192730138857806,0.849002693950851,4.526964271018263,-1.8142235123367212,0.010000000000000675,-0.08999999999999986,-0.22999999999999954,-0.33000000000000007,-0.33999999999999986,-0.3200000000000003,0.25,-0.08000000000000007,0.2699999999999996,0.040000000000000036,-0.33000000000000007,0.3600000000000003,0.04999999999999982,-0.15000000000000036,-0.09999999999999964,3.1999999999999993,-2.8700000000000045,-7.0,4.195,-0.08000000000000007,-0.29000000000000004,-0.33999999999999986,-0.08999999999999986,2.9770590082883697,-0.04019867610160193,2.870690967509981,2.578844053871343,2.9414757935583014,3.0883429864855705,3.2133335461932644,3.298689706765301,3.2301916105644812,3.8583540949372663,2.3997884845648576,2.3997884845648576,2.7913896372876,2.8632943527041155,4.48,4.83,5.33,5.33,4.1,4.1,4.2,3.7,2.799108932049177,2.6034301519721073,2.70805020110221,2.5952547069568657
2025-03-01,319.679,325.465,71.87,4.03,4.23,3.89,4.59,4.32,3.96,4.33,23548.21,1491.0,225000.0,101.0993,711575.0,57.0,4.2,22.28,2.8015834477613355,3.13755688228059,2.0192730138857806,0.8119858403550007,3.8371176745271907,-4.1157556270096425,0.0,-0.04999999999999982,-0.10000000000000009,-0.07000000000000028,-0.009999999999999787,0.08000000000000007,0.3400000000000003,-0.08999999999999986,0.35999999999999943,0.06999999999999984,-0.43000000000000016,0.25,0.33000000000000007,0.0,0.20000000000000018,2.650000000000002,1.9000000000000057,-7.700000000000003,4.170000000000001,-0.08999999999999986,-0.38500000000000023,-0.43999999999999995,-0.09999999999999964,3.1036894150590832,0.026792352722546004,2.9909783078999608,2.719472461284833,2.607144490692037,3.157074141648697,3.282970485398584,3.2859356193500444,3.2850959364300047,3.7619647313751337,2.0192730138857806,2.3997884845648576,2.7913896372876,2.8632943527041155,4.33,4.64,5.33,5.33,4.0,4.2,4.2,3.9,2.9770590082883697,2.8535925063928684,2.8172035149987327,2.565718292524414
2025-04-01,319.785,325.69,59.55,3.85,4.17,3.6,4.66,4.31,3.72,4.33,23548.21,1346.0,223000.0,101.0404,723339.0,52.2,4.2,24.7,2.381981462805549,2.808783050077035,2.0192730138857806,0.5802453773984029,5.191371660503075,3.7779491133384635,-0.010000000000000675,-0.18000000000000016,-0.29000000000000004,-0.23999999999999977,-0.0600000000000005,0.07000000000000028,0.5699999999999998,-0.13999999999999968,0.4900000000000002,0.1200000000000001,-0.7099999999999995,0.3400000000000003,0.3600000000000003,0.0,0.0,2.419999999999998,-12.320000000000007,-4.799999999999997,4.051666666666667,-0.13999999999999968,-0.6400000000000001,-0.73,-0.16000000000000014,3.2068032436339315,-0.1880426356790422,2.8015834477613355,2.870690967509981,2.4264830315416708,3.4868349120836584,3.13755688228059,3.2133335461932644,3.2823574494668994,3.8161935067360986,2.0192730138857806,2.3997884845648576,2.7913896372876,2.8632943527041155,4.33,4.48,5.13,5.33,4.2,4.1,4.1,3.9,3.1036894150590832,2.799108932049177,3.1424266527047946,2.750470916986162
2025-05-01,320.302,326.467,61.46,4.11,4.41,3.89,4.92,4.36,3.96,4.33,23770.976,1400.0,225750.0,101.1279,722442.0,52.2,4.2,18.57,2.32538823025783,2.7760200724699313,2.0804665087611918,0.8823523543694645,5.066884622208767,1.522842639593902,0.05000000000000071,0.26000000000000023,0.29000000000000004,0.23999999999999977,0.2400000000000002,0.2599999999999998,0.52,0.04999999999999982,0.5099999999999998,0.06999999999999984,-0.4700000000000002,0.5699999999999998,0.25,0.0,0.0,-6.129999999999999,1.9100000000000037,0.0,4.2749999999999995,0.04999999999999982,-0.49499999999999966,-0.43999999999999995,0.08000000000000007,2.9215473753646144,0.03157026090102944,2.381981462805549,2.9909783078999608,2.578844053871343,3.3607951262196734,2.808783050077035,3.282970485398584,3.298689706765301,3.6260251717590952,2.0192730138857806,2.0192730138857806,2.3997884845648576,3.1266315239534936,4.33,4.33,4.83,5.33,4.2,4.0,4.1,3.9,3.2068032436339315,2.9770590082883697,2.6034301519721073,2.558776498354456
2025-06-01,320.62,326.893,66.3,3.96,4.24,3.72,4.78,4.41,3.79,4.33,23770.976,1289.0,231800.0,100.9655,714513.0,60.7,4.3,16.73,2.3772651073680873,2.7658403935930886,2.0804665087611918,0.10162299356553106,3.1379641845681316,-3.009781790820165,0.04999999999999982,-0.15000000000000036,-0.16999999999999993,-0.16999999999999993,-0.16999999999999993,-0.13999999999999968,0.52,-0.16999999999999993,0.54,0.06999999999999984,-0.69,0.52,0.3400000000000003,0.0,0.09999999999999964,-1.8399999999999999,4.839999999999996,8.5,4.150000000000001,-0.16999999999999993,-0.605,-0.6099999999999999,-0.08999999999999986,2.8172035149987327,0.07580334048947822,2.32538823025783,2.8015834477613355,2.719472461284833,3.244278584003113,2.7760200724699313,3.13755688228059,3.2859356193500444,3.394419668976645,2.0804665087611918,2.0192730138857806,2.3997884845648576,3.1266315239534936,4.33,4.33,4.64,5.33,4.2,4.2,4.2,3.9,2.9215473753646144,3.1036894150590832,2.8535925063928684,2.5209170873110334
2025-07-01,321.435,327.658,70.36,4.1,4.37,3.94,4.89,4.41,3.96,4.33,23770.976,1379.0,239000.0,101.4785,719484.0,61.7,4.1,16.72,2.680453865910226,2.910895442696071,2.0804665087611918,0.5793208714095943,3.9042586529838275,4.628224582701068,0.0,0.13999999999999968,0.21999999999999975,0.16999999999999993,0.1299999999999999,0.10999999999999943,0.43000000000000016,-0.040000000000000036,0.5199999999999996,0.020000000000000018,-0.4700000000000002,0.52,0.5699999999999998,0.0,-0.20000000000000018,-0.010000000000001563,4.060000000000002,1.0,4.278333333333333,-0.040000000000000036,-0.4500000000000006,-0.3900000000000001,0.040000000000000036,2.8166056076565553,0.059435022677540604,2.3772651073680873,2.381981462805549,2.870690967509981,2.9702579486470926,2.7658403935930886,2.808783050077035,3.2133335461932644,3.2654173234475614,2.0804665087611918,2.0192730138857806,2.3997884845648576,3.1266315239534936,4.33,4.33,4.48,5.33,4.3,4.2,4.1,4.1,2.8172035149987327,3.2068032436339315,2.799108932049177,2.794839331174601
2025-08-01,322.169,328.682,64.36,3.83,4.23,3.59,4.92,4.23,3.68,4.33,24026.834,1432.0,221500.0,101.894,727176.0,58.2,4.3,15.36,2.742618052167134,3.0544930080893096,2.335167772142843,1.9187662602012212,4.055463736075038,12.844759653270298,-0.17999999999999972,-0.2699999999999996,-0.3500000000000001,-0.2799999999999998,-0.13999999999999968,0.03000000000000025,0.6400000000000006,0.0,0.6899999999999995,0.0900000000000003,-0.6400000000000006,0.43000000000000016,0.52,0.0,0.20000000000000018,-1.3599999999999994,-6.0,-3.5,4.080000000000001,0.0,-0.6400000000000006,-0.7400000000000002,-0.09999999999999964,2.731766727719526,-0.08913259774517499,2.680453865910226,2.32538823025783,2.9909783078999608,2.9414757935583014,2.910895442696071,2.7760200724699313,3.282970485398584,3.2301916105644812,2.0804665087611918,2.0804665087611918,2.0192730138857806,2.7913896372876,4.33,4.33,4.33,5.33,4.1,4.2,4.0,4.2,2.8166056076565553,2.9215473753646144,2.9770590082883697,2.70805020110221
2025-09-01,323.291,329.7,63.17,3.68,4.16,3.6,4.73,4.02,3.74,4.33,24026.834,1291.0,229600.0,101.6247,731700.0,55.1,4.3,16.28,2.9385917430316155,3.111806098514469,2.335167772142843,1.1886779865559305,4.972605550048126,-7.3888091822094655,-0.21000000000000085,-0.1499999999999999,0.010000000000000231,0.06000000000000005,-0.07000000000000028,-0.1899999999999995,0.56,0.14000000000000057,0.5700000000000003,0.14000000000000012,-0.4199999999999995,0.6400000000000006,0.52,0.0,0.0,0.9200000000000017,-1.1899999999999977,-3.1000000000000014,3.9883333333333333,0.14000000000000057,-0.48999999999999977,-0.73,-0.16999999999999993,2.7899373605743945,-0.01866281721357342,2.742618052167134,2.3772651073680873,2.8015834477613355,2.607144490692037,3.0544930080893096,2.7658403935930886,3.13755688228059,3.2850959364300047,2.335167772142843,2.0804665087611918,2.0192730138857806,2.7913896372876,4.33,4.33,4.33,5.33,4.3,4.3,4.2,4.2,2.731766727719526,2.8172035149987327,3.1036894150590832,2.8172035149987327
